dataset,cv,model,fold,n_train,n_test,positive_test,negative_test,roc_auc,average_precision,balanced_accuracy,precision,recall,f1,tn,fp,fn,tp
western_core_full_climate_v1,stratified_kfold,dummy_stratified,1,379,95,32,63,0.4265873015873016,0.31323763955342904,0.42658730158730157,0.24242424242424243,0.25,0.24615384615384617,38,25,24,8
western_core_full_climate_v1,stratified_kfold,dummy_stratified,2,379,95,32,63,0.4265873015873016,0.31323763955342904,0.42658730158730157,0.24242424242424243,0.25,0.24615384615384617,38,25,24,8
western_core_full_climate_v1,stratified_kfold,dummy_stratified,3,379,95,32,63,0.4265873015873016,0.31323763955342904,0.42658730158730157,0.24242424242424243,0.25,0.24615384615384617,38,25,24,8
western_core_full_climate_v1,stratified_kfold,dummy_stratified,4,379,95,31,64,0.4097782258064516,0.3005299171682873,0.4097782258064516,0.21212121212121213,0.22580645161290322,0.21875,38,26,24,7
western_core_full_climate_v1,stratified_kfold,dummy_stratified,5,380,94,31,63,0.4065540194572453,0.30321748715708907,0.4065540194572453,0.21212121212121213,0.22580645161290322,0.21875,37,26,24,7
western_core_full_climate_v1,groupkfold_state,dummy_stratified,1,300,174,58,116,0.5043103448275862,0.33528151178647964,0.5043103448275863,0.3389830508474576,0.3448275862068966,0.3418803418803419,77,39,38,20
western_core_full_climate_v1,groupkfold_state,dummy_stratified,2,363,111,37,74,0.4594594594594595,0.3183183183183183,0.4594594594594595,0.2777777777777778,0.2702702702702703,0.273972602739726,48,26,27,10
western_core_full_climate_v1,groupkfold_state,dummy_stratified,3,390,84,28,56,0.4285714285714285,0.3113553113553113,0.4285714285714286,0.23076923076923078,0.21428571428571427,0.2222222222222222,36,20,22,6
western_core_full_climate_v1,groupkfold_state,dummy_stratified,4,420,54,18,36,0.3888888888888889,0.30718954248366015,0.3888888888888889,0.17647058823529413,0.16666666666666666,0.17142857142857143,22,14,15,3
western_core_full_climate_v1,groupkfold_state,dummy_stratified,5,423,51,17,34,0.3970588235294118,0.30759803921568624,0.3970588235294118,0.1875,0.17647058823529413,0.18181818181818182,21,13,14,3
western_core_full_climate_v1,stratified_kfold,logistic_regression,1,379,95,32,63,0.9796626984126984,0.9586843781523258,0.9057539682539683,0.875,0.875,0.875,59,4,4,28
western_core_full_climate_v1,stratified_kfold,logistic_regression,2,379,95,32,63,0.9295634920634921,0.8621702245115604,0.9055059523809523,0.8285714285714286,0.90625,0.8656716417910447,57,6,3,29
western_core_full_climate_v1,stratified_kfold,logistic_regression,3,379,95,32,63,0.9662698412698413,0.9359025851186449,0.9052579365079365,0.7894736842105263,0.9375,0.8571428571428571,55,8,2,30
western_core_full_climate_v1,stratified_kfold,logistic_regression,4,379,95,31,64,0.9798387096774194,0.9610291145382396,0.9281754032258065,0.9032258064516129,0.9032258064516129,0.9032258064516129,61,3,3,28
western_core_full_climate_v1,stratified_kfold,logistic_regression,5,380,94,31,63,0.9334357398873528,0.8673424841109032,0.8635432667690732,0.8333333333333334,0.8064516129032258,0.819672131147541,58,5,6,25
western_core_full_climate_v1,groupkfold_state,logistic_regression,1,300,174,58,116,0.959423305588585,0.8707189311660204,0.9051724137931034,0.8387096774193549,0.896551724137931,0.8666666666666667,106,10,6,52
western_core_full_climate_v1,groupkfold_state,logistic_regression,2,363,111,37,74,0.8411249086924762,0.8567474468231782,0.8108108108108107,1.0,0.6216216216216216,0.7666666666666667,74,0,14,23
western_core_full_climate_v1,groupkfold_state,logistic_regression,3,390,84,28,56,0.7716836734693877,0.5937275485595546,0.6160714285714286,0.45714285714285713,0.5714285714285714,0.5079365079365079,37,19,12,16
western_core_full_climate_v1,groupkfold_state,logistic_regression,4,420,54,18,36,0.9182098765432098,0.8117792467932522,0.7361111111111112,0.9,0.5,0.6428571428571429,35,1,9,9
western_core_full_climate_v1,groupkfold_state,logistic_regression,5,423,51,17,34,0.7673010380622836,0.7173029314925146,0.7352941176470589,0.6470588235294118,0.6470588235294118,0.6470588235294118,28,6,6,11
western_core_full_climate_v1,stratified_kfold,random_forest,1,379,95,32,63,0.9826388888888888,0.9693035441028564,0.9136904761904762,0.9032258064516129,0.875,0.8888888888888888,60,3,4,28
western_core_full_climate_v1,stratified_kfold,random_forest,2,379,95,32,63,0.9890873015873015,0.9803396324074924,0.9685019841269842,0.9393939393939394,0.96875,0.9538461538461539,61,2,1,31
western_core_full_climate_v1,stratified_kfold,random_forest,3,379,95,32,63,0.9871031746031746,0.9749165287684238,0.9444444444444444,0.8205128205128205,1.0,0.9014084507042254,56,7,0,32
western_core_full_climate_v1,stratified_kfold,random_forest,4,379,95,31,64,0.9848790322580645,0.9686441468333865,0.936491935483871,0.8787878787878788,0.9354838709677419,0.90625,60,4,2,29
western_core_full_climate_v1,stratified_kfold,random_forest,5,380,94,31,63,0.9564772145417306,0.9130876872708631,0.8474142345110087,0.8275862068965517,0.7741935483870968,0.8,58,5,7,24
western_core_full_climate_v1,groupkfold_state,random_forest,1,300,174,58,116,0.9615041617122473,0.9232264470224603,0.8275862068965518,0.9090909090909091,0.6896551724137931,0.7843137254901961,112,4,18,40
western_core_full_climate_v1,groupkfold_state,random_forest,2,363,111,37,74,0.9864864864864864,0.973283980150812,0.8243243243243243,1.0,0.6486486486486487,0.7868852459016393,74,0,13,24
western_core_full_climate_v1,groupkfold_state,random_forest,3,390,84,28,56,0.9330357142857144,0.8532619417440847,0.8303571428571428,0.6341463414634146,0.9285714285714286,0.7536231884057971,41,15,2,26
western_core_full_climate_v1,groupkfold_state,random_forest,4,420,54,18,36,0.9583333333333334,0.9381662636564598,0.8472222222222222,0.9285714285714286,0.7222222222222222,0.8125,35,1,5,13
western_core_full_climate_v1,groupkfold_state,random_forest,5,423,51,17,34,0.9394463667820069,0.8999017962685782,0.8088235294117647,0.625,0.8823529411764706,0.7317073170731707,25,9,2,15
western_core_full_climate_v1,stratified_kfold,hist_gradient_boosting,1,379,95,32,63,0.9880952380952381,0.9778101386062055,0.9216269841269842,0.9333333333333333,0.875,0.9032258064516129,61,2,4,28
western_core_full_climate_v1,stratified_kfold,hist_gradient_boosting,2,379,95,32,63,0.9955357142857142,0.9911841003592254,0.9761904761904762,0.9142857142857143,1.0,0.9552238805970149,60,3,0,32
western_core_full_climate_v1,stratified_kfold,hist_gradient_boosting,3,379,95,32,63,0.9920634920634921,0.9867502349418655,0.9370039682539683,0.8823529411764706,0.9375,0.9090909090909091,59,4,2,30
western_core_full_climate_v1,stratified_kfold,hist_gradient_boosting,4,379,95,31,64,0.9808467741935484,0.962899939498975,0.896421370967742,0.84375,0.8709677419354839,0.8571428571428571,59,5,4,27
western_core_full_climate_v1,stratified_kfold,hist_gradient_boosting,5,380,94,31,63,0.959037378392217,0.9290873022630686,0.8876088069636456,0.8666666666666667,0.8387096774193549,0.8524590163934426,59,4,5,26
western_core_full_climate_v1,groupkfold_state,hist_gradient_boosting,1,300,174,58,116,0.9574910820451843,0.9106400721437827,0.8448275862068966,0.8775510204081632,0.7413793103448276,0.8037383177570093,110,6,15,43
western_core_full_climate_v1,groupkfold_state,hist_gradient_boosting,2,363,111,37,74,0.9265887509130752,0.8838789622893267,0.7364864864864865,0.9473684210526315,0.4864864864864865,0.6428571428571429,73,1,19,18
western_core_full_climate_v1,groupkfold_state,hist_gradient_boosting,3,390,84,28,56,0.9426020408163265,0.9144061328649177,0.8928571428571428,0.8571428571428571,0.8571428571428571,0.8571428571428571,52,4,4,24
western_core_full_climate_v1,groupkfold_state,hist_gradient_boosting,4,420,54,18,36,0.941358024691358,0.9404771087559074,0.8611111111111112,1.0,0.7222222222222222,0.8387096774193549,36,0,5,13
western_core_full_climate_v1,groupkfold_state,hist_gradient_boosting,5,423,51,17,34,0.9359861591695501,0.8225239421606203,0.8088235294117647,0.625,0.8823529411764706,0.7317073170731707,25,9,2,15
