feature,rf_gini_importance,permutation_importance_mean,permutation_importance_std,dataset
geochem1_usgs_Cu_value_nearest,0.0179716901328739,6.208940874860013e-05,3.2849742562975624e-05,western_core_extended_v1
geochem1_usgs_Cu_value_mean_25km,0.016154378914692007,5.2074987982686503e-05,2.716844248967671e-05,western_core_extended_v1
geochem1_usgs_Cu_value_median_5km,0.01826040754087738,5.007210382945715e-05,3.1350095822976035e-05,western_core_extended_v1
geochem1_usgs_Ag_value_median_25km,0.0014717197965637204,4.206056721679507e-05,1.8895171310804302e-05,western_core_extended_v1
geochem1_usgs_Cu_value_p95_25km,0.010288395647033901,3.204614645089254e-05,2.2303174021916404e-05,western_core_extended_v1
geochem1_usgs_Cu_value_median_10km,0.003304921589409817,3.0043262297718698e-05,2.411791896088093e-05,western_core_extended_v1
geochem1_usgs_Bi_value_max_25km,0.011169191474363162,2.804037814453375e-05,2.7168442489696354e-05,western_core_extended_v1
geochem1_usgs_Cu_value_median_25km,0.003464085230352066,2.804037814452265e-05,2.0425490761039762e-05,western_core_extended_v1
geochem1_usgs_Cu_value_max_25km,0.017675792988648825,2.2031725684978908e-05,3.632902809486898e-05,western_core_extended_v1
geochem1_usgs_As_value_median_10km,0.002404374479636564,2.0028841531849473e-05,0.0,western_core_extended_v1
geochem1_usgs_Zn_value_p95_5km,0.01047834730231104,2.0028841531816167e-05,1.791434047025251e-05,western_core_extended_v1
geochem1_usgs_Sb_value_median_5km,0.0006921605534861718,1.8025957378664526e-05,6.008652459517835e-06,western_core_extended_v1
geochem1_usgs_Zn_value_max_10km,0.02090648123367331,1.602307322549068e-05,1.746073923868152e-05,western_core_extended_v1
geochem1_usgs_Sb_value_median_50km,0.0018448526798058296,1.6023073225468477e-05,8.011536612678727e-06,western_core_extended_v1
geochem1_usgs_Sb_value_median_10km,0.001100248115234347,1.602307322544627e-05,8.01153661269538e-06,western_core_extended_v1
geochem1_usgs_Au_value_p95_50km,0.0010832777817350418,1.602307322544627e-05,1.2017304919098582e-05,western_core_extended_v1
geochem1_usgs_As_value_median_5km,0.0025345404145796263,1.602307322542407e-05,8.011536612712033e-06,western_core_extended_v1
geochem1_usgs_As_value_mean_5km,0.0019256013032718572,1.4020189072272427e-05,9.178368240183013e-06,western_core_extended_v1
geochem2_nure_W_ppm_mean_50km,0.0011343588778643192,1.4020189072272427e-05,9.178368240158785e-06,western_core_extended_v1
geochem1_usgs_As_value_mean_50km,0.0016667142547240126,1.4020189072250221e-05,9.178368240168477e-06,western_core_extended_v1
geochem1_usgs_Sb_value_mean_25km,0.0017575303311187136,1.2017304919109683e-05,1.3285630469276145e-05,western_core_extended_v1
geochem2_nure_W_ppm_median_25km,0.00033707584818327665,1.2017304919109683e-05,1.3285630469276147e-05,western_core_extended_v1
geochem2_nure_W_ppm_max_50km,0.0011586426446376886,1.2017304919098582e-05,9.812088378409936e-06,western_core_extended_v1
geochem1_usgs_As_value_p95_50km,0.0017687310176795878,1.2017304919087479e-05,9.812088378378207e-06,western_core_extended_v1
geochem1_usgs_Au_value_mean_50km,0.0015551383784699298,1.2017304919087479e-05,1.8356736480349066e-05,western_core_extended_v1
geochem1_usgs_Zn_value_median_10km,0.0018402853202454824,1.0014420765924736e-05,1.0014420765924735e-05,western_core_extended_v1
geochem1_usgs_Pb_value_max_5km,0.009188924317603389,1.0014420765913633e-05,1.3435755352711105e-05,western_core_extended_v1
geochem1_usgs_As_value_p95_10km,0.006225903623900964,1.0014420765913633e-05,1.0014420765913633e-05,western_core_extended_v1
geochem1_usgs_Bi_value_mean_25km,0.014802871591915035,1.001442076589143e-05,1.3435755352694556e-05,western_core_extended_v1
geochem1_usgs_As_value_p95_5km,0.002686281635417831,8.011536612728687e-06,9.812088378405402e-06,western_core_extended_v1
geochem1_usgs_W_value_mean_50km,0.0013777158721253568,8.011536612728687e-06,1.3285630469299578e-05,western_core_extended_v1
geochem1_usgs_Zn_value_mean_5km,0.005804296045000819,6.0086524595548415e-06,1.564302530826288e-05,western_core_extended_v1
geochem1_usgs_Mo_value_max_10km,0.015248659959570159,4.005768306380997e-06,1.4988212573171547e-05,western_core_extended_v1
geochem1_usgs_Pb_value_mean_5km,0.006335076570590919,4.005768306380997e-06,1.2017304919068976e-05,western_core_extended_v1
geochem1_usgs_Ag_value_mean_10km,0.0032612991369319723,4.005768306369895e-06,1.4988212573189348e-05,western_core_extended_v1
geochem2_nure_Re_ppm_median_50km,0.00043019204106794405,4.005768306358792e-06,8.011536612717584e-06,western_core_extended_v1
geochem1_usgs_Pb_value_p95_5km,0.003711869617820422,2.002884153229356e-06,1.6637205301474467e-05,western_core_extended_v1
geochem1_usgs_Ag_value_p95_10km,0.01082194074773607,2.0028841532071516e-06,2.4448316807649183e-05,western_core_extended_v1
geochem1_usgs_Zn_value_max_5km,0.019688821264966634,2.0028841531960495e-06,1.6637205301478478e-05,western_core_extended_v1
geochem1_usgs_Zn_value_p95_10km,0.004300282086774376,2.0028841531849474e-06,6.008652459517835e-06,western_core_extended_v1
geochem2_nure_Re_ppm_p95_50km,0.000850777237414698,2.002884153173845e-06,6.008652459558543e-06,western_core_extended_v1
geochem1_usgs_As_value_mean_25km,0.0012019154538481576,2.002884153162743e-06,1.6637205301482486e-05,western_core_extended_v1
geochem2_nure_Sb_ppm_max_25km,0.000855290014930532,6.661338147750939e-17,5.438959822042074e-17,western_core_extended_v1
geochem2_nure_Zn_ppm_nearest,0.0006393838476780591,6.661338147750939e-17,5.438959822042074e-17,western_core_extended_v1
geochem1_usgs_Mo_value_max_25km,0.0005294926267111439,6.661338147750939e-17,5.438959822042074e-17,western_core_extended_v1
geochem2_nure_Sb_ppm_median_50km,0.00031169489819187065,6.661338147750939e-17,5.438959822042073e-17,western_core_extended_v1
geochem2_nure_Ag_ppm_p95_10km,0.00012805171114893012,6.661338147750939e-17,5.438959822042073e-17,western_core_extended_v1
geochem1_usgs_Re_value_mean_10km,0.0001252715823010936,6.661338147750939e-17,5.438959822042074e-17,western_core_extended_v1
geochem2_nure_Zn_ppm_mean_5km,0.00011534834041193945,6.661338147750939e-17,5.438959822042074e-17,western_core_extended_v1
geochem2_nure_Sb_ppm_p95_25km,9.605361285931424e-05,6.661338147750939e-17,5.438959822042073e-17,western_core_extended_v1
geochem2_nure_Sb_ppm_median_25km,0.0003728672683981295,5.551115123125783e-17,5.551115123125783e-17,western_core_extended_v1
geochem2_nure_Ag_ppm_mean_10km,0.0003391415885872055,5.551115123125783e-17,5.551115123125783e-17,western_core_extended_v1
geochem2_nure_Ag_ppm_nearest,0.00032013083696039103,5.551115123125783e-17,5.551115123125783e-17,western_core_extended_v1
geochem2_nure_W_ppm_p95_5km,0.00020412798860856168,5.551115123125783e-17,5.551115123125783e-17,western_core_extended_v1
geochem2_nure_Re_ppm_mean_10km,0.00018823284188530654,5.551115123125783e-17,5.551115123125783e-17,western_core_extended_v1
gravity_na_grav_anom_max_5km,0.0009199331562267101,4.4408920985006264e-17,5.438959822042074e-17,western_core_extended_v1
geochem1_usgs_Pb_value_mean_50km,0.0005903581499916255,4.4408920985006264e-17,5.438959822042074e-17,western_core_extended_v1
geochem2_nure_W_ppm_nearest,0.00038306402207592325,4.4408920985006264e-17,5.438959822042074e-17,western_core_extended_v1
geochem1_usgs_Zn_value_median_50km,0.0003673277981476244,4.4408920985006264e-17,5.438959822042074e-17,western_core_extended_v1
geochem2_nure_Au_sq_ppm_p95_10km,0.0003524928468067865,4.4408920985006264e-17,5.438959822042073e-17,western_core_extended_v1
geochem1_usgs_Mo_value_nearest,0.00033702647387293415,4.4408920985006264e-17,7.364386412590296e-17,western_core_extended_v1
geochem2_nure_Au_sq_ppm_max_10km,0.00031448055578811997,4.4408920985006264e-17,5.438959822042074e-17,western_core_extended_v1
geochem2_nure_As_ppm_mean_10km,0.00011615725721638856,4.4408920985006264e-17,5.438959822042073e-17,western_core_extended_v1
geochem2_nure_Ag_ppm_median_10km,5.0635526519539826e-05,4.4408920985006264e-17,5.438959822042073e-17,western_core_extended_v1
geochem1_usgs_Au_value_p95_5km,0.0012618617178039517,3.3306690738754695e-17,5.087681048627601e-17,western_core_extended_v1
geochem1_usgs_Pb_value_mean_25km,0.0011985243468560704,3.3306690738754695e-17,5.087681048627601e-17,western_core_extended_v1
geochem1_usgs_Au_value_median_25km,0.001151578741581374,3.3306690738754695e-17,5.087681048627601e-17,western_core_extended_v1
geochem1_usgs_Mo_value_mean_25km,0.0010784393579260927,3.3306690738754695e-17,5.087681048627601e-17,western_core_extended_v1
geochem1_usgs_Pb_value_median_50km,0.0007914434427302006,3.3306690738754695e-17,5.087681048627602e-17,western_core_extended_v1
geochem1_usgs_W_value_median_10km,0.0007230159905702533,3.3306690738754695e-17,5.087681048627601e-17,western_core_extended_v1
geochem2_nure_As_ppm_p95_10km,0.0003571567251730294,3.3306690738754695e-17,5.087681048627601e-17,western_core_extended_v1
geochem2_nure_W_ppm_mean_10km,0.0002528619067957002,3.3306690738754695e-17,5.087681048627602e-17,western_core_extended_v1
geochem2_nure_Ag_ppm_p95_5km,0.00019610487112153166,3.3306690738754695e-17,5.087681048627601e-17,western_core_extended_v1
geochem2_nure_Zn_ppm_p95_10km,0.0001870461691491824,3.3306690738754695e-17,5.087681048627602e-17,western_core_extended_v1
geochem2_nure_As_ppm_mean_25km,0.00010897012986667226,3.3306690738754695e-17,5.087681048627601e-17,western_core_extended_v1
geochem1_usgs_Bi_value_mean_10km,0.007511699305985293,2.2204460492503132e-17,4.440892098500627e-17,western_core_extended_v1
geochem1_usgs_Pb_value_mean_10km,0.0054513804039880405,2.2204460492503132e-17,4.440892098500627e-17,western_core_extended_v1
geochem1_usgs_Mo_value_mean_5km,0.004716141939468481,2.2204460492503132e-17,1.2667351627008934e-05,western_core_extended_v1
geochem1_usgs_Pb_value_p95_25km,0.00404933318282669,2.2204460492503132e-17,4.440892098500627e-17,western_core_extended_v1
geochem1_usgs_Pb_value_p95_10km,0.0035512767952654025,2.2204460492503132e-17,6.66133814775094e-17,western_core_extended_v1
geochem1_usgs_Mo_value_p95_25km,0.0031687336381479186,2.2204460492503132e-17,1.791434047025251e-05,western_core_extended_v1
geochem1_usgs_Sb_value_median_25km,0.0016546097225146438,2.2204460492503132e-17,4.440892098500627e-17,western_core_extended_v1
geochem1_usgs_Zn_value_mean_25km,0.001600874763489471,2.2204460492503132e-17,6.66133814775094e-17,western_core_extended_v1
geochem1_usgs_Au_value_max_50km,0.0014419920247710004,2.2204460492503132e-17,4.440892098500627e-17,western_core_extended_v1
geochem1_usgs_Cu_value_p95_50km,0.0011438450965494849,2.2204460492503132e-17,4.440892098500627e-17,western_core_extended_v1
gravity_na_grav_anom_p95_25km,0.0010729983802793622,2.2204460492503132e-17,4.440892098500627e-17,western_core_extended_v1
geochem1_usgs_Zn_value_p95_50km,0.0008792754823524251,2.2204460492503132e-17,4.440892098500627e-17,western_core_extended_v1
geochem2_nure_Sb_ppm_nearest,0.0007083730241744108,2.2204460492503132e-17,4.440892098500627e-17,western_core_extended_v1
geochem2_nure_Sb_ppm_mean_50km,0.0006975261033246808,2.2204460492503132e-17,4.440892098500627e-17,western_core_extended_v1
geochem2_nure_Bi_ppm_median_25km,0.000690356916115614,2.2204460492503132e-17,4.440892098500627e-17,western_core_extended_v1
geochem1_usgs_Ag_value_nearest,0.0006201051592632901,2.2204460492503132e-17,4.440892098500627e-17,western_core_extended_v1
geochem2_nure_As_ppm_median_50km,0.0005971724468211812,2.2204460492503132e-17,4.440892098500627e-17,western_core_extended_v1
geochem2_nure_Pb_ppm_nearest,0.0005900093316687993,2.2204460492503132e-17,4.440892098500627e-17,western_core_extended_v1
geochem2_nure_Ag_ppm_max_25km,0.0005484420373568448,2.2204460492503132e-17,4.440892098500627e-17,western_core_extended_v1
geochem2_nure_Zn_ppm_max_10km,0.00047136949508629376,2.2204460492503132e-17,4.440892098500627e-17,western_core_extended_v1
geochem1_usgs_As_value_max_50km,0.00045814621862398457,2.2204460492503132e-17,4.440892098500627e-17,western_core_extended_v1
geochem1_usgs_Au_value_max_5km,0.00034724495084451843,2.2204460492503132e-17,4.440892098500627e-17,western_core_extended_v1
geochem1_usgs_W_value_p95_5km,0.0003431345198675749,2.2204460492503132e-17,4.440892098500627e-17,western_core_extended_v1
geochem2_nure_Pb_ppm_median_25km,0.00029558291530331563,2.2204460492503132e-17,4.440892098500627e-17,western_core_extended_v1
geochem1_usgs_Pb_value_nearest,0.0002904975921696519,2.2204460492503132e-17,4.440892098500627e-17,western_core_extended_v1
geochem2_nure_Pb_ppm_p95_5km,0.00028282913362045754,2.2204460492503132e-17,4.440892098500627e-17,western_core_extended_v1
geochem2_nure_Pb_ppm_median_50km,0.0002310961592657704,2.2204460492503132e-17,4.440892098500627e-17,western_core_extended_v1
geochem2_nure_As_ppm_p95_50km,0.00015153636614943745,2.2204460492503132e-17,6.66133814775094e-17,western_core_extended_v1
geochem1_usgs_Au_value_max_10km,0.002701609349960317,1.1102230246251566e-17,3.33066907387547e-17,western_core_extended_v1
geochem1_usgs_Pb_value_median_10km,0.0013272963003365772,1.1102230246251566e-17,3.33066907387547e-17,western_core_extended_v1
geochem1_usgs_Zn_value_p95_25km,0.0011866164507563697,1.1102230246251566e-17,3.33066907387547e-17,western_core_extended_v1
geochem1_usgs_Au_value_median_10km,0.0010478200454646014,1.1102230246251566e-17,3.33066907387547e-17,western_core_extended_v1
geochem1_usgs_Au_value_mean_5km,0.0010312828569417289,1.1102230246251566e-17,3.33066907387547e-17,western_core_extended_v1
geochem1_usgs_Mo_value_median_5km,0.0007003574654731689,1.1102230246251566e-17,5.978733960281817e-17,western_core_extended_v1
geochem1_usgs_W_value_median_50km,0.0006847639114645155,1.1102230246251566e-17,3.33066907387547e-17,western_core_extended_v1
geochem2_nure_As_ppm_max_10km,0.0005739183495328021,1.1102230246251566e-17,3.33066907387547e-17,western_core_extended_v1
geochem2_nure_Re_ppm_max_50km,0.00036996042062762313,1.1102230246251566e-17,3.33066907387547e-17,western_core_extended_v1
geochem2_nure_As_ppm_max_50km,0.00036130828571290973,1.1102230246251566e-17,3.33066907387547e-17,western_core_extended_v1
geochem2_nure_As_ppm_median_10km,0.00020294367027156218,1.1102230246251566e-17,3.33066907387547e-17,western_core_extended_v1
geochem2_nure_Ag_ppm_max_10km,0.00012900295869369506,1.1102230246251566e-17,3.33066907387547e-17,western_core_extended_v1
geochem2_nure_Au_sq_ppm_max_50km,9.024872155747391e-05,1.1102230246251566e-17,3.33066907387547e-17,western_core_extended_v1
geochem1_usgs_Sb_value_max_10km,0.004088617482702421,0.0,0.0,western_core_extended_v1
geochem1_usgs_Zn_value_mean_10km,0.0035508081852126203,0.0,8.957170235157287e-06,western_core_extended_v1
geochem1_usgs_As_value_max_5km,0.0016992966514164953,0.0,4.965068306494546e-17,western_core_extended_v1
geochem1_usgs_W_value_max_5km,0.0011926921421521995,0.0,0.0,western_core_extended_v1
gravity_na_grav_anom_max_50km,0.0010598703978022313,0.0,0.0,western_core_extended_v1
gravity_na_grav_anom_max_25km,0.000848775989114087,0.0,4.965068306494546e-17,western_core_extended_v1
geochem2_nure_Mo_ppm_max_50km,0.0007738968457095011,0.0,0.0,western_core_extended_v1
geochem1_usgs_Ag_value_median_50km,0.0007648321981263068,0.0,4.965068306494546e-17,western_core_extended_v1
geochem1_usgs_Zn_value_median_25km,0.0006799945672393619,0.0,4.965068306494546e-17,western_core_extended_v1
geochem1_usgs_W_value_median_25km,0.0005468397642232177,0.0,0.0,western_core_extended_v1
geochem2_nure_Ag_ppm_max_50km,0.00046806669467005537,0.0,0.0,western_core_extended_v1
geochem2_nure_Mo_ppm_nearest,0.00045879077128476196,0.0,0.0,western_core_extended_v1
geochem2_nure_Zn_ppm_median_25km,0.0004389468860540421,0.0,0.0,western_core_extended_v1
geochem2_nure_W_ppm_median_5km,0.0003752693811969245,0.0,0.0,western_core_extended_v1
geochem2_nure_As_ppm_median_25km,0.0003045666732321918,0.0,0.0,western_core_extended_v1
geochem2_nure_As_ppm_mean_5km,0.0002884630218618983,0.0,0.0,western_core_extended_v1
geochem2_nure_As_ppm_max_5km,0.0002744771713637416,0.0,0.0,western_core_extended_v1
geochem2_nure_Mo_ppm_p95_25km,0.00019647626476146414,0.0,0.0,western_core_extended_v1
geochem2_nure_Au_sq_ppm_mean_50km,0.00017953840205445874,0.0,0.0,western_core_extended_v1
geochem2_nure_As_ppm_mean_50km,0.00017069100597618108,0.0,0.0,western_core_extended_v1
geochem1_usgs_W_value_median_5km,0.00016794654181458718,0.0,0.0,western_core_extended_v1
geochem2_nure_Pb_ppm_median_5km,0.0001554001511684008,0.0,0.0,western_core_extended_v1
geochem1_usgs_Re_value_median_25km,0.00012157174690436787,0.0,4.965068306494546e-17,western_core_extended_v1
geochem2_nure_Re_ppm_nearest,9.889034926160337e-05,0.0,0.0,western_core_extended_v1
geochem2_nure_As_ppm_p95_25km,8.308963876970811e-05,0.0,0.0,western_core_extended_v1
geochem2_nure_Bi_ppm_median_10km,8.230145188015448e-05,0.0,0.0,western_core_extended_v1
geochem2_nure_Pb_ppm_median_10km,7.186006953739061e-05,0.0,0.0,western_core_extended_v1
geochem2_nure_Re_ppm_p95_10km,6.660634183757885e-05,0.0,0.0,western_core_extended_v1
geochem2_nure_Re_ppm_max_10km,6.45949112362679e-05,0.0,0.0,western_core_extended_v1
geochem2_nure_Re_ppm_median_10km,1.1990889409898217e-05,0.0,0.0,western_core_extended_v1
geochem1_usgs_Ag_value_max_10km,0.009349980785636113,-1.1102230246251566e-17,2.1940496615319756e-05,western_core_extended_v1
geochem2_nure_W_ppm_mean_25km,0.0016018203795120582,-2.2204460492503132e-17,2.5334703254035418e-05,western_core_extended_v1
geochem2_nure_Mo_ppm_mean_25km,0.0006563102775310136,-2.002884153118334e-06,6.008652459540039e-06,western_core_extended_v1
geochem2_nure_Au_sq_ppm_p95_25km,0.00020924306937084432,-2.002884153118334e-06,6.008652459540039e-06,western_core_extended_v1
geochem1_usgs_Re_value_median_10km,0.00015583532731657898,-2.002884153118334e-06,6.008652459540039e-06,western_core_extended_v1
geochem1_usgs_Bi_value_p95_10km,0.004762356896817211,-2.0028841531294363e-06,6.008652459573347e-06,western_core_extended_v1
geochem1_usgs_W_value_max_25km,0.0008156033161544331,-2.0028841531294363e-06,6.008652459536339e-06,western_core_extended_v1
geochem1_usgs_Mo_value_p95_50km,0.0005488734408820419,-2.0028841531294363e-06,6.008652459573347e-06,western_core_extended_v1
geochem1_usgs_Re_value_max_10km,0.00027455204882273585,-2.0028841531294363e-06,6.008652459536338e-06,western_core_extended_v1
geochem2_nure_Au_sq_ppm_p95_5km,0.00023371292135502712,-2.0028841531294363e-06,6.008652459536339e-06,western_core_extended_v1
geochem2_nure_Pb_ppm_p95_10km,0.00014864622645213355,-2.0028841531294363e-06,6.008652459536338e-06,western_core_extended_v1
geochem2_nure_Re_ppm_median_25km,3.0942490796886825e-05,-2.0028841531294363e-06,6.008652459573347e-06,western_core_extended_v1
geochem1_usgs_Sb_value_mean_5km,0.0020996477438301616,-2.0028841531405384e-06,1.4020189072237535e-05,western_core_extended_v1
geochem2_nure_Bi_ppm_max_10km,0.001368517213399785,-2.0028841531405384e-06,6.008652459569644e-06,western_core_extended_v1
geochem2_nure_Sb_ppm_max_10km,0.00042920192341334106,-2.0028841531405384e-06,6.008652459569644e-06,western_core_extended_v1
geochem2_nure_Zn_ppm_max_50km,0.0003232584503146297,-2.0028841531405384e-06,6.008652459532637e-06,western_core_extended_v1
geochem1_usgs_Re_value_p95_10km,0.00019438856342442152,-2.0028841531405384e-06,6.008652459532637e-06,western_core_extended_v1
geochem2_nure_Mo_ppm_median_10km,0.00016074439649821565,-2.0028841531405384e-06,6.008652459532637e-06,western_core_extended_v1
geochem1_usgs_Zn_value_median_5km,0.0020192434367127077,-2.0028841531516404e-06,6.0086524595659436e-06,western_core_extended_v1
geochem1_usgs_As_value_median_50km,0.0006623754971508983,-2.0028841531516404e-06,6.0086524595659436e-06,western_core_extended_v1
geochem2_nure_W_ppm_max_25km,0.0005285532454801996,-2.0028841531516404e-06,6.008652459528937e-06,western_core_extended_v1
geochem2_nure_Au_sq_ppm_mean_10km,0.00019636853789561625,-2.0028841531516404e-06,6.008652459528937e-06,western_core_extended_v1
geochem1_usgs_As_value_max_10km,0.004449565061564364,-2.002884153162743e-06,6.008652459562242e-06,western_core_extended_v1
geochem1_usgs_Sb_value_p95_25km,0.002062700405672728,-2.002884153162743e-06,1.889517131082078e-05,western_core_extended_v1
geochem1_usgs_Bi_value_median_5km,0.0016213759296664733,-2.002884153162743e-06,6.008652459525235e-06,western_core_extended_v1
geochem1_usgs_Zn_value_max_25km,0.0013243628008464646,-2.002884153162743e-06,6.008652459525235e-06,western_core_extended_v1
geochem1_usgs_Sb_value_p95_50km,0.0012417247358030323,-2.002884153162743e-06,6.008652459562243e-06,western_core_extended_v1
gravity_na_grav_anom_p95_5km,0.0010012247733205016,-2.002884153162743e-06,6.008652459562243e-06,western_core_extended_v1
geochem1_usgs_Pb_value_median_5km,0.0007500327533091951,-2.002884153162743e-06,6.008652459562242e-06,western_core_extended_v1
geochem1_usgs_W_value_mean_10km,0.0007316125354094672,-2.002884153162743e-06,6.008652459562242e-06,western_core_extended_v1
geochem2_nure_Mo_ppm_max_25km,0.0004994686589640707,-2.002884153162743e-06,6.008652459562243e-06,western_core_extended_v1
geochem1_usgs_Mo_value_median_10km,0.0004905305172574658,-2.002884153162743e-06,6.008652459562243e-06,western_core_extended_v1
geochem1_usgs_Sb_value_nearest,0.0004674048377697087,-2.002884153162743e-06,6.008652459525235e-06,western_core_extended_v1
geochem2_nure_Au_sq_ppm_max_25km,0.00024593930578075833,-2.002884153162743e-06,6.008652459562242e-06,western_core_extended_v1
geochem2_nure_Au_sq_ppm_max_5km,0.00021793816755391143,-2.002884153162743e-06,6.008652459562243e-06,western_core_extended_v1
geochem2_nure_Sb_ppm_p95_50km,0.00019037141631851915,-2.002884153162743e-06,6.008652459525235e-06,western_core_extended_v1
geochem2_nure_Sb_ppm_p95_5km,0.00012218732911162988,-2.002884153162743e-06,6.008652459525235e-06,western_core_extended_v1
geochem2_nure_Au_sq_ppm_mean_5km,0.00010620871359302997,-2.002884153162743e-06,6.008652459525235e-06,western_core_extended_v1
geochem1_usgs_As_value_p95_25km,0.0013007916291536041,-2.002884153173845e-06,6.008652459558543e-06,western_core_extended_v1
geochem1_usgs_W_value_p95_50km,0.0008805104680764367,-2.002884153173845e-06,6.008652459558544e-06,western_core_extended_v1
geochem1_usgs_As_value_nearest,0.0007724973076799362,-2.002884153173845e-06,6.008652459558543e-06,western_core_extended_v1
geochem2_nure_W_ppm_p95_10km,0.0006815774238336837,-2.002884153173845e-06,6.008652459521536e-06,western_core_extended_v1
geochem1_usgs_Zn_value_mean_50km,0.00047311188283359227,-2.002884153173845e-06,6.008652459558543e-06,western_core_extended_v1
geochem2_nure_As_ppm_p95_5km,0.0004469915009292413,-2.002884153173845e-06,6.008652459558543e-06,western_core_extended_v1
geochem2_nure_Zn_ppm_median_5km,0.0004260737768615288,-2.002884153173845e-06,6.008652459558543e-06,western_core_extended_v1
geochem2_nure_Sb_ppm_mean_5km,0.00028927558295965074,-2.002884153173845e-06,6.008652459558544e-06,western_core_extended_v1
geochem1_usgs_W_value_mean_5km,0.00017727970338787157,-2.002884153173845e-06,6.008652459521536e-06,western_core_extended_v1
geochem1_usgs_Sb_value_p95_10km,0.002349522638991377,-2.0028841531849474e-06,6.008652459554842e-06,western_core_extended_v1
geochem1_usgs_Bi_value_median_50km,0.001685241998447307,-2.0028841531849474e-06,6.008652459554842e-06,western_core_extended_v1
geochem1_usgs_Ag_value_median_10km,0.0009609120249559031,-2.0028841531849474e-06,6.008652459554842e-06,western_core_extended_v1
gravity_na_grav_anom_p95_10km,0.0008567118121551496,-2.0028841531849474e-06,6.008652459554842e-06,western_core_extended_v1
geochem2_nure_Mo_ppm_max_10km,0.00036872256268323067,-2.0028841531849474e-06,6.008652459554842e-06,western_core_extended_v1
geochem2_nure_Pb_ppm_max_10km,0.00037877681656469964,-4.005768306292179e-06,8.011536612723135e-06,western_core_extended_v1
geochem2_nure_Pb_ppm_mean_5km,0.0002511620928903293,-4.005768306292179e-06,8.011536612723135e-06,western_core_extended_v1
geochem1_usgs_W_value_mean_25km,0.001672172388538448,-4.005768306314384e-06,1.4988212573204185e-05,western_core_extended_v1
geochem1_usgs_Zn_value_nearest,0.0013284660992160873,-4.005768306314384e-06,8.011536612712034e-06,western_core_extended_v1
geochem2_nure_Sb_ppm_max_5km,0.00010910958883515964,-4.005768306314384e-06,8.01153661273979e-06,western_core_extended_v1
geochem1_usgs_Au_value_mean_25km,0.0021485311039856317,-4.005768306325486e-06,1.2017304919087477e-05,western_core_extended_v1
gravity_na_grav_anom_max_10km,0.0011437649887094913,-4.005768306325486e-06,8.011536612734238e-06,western_core_extended_v1
geochem1_usgs_Ag_value_p95_50km,0.0010029321787097048,-4.005768306325486e-06,8.011536612706483e-06,western_core_extended_v1
geochem1_usgs_Mo_value_median_25km,0.0005416738273332987,-4.005768306325486e-06,1.2017304919087479e-05,western_core_extended_v1
geochem2_nure_Pb_ppm_p95_25km,0.00046404657051914914,-4.005768306325486e-06,8.011536612734238e-06,western_core_extended_v1
geochem2_nure_Ag_ppm_median_25km,0.00036753481113153876,-4.005768306325486e-06,8.011536612761996e-06,western_core_extended_v1
geochem2_nure_Mo_ppm_median_50km,0.00034809384007777525,-4.005768306325486e-06,8.011536612706483e-06,western_core_extended_v1
geochem2_nure_Bi_ppm_median_5km,0.0003269720141646281,-4.005768306325486e-06,8.011536612734238e-06,western_core_extended_v1
geochem2_nure_W_ppm_mean_5km,0.000177730204406232,-4.005768306325486e-06,8.011536612706483e-06,western_core_extended_v1
geochem1_usgs_Ag_value_max_25km,0.0019237938217197418,-4.005768306336588e-06,8.011536612728685e-06,western_core_extended_v1
geochem1_usgs_Mo_value_max_50km,0.001490550238124554,-4.005768306336588e-06,8.011536612756442e-06,western_core_extended_v1
geochem1_usgs_Sb_value_mean_10km,0.0006396483930104046,-4.005768306336588e-06,8.011536612728687e-06,western_core_extended_v1
geochem2_nure_W_ppm_max_10km,0.0005914664169506334,-4.005768306336588e-06,8.011536612700931e-06,western_core_extended_v1
geochem2_nure_Zn_ppm_mean_25km,0.0005786662646049795,-4.005768306336588e-06,8.011536612728687e-06,western_core_extended_v1
geochem2_nure_Au_sq_ppm_p95_50km,0.0005687906091108588,-4.005768306336588e-06,8.011536612756442e-06,western_core_extended_v1
geochem2_nure_Pb_ppm_mean_25km,0.00039024074240841396,-4.005768306336588e-06,8.011536612700931e-06,western_core_extended_v1
geochem2_nure_Sb_ppm_median_10km,0.00023880305117070013,-4.005768306336588e-06,8.011536612728687e-06,western_core_extended_v1
geochem2_nure_Pb_ppm_max_25km,0.000171074384383556,-4.005768306336588e-06,8.011536612728687e-06,western_core_extended_v1
geochem1_usgs_Mo_value_p95_10km,0.010315617612921964,-4.00576830634769e-06,2.5016015055286843e-05,western_core_extended_v1
geochem1_usgs_Bi_value_mean_50km,0.003950555071257389,-4.00576830634769e-06,1.962417675681987e-05,western_core_extended_v1
geochem1_usgs_Pb_value_max_25km,0.0017341208980050347,-4.00576830634769e-06,8.01153661275089e-06,western_core_extended_v1
geochem1_usgs_Ag_value_p95_25km,0.0016582940929365916,-4.00576830634769e-06,1.9624176756797208e-05,western_core_extended_v1
geochem2_nure_Bi_ppm_p95_5km,0.0011024732179479575,-4.00576830634769e-06,8.011536612723135e-06,western_core_extended_v1
gravity_na_grav_anom_mean_50km,0.000708122934943992,-4.00576830634769e-06,8.011536612723135e-06,western_core_extended_v1
geochem2_nure_Pb_ppm_p95_50km,0.0005536397351174187,-4.00576830634769e-06,8.011536612723135e-06,western_core_extended_v1
geochem2_nure_Ag_ppm_median_5km,0.00028010704458604843,-4.00576830634769e-06,8.011536612723135e-06,western_core_extended_v1
geochem2_nure_Pb_ppm_mean_10km,0.00019282082367128335,-4.00576830634769e-06,8.011536612723135e-06,western_core_extended_v1
geochem1_usgs_Re_value_median_50km,0.00017433674085798025,-4.00576830634769e-06,8.011536612723135e-06,western_core_extended_v1
geochem2_nure_Zn_ppm_median_10km,0.00017276106409781498,-4.00576830634769e-06,8.011536612723135e-06,western_core_extended_v1
geochem2_nure_Zn_ppm_p95_25km,0.0001233706909094501,-4.00576830634769e-06,8.011536612750891e-06,western_core_extended_v1
geochem1_usgs_Pb_value_max_10km,0.01096841386784671,-4.005768306358792e-06,8.011536612717584e-06,western_core_extended_v1
geochem1_usgs_Ag_value_p95_5km,0.009459618554798231,-4.005768306358792e-06,1.2017304919076376e-05,western_core_extended_v1
geochem1_usgs_Re_value_p95_25km,0.0018787474291385733,-4.005768306358792e-06,1.2017304919113385e-05,western_core_extended_v1
geochem1_usgs_W_value_max_50km,0.0016759876925311465,-4.005768306358792e-06,1.2017304919076378e-05,western_core_extended_v1
geochem1_usgs_Pb_value_median_25km,0.0010612624135738955,-4.005768306358792e-06,8.011536612717584e-06,western_core_extended_v1
geochem1_usgs_Pb_value_p95_50km,0.0010210102326279715,-4.005768306358792e-06,8.01153661274534e-06,western_core_extended_v1
geochem1_usgs_As_value_max_25km,0.0008394393105346672,-4.005768306358792e-06,8.011536612717584e-06,western_core_extended_v1
geochem2_nure_Re_ppm_mean_50km,0.000723684805812158,-4.005768306358792e-06,8.011536612717584e-06,western_core_extended_v1
geochem2_nure_Au_sq_ppm_nearest,0.00039537344975895314,-4.005768306358792e-06,8.011536612717584e-06,western_core_extended_v1
geochem2_nure_Pb_ppm_mean_50km,0.0003821804925347765,-4.005768306358792e-06,8.01153661274534e-06,western_core_extended_v1
geochem2_nure_Ag_ppm_median_50km,0.00032217126208117366,-4.005768306358792e-06,8.011536612717584e-06,western_core_extended_v1
geochem1_usgs_Bi_value_p95_5km,0.008489709838507536,-4.005768306369895e-06,8.011536612739791e-06,western_core_extended_v1
geochem2_nure_Re_ppm_max_25km,0.0005825310603699621,-4.005768306369895e-06,8.011536612739791e-06,western_core_extended_v1
geochem2_nure_As_ppm_median_5km,0.000475253010681614,-4.005768306369895e-06,8.011536612739791e-06,western_core_extended_v1
geochem1_usgs_Zn_value_max_50km,0.0012659547713002501,-6.00865245949933e-06,9.178368240209663e-06,western_core_extended_v1
geochem1_usgs_Au_value_max_25km,0.0008497913472213257,-6.00865245949933e-06,9.178368240209663e-06,western_core_extended_v1
gravity_na_grav_anom_mean_5km,0.0008254418776419702,-6.00865245949933e-06,9.178368240161207e-06,western_core_extended_v1
geochem2_nure_Bi_ppm_max_5km,0.0016071922147444862,-6.008652459510433e-06,1.282471606601483e-05,western_core_extended_v1
gravity_na_grav_anom_mean_25km,0.001259777592287742,-6.008652459510433e-06,9.178368240178167e-06,western_core_extended_v1
geochem1_usgs_Ag_value_mean_50km,0.0012054148148439474,-6.008652459510433e-06,9.17836824015394e-06,western_core_extended_v1
gravity_na_grav_anom_nearest,0.0010999341220734018,-6.008652459510433e-06,9.178368240153942e-06,western_core_extended_v1
geochem1_usgs_As_value_median_25km,0.0009519017234983654,-6.008652459510433e-06,9.178368240178167e-06,western_core_extended_v1
geochem2_nure_Pb_ppm_max_5km,0.0004259317213334523,-6.008652459510433e-06,9.178368240178167e-06,western_core_extended_v1
geochem2_nure_Au_sq_ppm_mean_25km,0.0003066969710393703,-6.008652459510433e-06,9.178368240178167e-06,western_core_extended_v1
geochem2_nure_Sb_ppm_median_5km,0.000250097158890686,-6.008652459510433e-06,9.178368240202395e-06,western_core_extended_v1
geochem2_nure_Mo_ppm_median_25km,0.00010143611501869773,-6.008652459510433e-06,9.178368240202394e-06,western_core_extended_v1
geochem2_nure_Zn_ppm_median_50km,0.0011724087479901579,-6.008652459521535e-06,1.282471606599229e-05,western_core_extended_v1
gravity_na_grav_anom_mean_10km,0.0010618158922966585,-6.008652459521535e-06,9.178368240195126e-06,western_core_extended_v1
geochem1_usgs_Sb_value_mean_50km,0.0009619908725535946,-6.008652459521535e-06,9.178368240195128e-06,western_core_extended_v1
gravity_na_grav_anom_p95_50km,0.0008639654033890583,-6.008652459521535e-06,9.178368240195128e-06,western_core_extended_v1
geochem2_nure_Sb_ppm_max_50km,0.0006954670195996982,-6.008652459521535e-06,9.178368240170899e-06,western_core_extended_v1
geochem2_nure_As_ppm_max_25km,0.0004160936812672239,-6.008652459521535e-06,9.178368240219353e-06,western_core_extended_v1
geochem2_nure_Zn_ppm_max_25km,0.0002969865157846214,-6.008652459521535e-06,9.178368240170899e-06,western_core_extended_v1
geochem2_nure_Zn_ppm_max_5km,0.00048169624728091194,-6.008652459532637e-06,9.178368240187857e-06,western_core_extended_v1
geochem2_nure_W_ppm_max_5km,0.0004281262737533173,-6.008652459532637e-06,9.178368240212085e-06,western_core_extended_v1
geochem2_nure_Zn_ppm_mean_10km,0.0003624723762585292,-6.008652459532637e-06,9.178368240163632e-06,western_core_extended_v1
geochem2_nure_W_ppm_median_10km,0.0002259731427622837,-6.008652459532637e-06,9.178368240212085e-06,western_core_extended_v1
geochem2_nure_Ag_ppm_mean_5km,4.1604985508895034e-05,-6.008652459532637e-06,9.178368240163632e-06,western_core_extended_v1
geochem1_usgs_Sb_value_p95_5km,0.0028912697848761924,-6.0086524595437394e-06,9.178368240204816e-06,western_core_extended_v1
geochem2_nure_Cu_ppm_median_25km,0.002336494700134881,-6.0086524595437394e-06,1.2824716066016565e-05,western_core_extended_v1
geochem1_usgs_Au_value_p95_25km,0.0011710953866046108,-6.0086524595437394e-06,9.17836824018059e-06,western_core_extended_v1
geochem1_usgs_Cu_value_median_50km,0.0011239011911599436,-6.0086524595437394e-06,1.2824716065999228e-05,western_core_extended_v1
geochem2_nure_Mo_ppm_p95_50km,0.0007587305372191019,-6.0086524595437394e-06,9.17836824018059e-06,western_core_extended_v1
geochem2_nure_Mo_ppm_mean_5km,0.0006433585424119648,-6.0086524595437394e-06,9.178368240204816e-06,western_core_extended_v1
geochem2_nure_Cu_ppm_nearest,0.003772631373012103,-6.0086524595548415e-06,9.178368240197548e-06,western_core_extended_v1
geochem2_nure_Sb_ppm_p95_10km,0.0006811148778599586,-6.0086524595548415e-06,9.178368240197548e-06,western_core_extended_v1
geochem1_usgs_Au_value_mean_10km,0.0013083561329353581,-6.008652459565944e-06,9.178368240190281e-06,western_core_extended_v1
geochem1_usgs_Pb_value_max_50km,0.0012067935695749047,-8.011536612662073e-06,1.8356736480356333e-05,western_core_extended_v1
geochem2_nure_Au_sq_ppm_median_5km,0.0003556046507228,-8.011536612662073e-06,9.812088378391804e-06,western_core_extended_v1
gravity_na_grav_anom_median_25km,0.0006779501000061664,-8.011536612673176e-06,9.81208837838274e-06,western_core_extended_v1
geochem2_nure_Au_sq_ppm_median_10km,0.00016659094292271527,-8.011536612673176e-06,9.812088378405402e-06,western_core_extended_v1
geochem1_usgs_As_value_mean_10km,0.005120657867550179,-8.011536612684279e-06,2.564943213198805e-05,western_core_extended_v1
geochem2_nure_Au_sq_ppm_median_25km,0.00048126640274730723,-8.011536612684279e-06,9.812088378396337e-06,western_core_extended_v1
geochem1_usgs_W_value_p95_25km,0.001258639437784731,-8.01153661269538e-06,1.3285630469286188e-05,western_core_extended_v1
geochem1_usgs_Mo_value_mean_50km,0.0006133570640835454,-8.01153661269538e-06,9.812088378409936e-06,western_core_extended_v1
geochem2_nure_Ag_ppm_mean_25km,0.0005157451934596508,-8.01153661269538e-06,9.812088378387274e-06,western_core_extended_v1
geochem1_usgs_Re_value_p95_50km,0.000410704572010401,-8.01153661269538e-06,9.812088378364611e-06,western_core_extended_v1
geochem1_usgs_W_value_max_10km,0.006446309051663576,-8.011536612706483e-06,9.81208837840087e-06,western_core_extended_v1
geochem2_nure_Ag_ppm_mean_50km,0.0005212201740636771,-8.011536612706483e-06,9.812088378378207e-06,western_core_extended_v1
geochem2_nure_Ag_ppm_p95_50km,0.00039827397953108573,-8.011536612706483e-06,9.81208837840087e-06,western_core_extended_v1
geochem2_nure_Mo_ppm_p95_5km,0.00037671506002377654,-8.011536612706483e-06,9.81208837840087e-06,western_core_extended_v1
geochem2_nure_Ag_ppm_p95_25km,0.0002934426553508494,-8.011536612706483e-06,9.81208837840087e-06,western_core_extended_v1
geochem2_nure_As_ppm_nearest,0.0013029975927773734,-8.011536612717584e-06,9.812088378391806e-06,western_core_extended_v1
geochem2_nure_Bi_ppm_mean_50km,0.0011959711673118526,-8.011536612717584e-06,1.6023073225435168e-05,western_core_extended_v1
geochem1_usgs_Ag_value_mean_25km,0.0011048213837560048,-8.011536612717584e-06,9.81208837843713e-06,western_core_extended_v1
geochem2_nure_Zn_ppm_mean_50km,0.0008689379119673728,-8.011536612717584e-06,1.3285630469289533e-05,western_core_extended_v1
geochem2_nure_Pb_ppm_max_50km,0.0006644135675370208,-8.011536612717584e-06,9.81208837843713e-06,western_core_extended_v1
geochem1_usgs_Au_value_median_50km,0.0006571493328058025,-8.011536612717584e-06,9.812088378414469e-06,western_core_extended_v1
geochem2_nure_Bi_ppm_median_50km,0.0006504882975404204,-8.011536612717584e-06,9.81208837843713e-06,western_core_extended_v1
geochem2_nure_Re_ppm_mean_25km,0.0006320869573991508,-8.011536612717584e-06,1.6023073225462924e-05,western_core_extended_v1
geochem2_nure_Mo_ppm_p95_10km,0.00023862506894485624,-8.011536612717584e-06,9.812088378391806e-06,western_core_extended_v1
geochem2_nure_Mo_ppm_median_5km,0.0004933840663342827,-8.011536612728687e-06,9.812088378405402e-06,western_core_extended_v1
geochem2_nure_Mo_ppm_mean_10km,0.0004604706959751678,-8.011536612728687e-06,9.812088378405402e-06,western_core_extended_v1
geochem2_nure_Zn_ppm_p95_5km,0.0004555650436129914,-1.0014420765858122e-05,1.0014420765880328e-05,western_core_extended_v1
geochem2_nure_W_ppm_p95_25km,0.0006463449033106585,-1.0014420765869225e-05,1.001442076589143e-05,western_core_extended_v1
geochem2_nure_Bi_ppm_nearest,0.0020957723702892056,-1.0014420765880328e-05,1.0014420765924735e-05,western_core_extended_v1
geochem1_usgs_Sb_value_max_5km,0.0019972514610868066,-1.0014420765880328e-05,1.0014420765924736e-05,western_core_extended_v1
geochem1_usgs_Bi_value_p95_50km,0.0018056408396651504,-1.0014420765880328e-05,2.411791896089476e-05,western_core_extended_v1
geochem2_nure_Cu_ppm_max_50km,0.0013393969834469015,-1.0014420765880328e-05,1.3435755352702832e-05,western_core_extended_v1
geochem2_nure_W_ppm_p95_50km,0.0010856098825720842,-1.0014420765880328e-05,2.0523455307574334e-05,western_core_extended_v1
geochem1_usgs_Re_value_mean_50km,0.0006486764336063093,-1.0014420765880328e-05,1.614776828294595e-05,western_core_extended_v1
geochem2_nure_Cu_ppm_mean_50km,0.004921798259723988,-1.001442076589143e-05,3.4978867963009506e-05,western_core_extended_v1
geochem1_usgs_Re_value_max_25km,0.0031686369934237693,-1.001442076589143e-05,1.3435755352711107e-05,western_core_extended_v1
geochem1_usgs_Ag_value_median_5km,0.002322309417339715,-1.001442076589143e-05,1.001442076593584e-05,western_core_extended_v1
geochem1_usgs_Re_value_max_50km,0.0013207953441784284,-1.001442076589143e-05,1.3435755352711105e-05,western_core_extended_v1
geochem2_nure_Bi_ppm_p95_50km,0.0007991174765438916,-1.001442076589143e-05,1.001442076589143e-05,western_core_extended_v1
geochem2_nure_Bi_ppm_max_50km,0.000657799130698025,-1.001442076589143e-05,1.001442076589143e-05,western_core_extended_v1
geochem1_usgs_Bi_value_max_10km,0.01422705672925844,-1.0014420765902532e-05,1.0014420765902532e-05,western_core_extended_v1
geochem1_usgs_Ag_value_max_50km,0.0009560739660516639,-1.0014420765902532e-05,1.0014420765924736e-05,western_core_extended_v1
geochem2_nure_Bi_ppm_mean_25km,0.0009138734439094618,-1.0014420765902532e-05,1.0014420765902532e-05,western_core_extended_v1
geochem2_nure_Sb_ppm_mean_10km,0.0004170040238720756,-1.0014420765902532e-05,1.0014420765902532e-05,western_core_extended_v1
geochem2_nure_Re_ppm_p95_25km,0.0005687227502491266,-1.0014420765913633e-05,1.0014420765913633e-05,western_core_extended_v1
geochem1_usgs_Ag_value_mean_5km,0.008681418524243352,-1.201730491904307e-05,1.3285630469302925e-05,western_core_extended_v1
geochem2_nure_Sb_ppm_mean_25km,0.0017051654727348298,-1.201730491904307e-05,9.812088378387274e-06,western_core_extended_v1
gravity_na_grav_anom_median_50km,0.0012081680546045953,-1.2017304919065275e-05,9.812088378405402e-06,western_core_extended_v1
geochem2_nure_Au_sq_ppm_median_50km,0.0010079503601398857,-1.2017304919076378e-05,2.0425490761065892e-05,western_core_extended_v1
geochem1_usgs_Sb_value_max_50km,0.0008794041059090295,-1.2017304919076378e-05,1.8356736480368446e-05,western_core_extended_v1
geochem1_usgs_Cu_value_max_50km,0.000817719415235965,-1.2017304919076378e-05,1.6023073225435168e-05,western_core_extended_v1
geochem1_usgs_Sb_value_max_25km,0.0006607625594762638,-1.2017304919076378e-05,9.812088378414467e-06,western_core_extended_v1
geochem2_nure_Cu_ppm_mean_25km,0.0073511611931684285,-1.2017304919087479e-05,2.9976425146395017e-05,western_core_extended_v1
geochem1_usgs_Cu_value_mean_50km,0.0006707584532370347,-1.2017304919087479e-05,9.81208837840087e-06,western_core_extended_v1
geochem2_nure_Ag_ppm_max_5km,0.00028404359480629053,-1.2017304919087479e-05,9.812088378423532e-06,western_core_extended_v1
geochem2_nure_Mo_ppm_mean_50km,0.0007027753156981631,-1.2017304919098582e-05,9.812088378432597e-06,western_core_extended_v1
geochem2_nure_Cu_ppm_median_50km,0.002476161867487743,-1.2017304919109683e-05,9.812088378419e-06,western_core_extended_v1
geochem2_nure_W_ppm_median_50km,0.000977865237803217,-1.4020189072205813e-05,1.8025957378647254e-05,western_core_extended_v1
geochem2_nure_Bi_ppm_max_25km,0.0007428423333222015,-1.402018907223912e-05,2.0128736622995143e-05,western_core_extended_v1
geochem1_usgs_W_value_p95_10km,0.0029381185467866134,-1.4020189072261324e-05,1.5643025308250083e-05,western_core_extended_v1
geochem1_usgs_Bi_value_median_25km,0.001472351922531919,-1.4020189072261324e-05,9.178368240199971e-06,western_core_extended_v1
geochem2_nure_Zn_ppm_p95_50km,0.0007953558836547021,-1.4020189072261324e-05,1.2824716065995759e-05,western_core_extended_v1
geochem2_nure_Cu_ppm_p95_50km,0.0022622018170203604,-1.4020189072272427e-05,1.564302530828278e-05,western_core_extended_v1
geochem1_usgs_Au_value_median_5km,0.0018758058521175344,-1.4020189072272427e-05,9.17836824020724e-06,western_core_extended_v1
geochem2_nure_Mo_ppm_max_5km,0.000688107223806527,-1.4020189072272427e-05,9.17836824020724e-06,western_core_extended_v1
geochem1_usgs_Mo_value_mean_10km,0.003211736299040928,-1.6023073225412966e-05,1.7460739238689165e-05,western_core_extended_v1
gravity_na_grav_anom_median_10km,0.0008906541999488711,-1.602307322542407e-05,8.011536612712033e-06,western_core_extended_v1
geochem2_nure_Cu_ppm_median_10km,0.0039277917046584765,-1.602307322544627e-05,1.74607392386586e-05,western_core_extended_v1
geochem1_usgs_Au_value_p95_10km,0.002758212985089084,-1.6023073225468477e-05,8.011536612734238e-06,western_core_extended_v1
geochem2_nure_Bi_ppm_p95_25km,0.0014044492616608242,-1.8025957378597912e-05,2.0910724461073584e-05,western_core_extended_v1
geochem1_usgs_Mo_value_max_5km,0.014330713552609974,-1.8025957378609015e-05,5.333090432499868e-05,western_core_extended_v1
geochem1_usgs_Re_value_mean_25km,0.0024387118182683655,-1.8025957378609015e-05,2.2748391066342235e-05,western_core_extended_v1
geochem2_nure_Bi_ppm_mean_5km,0.001893146273537147,-1.8025957378631217e-05,1.0785861254513403e-05,western_core_extended_v1
gravity_na_grav_anom_median_5km,0.0008625231810789789,-1.8025957378631217e-05,6.00865245954374e-06,western_core_extended_v1
geochem1_usgs_Bi_value_max_50km,0.0007591514852165414,-1.8025957378631217e-05,1.0785861254492787e-05,western_core_extended_v1
geochem1_usgs_Bi_value_median_10km,0.0021079335634474317,-1.802595737864232e-05,6.008652459547439e-06,western_core_extended_v1
geochem2_nure_Bi_ppm_mean_10km,0.0012489503194423762,-1.802595737864232e-05,1.4020189072259739e-05,western_core_extended_v1
geochem1_usgs_Mo_value_median_50km,0.0011217022444391998,-1.802595737864232e-05,6.008652459547439e-06,western_core_extended_v1
geochem1_usgs_Cu_value_p95_10km,0.03301570573482766,-2.002884153179396e-05,3.1028547878629185e-05,western_core_extended_v1
geochem2_nure_Cu_ppm_p95_25km,0.0049313808725128545,-2.0028841531816167e-05,2.8325059332923788e-05,western_core_extended_v1
geochem2_nure_Cu_ppm_max_25km,0.0028754723765936057,-2.203172568499001e-05,2.8955360308443173e-05,western_core_extended_v1
geochem2_nure_Cu_ppm_max_10km,0.006888116796870151,-2.4034609838152755e-05,2.9436265135228294e-05,western_core_extended_v1
geochem2_nure_Bi_ppm_p95_10km,0.001368322149695386,-2.4034609838174958e-05,1.962417675681307e-05,western_core_extended_v1
geochem1_usgs_Mo_value_p95_5km,0.013844290067159017,-2.403460983818606e-05,2.1571722508973207e-05,western_core_extended_v1
geochem1_usgs_Bi_value_p95_25km,0.022556489338460037,-2.6037493991337702e-05,3.474874133331262e-05,western_core_extended_v1
geochem2_nure_Cu_ppm_mean_10km,0.006337224319034542,-3.2046146450870336e-05,4.4063451369966903e-05,western_core_extended_v1
geochem2_nure_Cu_ppm_p95_10km,0.009720450557735006,-3.204614645088144e-05,4.02574732459693e-05,western_core_extended_v1
geochem2_nure_Cu_ppm_median_5km,0.0045801405614879515,-3.204614645088144e-05,2.2303174021902448e-05,western_core_extended_v1
geochem1_usgs_Bi_value_mean_5km,0.00792277520938286,-3.204614645091475e-05,1.835673648035149e-05,western_core_extended_v1
geochem2_nure_Cu_ppm_p95_5km,0.006740493148827703,-3.404903060407749e-05,2.2031725684985976e-05,western_core_extended_v1
geochem1_usgs_Cu_value_max_10km,0.03816759213207282,-3.6051914757240236e-05,2.1571722508950523e-05,western_core_extended_v1
geochem1_usgs_Cu_value_mean_10km,0.023777203203318893,-3.6051914757251335e-05,2.157172250894228e-05,western_core_extended_v1
geochem1_usgs_Ag_value_max_5km,0.006718535699080027,-3.6051914757262435e-05,1.746073923867643e-05,western_core_extended_v1
geochem1_usgs_Cu_value_mean_5km,0.048173960539887165,-4.005768306362123e-05,5.299133374186558e-05,western_core_extended_v1
geochem2_nure_Cu_ppm_mean_5km,0.006558845002251736,-4.005768306362123e-05,3.1028547878607684e-05,western_core_extended_v1
geochem1_usgs_Cu_value_max_5km,0.04966878613087261,-4.0057683063632335e-05,6.396699015651454e-05,western_core_extended_v1
geochem2_nure_Cu_ppm_max_5km,0.005646519774790052,-4.0057683063632335e-05,3.229553656583682e-05,western_core_extended_v1
geochem1_usgs_Bi_value_max_5km,0.00932821016833916,-4.406345136998002e-05,1.9624176756833468e-05,western_core_extended_v1
geochem1_usgs_Cu_value_p95_5km,0.038555625145958596,-6.409229290179618e-05,7.154530964384605e-05,western_core_extended_v1
