dataset,cv,model,negative_type,n_negative,false_positive_rate,mean_predicted_probability
southwest_core_full_climate_v1,groupkfold_state,dummy_stratified,background_candidate_negative,102,0.3137254901960784,0.3137254901960784
southwest_core_full_climate_v1,groupkfold_state,dummy_stratified,mrds_hard_negative,102,0.3137254901960784,0.3137254901960784
southwest_core_full_climate_v1,groupkfold_state,hist_gradient_boosting,background_candidate_negative,102,0.00980392156862745,0.014550137552725514
southwest_core_full_climate_v1,groupkfold_state,hist_gradient_boosting,mrds_hard_negative,102,0.10784313725490197,0.13596386223811305
southwest_core_full_climate_v1,groupkfold_state,logistic_regression,background_candidate_negative,102,0.029411764705882353,0.050709826129688995
southwest_core_full_climate_v1,groupkfold_state,logistic_regression,mrds_hard_negative,102,0.22549019607843138,0.24057791964140104
southwest_core_full_climate_v1,groupkfold_state,random_forest,background_candidate_negative,102,0.00980392156862745,0.08075847904818492
southwest_core_full_climate_v1,groupkfold_state,random_forest,mrds_hard_negative,102,0.17647058823529413,0.2423557600895836
southwest_core_full_climate_v1,stratified_kfold,dummy_stratified,background_candidate_negative,102,0.4117647058823529,0.4117647058823529
southwest_core_full_climate_v1,stratified_kfold,dummy_stratified,mrds_hard_negative,102,0.3627450980392157,0.3627450980392157
southwest_core_full_climate_v1,stratified_kfold,hist_gradient_boosting,background_candidate_negative,102,0.00980392156862745,0.015069964345745267
southwest_core_full_climate_v1,stratified_kfold,hist_gradient_boosting,mrds_hard_negative,102,0.08823529411764706,0.10933347794741291
southwest_core_full_climate_v1,stratified_kfold,logistic_regression,background_candidate_negative,102,0.0196078431372549,0.03143088081665219
southwest_core_full_climate_v1,stratified_kfold,logistic_regression,mrds_hard_negative,102,0.11764705882352941,0.14639969695646482
southwest_core_full_climate_v1,stratified_kfold,random_forest,background_candidate_negative,102,0.00980392156862745,0.06369315847551142
southwest_core_full_climate_v1,stratified_kfold,random_forest,mrds_hard_negative,102,0.12745098039215685,0.22327485257117613
southwest_core_full_climate_v1,groupkfold_state,dummy_stratified,state=Arizona,116,0.33620689655172414,0.3390804597701149
southwest_core_full_climate_v1,groupkfold_state,dummy_stratified,state=Colorado,8,0.125,0.16666666666666666
southwest_core_full_climate_v1,groupkfold_state,dummy_stratified,state=Nevada,56,0.35714285714285715,0.30952380952380953
southwest_core_full_climate_v1,groupkfold_state,dummy_stratified,state=New Mexico,14,0.21428571428571427,0.23809523809523808
southwest_core_full_climate_v1,groupkfold_state,dummy_stratified,state=Utah,10,0.1,0.13333333333333333
southwest_core_full_climate_v1,groupkfold_state,hist_gradient_boosting,state=Arizona,116,0.04310344827586207,0.2576632851034669
southwest_core_full_climate_v1,groupkfold_state,hist_gradient_boosting,state=Colorado,8,0.0,0.07911602191729324
southwest_core_full_climate_v1,groupkfold_state,hist_gradient_boosting,state=Nevada,56,0.125,0.37896401113705563
southwest_core_full_climate_v1,groupkfold_state,hist_gradient_boosting,state=New Mexico,14,0.0,0.33623393874371804
southwest_core_full_climate_v1,groupkfold_state,hist_gradient_boosting,state=Utah,10,0.0,0.3128124570219528
southwest_core_full_climate_v1,groupkfold_state,logistic_regression,state=Arizona,116,0.11206896551724138,0.39618714012717415
southwest_core_full_climate_v1,groupkfold_state,logistic_regression,state=Colorado,8,0.125,0.11831640352089438
southwest_core_full_climate_v1,groupkfold_state,logistic_regression,state=Nevada,56,0.19642857142857142,0.24132169373609827
southwest_core_full_climate_v1,groupkfold_state,logistic_regression,state=New Mexico,14,0.0,0.32406648758480244
southwest_core_full_climate_v1,groupkfold_state,logistic_regression,state=Utah,10,0.1,0.37316230346101886
southwest_core_full_climate_v1,groupkfold_state,random_forest,state=Arizona,116,0.034482758620689655,0.28001705896274864
southwest_core_full_climate_v1,groupkfold_state,random_forest,state=Colorado,8,0.0,0.17616444527694528
southwest_core_full_climate_v1,groupkfold_state,random_forest,state=Nevada,56,0.25,0.44966662200233615
southwest_core_full_climate_v1,groupkfold_state,random_forest,state=New Mexico,14,0.07142857142857142,0.3355340788840789
southwest_core_full_climate_v1,groupkfold_state,random_forest,state=Utah,10,0.0,0.348679822029822
southwest_core_full_climate_v1,stratified_kfold,dummy_stratified,state=Arizona,116,0.3706896551724138,0.3045977011494253
southwest_core_full_climate_v1,stratified_kfold,dummy_stratified,state=Colorado,8,0.375,0.25
southwest_core_full_climate_v1,stratified_kfold,dummy_stratified,state=Nevada,56,0.4642857142857143,0.38095238095238093
southwest_core_full_climate_v1,stratified_kfold,dummy_stratified,state=New Mexico,14,0.2857142857142857,0.38095238095238093
southwest_core_full_climate_v1,stratified_kfold,dummy_stratified,state=Utah,10,0.3,0.3333333333333333
southwest_core_full_climate_v1,stratified_kfold,hist_gradient_boosting,state=Arizona,116,0.04310344827586207,0.32917762609113277
southwest_core_full_climate_v1,stratified_kfold,hist_gradient_boosting,state=Colorado,8,0.0,0.19777438923158439
southwest_core_full_climate_v1,stratified_kfold,hist_gradient_boosting,state=Nevada,56,0.07142857142857142,0.3454334804089803
southwest_core_full_climate_v1,stratified_kfold,hist_gradient_boosting,state=New Mexico,14,0.0,0.3417121565443749
southwest_core_full_climate_v1,stratified_kfold,hist_gradient_boosting,state=Utah,10,0.1,0.35084135369948094
southwest_core_full_climate_v1,stratified_kfold,logistic_regression,state=Arizona,116,0.034482758620689655,0.3473890795295493
southwest_core_full_climate_v1,stratified_kfold,logistic_regression,state=Colorado,8,0.125,0.3511637286171974
southwest_core_full_climate_v1,stratified_kfold,logistic_regression,state=Nevada,56,0.16071428571428573,0.38666857059738924
southwest_core_full_climate_v1,stratified_kfold,logistic_regression,state=New Mexico,14,0.0,0.3337599600562219
southwest_core_full_climate_v1,stratified_kfold,logistic_regression,state=Utah,10,0.0,0.29491749088659175
southwest_core_full_climate_v1,stratified_kfold,random_forest,state=Arizona,116,0.05172413793103448,0.36156976707838784
southwest_core_full_climate_v1,stratified_kfold,random_forest,state=Colorado,8,0.0,0.256080118955119
southwest_core_full_climate_v1,stratified_kfold,random_forest,state=Nevada,56,0.125,0.4177436331195259
southwest_core_full_climate_v1,stratified_kfold,random_forest,state=New Mexico,14,0.07142857142857142,0.367780698137841
southwest_core_full_climate_v1,stratified_kfold,random_forest,state=Utah,10,0.0,0.3618194934694936
