negative_ratio,metric,baseline_mean,candidate_mean,mean_difference,better_folds,equal_folds,worse_folds
1:10,average_precision,0.7009790953121235,0.78683837465064,0.08585927933851634,4,0,1
1:10,f1,0.6583439255779682,0.6730415380143147,0.014697612436346662,2,0,3
1:10,top05_f1,0.5372317593007248,0.6320916886434127,0.09485992934268797,4,1,0
1:10,top05_ndcg,0.783131630195627,0.9038536244145268,0.12072199421889977,5,0,0
1:10,top10_f1,0.6759047003734856,0.7050839958168018,0.029179295443316166,3,1,1
1:10,top10_ndcg,0.7477941738708663,0.8025130083912047,0.05471883452033817,4,0,1
1:20,average_precision,0.6435040816068268,0.6773908933859402,0.03388681177911347,4,0,1
1:20,f1,0.548794855937713,0.5959614578969418,0.047166601959228685,3,0,2
1:20,top05_f1,0.5769535372887566,0.6258477123129627,0.048894175024205976,3,1,1
1:20,top05_ndcg,0.6681253143266227,0.7154143674406935,0.047289053114070854,4,0,1
1:20,top10_f1,0.5175244183838,0.5175991608867624,7.474250296235496e-05,1,2,2
1:20,top10_ndcg,0.7951883507511992,0.8115266821591419,0.016338331407942785,4,0,1
1:5,average_precision,0.8412407020317312,0.8477201895140553,0.006479487482323898,3,0,2
1:5,f1,0.7713334940921147,0.7459356672471426,-0.025397826844972115,2,0,3
1:5,top05_f1,0.4703884101726534,0.4838148333735127,0.013426423200859294,2,3,0
1:5,top05_ndcg,0.9589086357296669,0.9797579938209002,0.020849358091233294,2,3,0
1:5,top10_f1,0.7009315465155287,0.7125024277415825,0.011570881226053719,2,2,1
1:5,top10_ndcg,0.9357051063739679,0.9478727735473027,0.012167667173334795,3,0,2
