dataset,experiment,cv,fold,test_group,model,n_features,n_train,n_test,positive_test,negative_test,roc_auc,average_precision,balanced_accuracy,precision,recall,f1,tn,fp,fn,tp
known_mining_neutral_ratio_1_10_supervised_all_features_v1,climate_decoupling,stratified_kfold,1,,M1_Full_Climate,662,1390,348,32,316,0.9794303797468353,0.8901360012149551,0.8935917721518987,0.7647058823529411,0.8125,0.7878787878787878,308,8,6,26
known_mining_neutral_ratio_1_10_supervised_all_features_v1,climate_decoupling,stratified_kfold,1,,M2_No_Climate,385,1390,348,32,316,0.9759691455696203,0.8859386189356251,0.9092167721518987,0.7714285714285715,0.84375,0.8059701492537313,308,8,5,27
known_mining_neutral_ratio_1_10_supervised_all_features_v1,climate_decoupling,stratified_kfold,1,,M3_Climate_Normalized,385,1390,348,32,316,0.9870450949367088,0.914827774581614,0.854628164556962,0.8846153846153846,0.71875,0.7931034482758621,313,3,9,23
known_mining_neutral_ratio_1_10_supervised_all_features_v1,climate_decoupling,stratified_kfold,1,,M4_Sensitive_Residualized,385,1390,348,32,316,0.9774525316455696,0.8952626089854352,0.881131329113924,0.8064516129032258,0.78125,0.7936507936507936,310,6,7,25
known_mining_neutral_ratio_1_10_supervised_all_features_v1,climate_decoupling,stratified_kfold,2,,M1_Full_Climate,662,1390,348,32,316,0.9939675632911392,0.9502824819258009,0.9404667721518987,0.7837837837837838,0.90625,0.8405797101449275,308,8,3,29
known_mining_neutral_ratio_1_10_supervised_all_features_v1,climate_decoupling,stratified_kfold,2,,M2_No_Climate,385,1390,348,32,316,0.9900118670886076,0.9271598616481372,0.923259493670886,0.7567567567567568,0.875,0.8115942028985508,307,9,4,28
known_mining_neutral_ratio_1_10_supervised_all_features_v1,climate_decoupling,stratified_kfold,2,,M3_Climate_Normalized,385,1390,348,32,316,0.9912974683544303,0.9265332958122384,0.849881329113924,0.7931034482758621,0.71875,0.7540983606557377,310,6,9,23
known_mining_neutral_ratio_1_10_supervised_all_features_v1,climate_decoupling,stratified_kfold,2,,M4_Sensitive_Residualized,385,1390,348,32,316,0.9912974683544304,0.9352016379013083,0.9420490506329113,0.8055555555555556,0.90625,0.8529411764705882,309,7,3,29
known_mining_neutral_ratio_1_10_supervised_all_features_v1,climate_decoupling,stratified_kfold,3,,M1_Full_Climate,662,1390,348,32,316,0.9897151898734177,0.9343577003563208,0.917128164556962,0.9,0.84375,0.8709677419354839,313,3,5,27
known_mining_neutral_ratio_1_10_supervised_all_features_v1,climate_decoupling,stratified_kfold,3,,M2_No_Climate,385,1390,348,32,316,0.9877373417721519,0.9174880489956302,0.9092167721518987,0.7714285714285715,0.84375,0.8059701492537313,308,8,5,27
known_mining_neutral_ratio_1_10_supervised_all_features_v1,climate_decoupling,stratified_kfold,3,,M3_Climate_Normalized,385,1390,348,32,316,0.9889240506329114,0.9235996061425404,0.8795490506329113,0.78125,0.78125,0.78125,309,7,7,25
known_mining_neutral_ratio_1_10_supervised_all_features_v1,climate_decoupling,stratified_kfold,3,,M4_Sensitive_Residualized,385,1390,348,32,316,0.9871439873417721,0.9213298920582096,0.9248417721518987,0.7777777777777778,0.875,0.8235294117647058,308,8,4,28
known_mining_neutral_ratio_1_10_supervised_all_features_v1,climate_decoupling,stratified_kfold,4,,M1_Full_Climate,662,1391,347,31,316,0.9946917109024092,0.9576759715126579,0.9373723968966925,0.7567567567567568,0.9032258064516129,0.8235294117647058,307,9,3,28
known_mining_neutral_ratio_1_10_supervised_all_features_v1,climate_decoupling,stratified_kfold,4,,M2_No_Climate,385,1391,347,31,316,0.9916292364230298,0.9421755690563136,0.9373723968966925,0.7567567567567568,0.9032258064516129,0.8235294117647058,307,9,3,28
known_mining_neutral_ratio_1_10_supervised_all_features_v1,climate_decoupling,stratified_kfold,4,,M3_Climate_Normalized,385,1391,347,31,316,0.9939771335238873,0.9539180485799881,0.9130257247856268,0.8666666666666667,0.8387096774193549,0.8524590163934426,312,4,5,26
known_mining_neutral_ratio_1_10_supervised_all_features_v1,climate_decoupling,stratified_kfold,4,,M4_Sensitive_Residualized,385,1391,347,31,316,0.9926500612494895,0.9473784837077673,0.9405369538587178,0.8,0.9032258064516129,0.8484848484848485,309,7,3,28
known_mining_neutral_ratio_1_10_supervised_all_features_v1,climate_decoupling,stratified_kfold,5,,M1_Full_Climate,662,1391,347,31,316,0.9594732543895467,0.7489703288666121,0.8213046141282156,0.65625,0.6774193548387096,0.6666666666666666,305,11,10,21
known_mining_neutral_ratio_1_10_supervised_all_features_v1,climate_decoupling,stratified_kfold,5,,M2_No_Climate,385,1391,347,31,316,0.9688648427929768,0.783752745588209,0.8067578603511638,0.6666666666666666,0.6451612903225806,0.6557377049180327,306,10,11,20
known_mining_neutral_ratio_1_10_supervised_all_features_v1,climate_decoupling,stratified_kfold,5,,M3_Climate_Normalized,385,1391,347,31,316,0.9610044916292365,0.8278904223841715,0.814669252756227,0.8,0.6451612903225806,0.7142857142857143,311,5,11,20
known_mining_neutral_ratio_1_10_supervised_all_features_v1,climate_decoupling,stratified_kfold,5,,M4_Sensitive_Residualized,385,1391,347,31,316,0.9684565128623928,0.783192114689786,0.8051755818701511,0.6451612903225806,0.6451612903225806,0.6451612903225806,305,11,11,20
known_mining_neutral_ratio_1_10_supervised_all_features_v1,climate_decoupling,groupkfold_state,1,Arizona,M1_Full_Climate,662,1100,638,58,580,0.9702437574316289,0.6919815462906284,0.5724137931034483,0.6,0.15517241379310345,0.2465753424657534,574,6,49,9
known_mining_neutral_ratio_1_10_supervised_all_features_v1,climate_decoupling,groupkfold_state,1,Arizona,M2_No_Climate,385,1100,638,58,580,0.970243757431629,0.7649074974394282,0.7931034482758621,0.7777777777777778,0.603448275862069,0.6796116504854369,570,10,23,35
known_mining_neutral_ratio_1_10_supervised_all_features_v1,climate_decoupling,groupkfold_state,1,Arizona,M3_Climate_Normalized,385,1100,638,58,580,0.96640903686088,0.8107402136295052,0.6956896551724139,0.8846153846153846,0.39655172413793105,0.5476190476190477,577,3,35,23
known_mining_neutral_ratio_1_10_supervised_all_features_v1,climate_decoupling,groupkfold_state,1,Arizona,M4_Sensitive_Residualized,385,1100,638,58,580,0.9814803804994056,0.8715702571649171,0.771551724137931,0.8648648648648649,0.5517241379310345,0.6736842105263158,575,5,26,32
known_mining_neutral_ratio_1_10_supervised_all_features_v1,climate_decoupling,groupkfold_state,2,Washington,M1_Full_Climate,662,1331,407,37,370,0.9597516435354273,0.8098352297641517,0.768918918918919,0.9523809523809523,0.5405405405405406,0.6896551724137931,369,1,17,20
known_mining_neutral_ratio_1_10_supervised_all_features_v1,climate_decoupling,groupkfold_state,2,Washington,M2_No_Climate,385,1331,407,37,370,0.9442658875091308,0.7817415584990199,0.7932432432432432,0.88,0.5945945945945946,0.7096774193548387,367,3,15,22
known_mining_neutral_ratio_1_10_supervised_all_features_v1,climate_decoupling,groupkfold_state,2,Washington,M3_Climate_Normalized,385,1331,407,37,370,0.9819576333089847,0.9089285064535226,0.5,0.0,0.0,0.0,370,0,37,0
known_mining_neutral_ratio_1_10_supervised_all_features_v1,climate_decoupling,groupkfold_state,2,Washington,M4_Sensitive_Residualized,385,1331,407,37,370,0.9744338933528123,0.8760988299734793,0.7837837837837838,1.0,0.5675675675675675,0.7241379310344828,370,0,16,21
known_mining_neutral_ratio_1_10_supervised_all_features_v1,climate_decoupling,groupkfold_state,3,Nevada,M1_Full_Climate,662,1430,308,28,280,0.9488520408163266,0.7299711708186503,0.8767857142857143,0.5476190476190477,0.8214285714285714,0.6571428571428571,261,19,5,23
known_mining_neutral_ratio_1_10_supervised_all_features_v1,climate_decoupling,groupkfold_state,3,Nevada,M2_No_Climate,385,1430,308,28,280,0.9531887755102041,0.7777317752428078,0.9035714285714286,0.5102040816326531,0.8928571428571429,0.6493506493506493,256,24,3,25
known_mining_neutral_ratio_1_10_supervised_all_features_v1,climate_decoupling,groupkfold_state,3,Nevada,M3_Climate_Normalized,385,1430,308,28,280,0.9144132653061224,0.7041755794447403,0.8089285714285714,0.5277777777777778,0.6785714285714286,0.59375,263,17,9,19
known_mining_neutral_ratio_1_10_supervised_all_features_v1,climate_decoupling,groupkfold_state,3,Nevada,M4_Sensitive_Residualized,385,1430,308,28,280,0.9423469387755102,0.7095930120072065,0.9125000000000001,0.4727272727272727,0.9285714285714286,0.6265060240963856,251,29,2,26
known_mining_neutral_ratio_1_10_supervised_all_features_v1,climate_decoupling,groupkfold_state,4,California;Colorado;New Mexico;Oregon,M1_Full_Climate,662,1540,198,18,180,0.8987654320987655,0.6973515759217054,0.8333333333333333,0.5652173913043478,0.7222222222222222,0.6341463414634146,170,10,5,13
known_mining_neutral_ratio_1_10_supervised_all_features_v1,climate_decoupling,groupkfold_state,4,California;Colorado;New Mexico;Oregon,M2_No_Climate,385,1540,198,18,180,0.9089506172839507,0.6844620461942698,0.7972222222222223,0.48,0.6666666666666666,0.5581395348837209,167,13,6,12
known_mining_neutral_ratio_1_10_supervised_all_features_v1,climate_decoupling,groupkfold_state,4,California;Colorado;New Mexico;Oregon,M3_Climate_Normalized,385,1540,198,18,180,0.808641975308642,0.6519574295614132,0.7666666666666666,0.7142857142857143,0.5555555555555556,0.625,176,4,8,10
known_mining_neutral_ratio_1_10_supervised_all_features_v1,climate_decoupling,groupkfold_state,4,California;Colorado;New Mexico;Oregon,M4_Sensitive_Residualized,385,1540,198,18,180,0.9104938271604938,0.7359264672227636,0.8138888888888889,0.631578947368421,0.6666666666666666,0.6486486486486487,173,7,6,12
known_mining_neutral_ratio_1_10_supervised_all_features_v1,climate_decoupling,groupkfold_state,5,Idaho;Montana;Utah;Wyoming,M1_Full_Climate,662,1551,187,17,170,0.9709342560553633,0.7777587963747135,0.8529411764705882,0.5652173913043478,0.7647058823529411,0.65,160,10,4,13
known_mining_neutral_ratio_1_10_supervised_all_features_v1,climate_decoupling,groupkfold_state,5,Idaho;Montana;Utah;Wyoming,M2_No_Climate,385,1551,187,17,170,0.9761245674740485,0.8173365468953704,0.8588235294117647,0.6190476190476191,0.7647058823529411,0.6842105263157895,162,8,4,13
known_mining_neutral_ratio_1_10_supervised_all_features_v1,climate_decoupling,groupkfold_state,5,Idaho;Montana;Utah;Wyoming,M3_Climate_Normalized,385,1551,187,17,170,0.928719723183391,0.5628688918991647,0.7411764705882353,0.5294117647058824,0.5294117647058824,0.5294117647058824,162,8,8,9
known_mining_neutral_ratio_1_10_supervised_all_features_v1,climate_decoupling,groupkfold_state,5,Idaho;Montana;Utah;Wyoming,M4_Sensitive_Residualized,385,1551,187,17,170,0.9692041522491349,0.6777405678534211,0.888235294117647,0.6363636363636364,0.8235294117647058,0.717948717948718,162,8,3,14
