dataset,experiment,cv,fold,test_group,model,n_features,n_train,n_test,positive_test,negative_test,roc_auc,average_precision,balanced_accuracy,precision,recall,f1,tn,fp,fn,tp,top01_precision,top01_recall,top01_f1,top01_lift,top01_ndcg,top05_precision,top05_recall,top05_f1,top05_lift,top05_ndcg,top10_precision,top10_recall,top10_f1,top10_lift,top10_ndcg,top20_precision,top20_recall,top20_f1,top20_lift,top20_ndcg,feature_view,adjustment
known_mining_neutral_ratio_1_10,full_feature_graph_guided_m4,groupkfold_state_matched_features,1,Arizona,geochemistry_only__raw__XGB,312,1100,638,58,580,0.9649821640903687,0.7363125595052533,0.8129310344827586,0.6909090909090909,0.6551724137931034,0.672566371681416,563,17,20,38,0.8571428571428571,0.10344827586206896,0.1846153846153846,9.428571428571427,0.9020870746500321,0.8125,0.4482758620689655,0.5777777777777777,8.9375,0.8364051514912461,0.671875,0.7413793103448276,0.7049180327868853,7.390625,0.773263540404306,0.421875,0.9310344827586207,0.5806451612903226,4.640625,0.8946774661228795,geochemistry_only,raw
known_mining_neutral_ratio_1_10,full_feature_graph_guided_m4,groupkfold_state_matched_features,1,Arizona,geochemistry_only__m3_broad__XGB,312,1100,638,58,580,0.9474435196195006,0.7015290860631602,0.6870689655172414,0.88,0.3793103448275862,0.5301204819277109,577,3,36,22,0.7142857142857143,0.08620689655172414,0.15384615384615388,7.857142857142857,0.7441790405874917,0.90625,0.5,0.6444444444444445,9.96875,0.8751727563761137,0.625,0.6896551724137931,0.6557377049180328,6.875,0.729222656971956,0.375,0.8275862068965517,0.5161290322580646,4.125,0.8140531393755772,geochemistry_only,m3_broad
known_mining_neutral_ratio_1_10,full_feature_graph_guided_m4,groupkfold_state_matched_features,1,Arizona,geochemistry_only__m4_spearman__XGB,312,1100,638,58,580,0.969589774078478,0.7957689865826963,0.7456896551724138,0.8529411764705882,0.5,0.6304347826086957,575,5,29,29,0.8571428571428571,0.10344827586206896,0.1846153846153846,9.428571428571427,0.8265723430117605,0.875,0.4827586206896552,0.6222222222222222,9.625,0.8651578571940091,0.734375,0.8103448275862069,0.7704918032786885,8.078125,0.8195032583364146,0.421875,0.9310344827586207,0.5806451612903226,4.640625,0.8970350168295388,geochemistry_only,m4_spearman
known_mining_neutral_ratio_1_10,full_feature_graph_guided_m4,groupkfold_state_matched_features,1,Arizona,multimodal_no_climate__raw__XGB,385,1100,638,58,580,0.9684304399524376,0.7274608227721706,0.8155172413793104,0.7307692307692307,0.6551724137931034,0.6909090909090909,566,14,20,38,0.7142857142857143,0.08620689655172414,0.15384615384615388,7.857142857142857,0.7837042816946693,0.75,0.41379310344827586,0.5333333333333333,8.25,0.779999436821883,0.703125,0.7758620689655172,0.7377049180327868,7.734375,0.7859427274022304,0.4375,0.9655172413793104,0.6021505376344085,4.8125,0.9054540875343834,multimodal_no_climate,raw
known_mining_neutral_ratio_1_10,full_feature_graph_guided_m4,groupkfold_state_matched_features,1,Arizona,multimodal_no_climate__m3_broad__XGB,385,1100,638,58,580,0.9503567181926279,0.7438679808580085,0.7129310344827586,0.8928571428571429,0.43103448275862066,0.5813953488372093,577,3,33,25,0.8571428571428571,0.10344827586206896,0.1846153846153846,9.428571428571427,0.8816172070446371,0.90625,0.5,0.6444444444444445,9.96875,0.898493364183423,0.671875,0.7413793103448276,0.7049180327868853,7.390625,0.7832452083083039,0.3671875,0.8103448275862069,0.5053763440860215,4.0390625,0.8253979248401953,multimodal_no_climate,m3_broad
known_mining_neutral_ratio_1_10,full_feature_graph_guided_m4,groupkfold_state_matched_features,1,Arizona,multimodal_no_climate__m4_spearman__XGB,385,1100,638,58,580,0.9779131985731272,0.8398451706661393,0.7637931034482759,0.8857142857142857,0.5344827586206896,0.6666666666666666,576,4,27,31,0.8571428571428571,0.10344827586206896,0.1846153846153846,9.428571428571427,0.9083745556952364,0.90625,0.5,0.6444444444444445,9.96875,0.9201424380648029,0.75,0.8275862068965517,0.7868852459016394,8.25,0.8559599507172324,0.4296875,0.9482758620689655,0.5913978494623656,4.7265625,0.9336916945159635,multimodal_no_climate,m4_spearman
known_mining_neutral_ratio_1_10,full_feature_graph_guided_m4,groupkfold_state_matched_features,2,Washington,geochemistry_only__raw__XGB,312,1331,407,37,370,0.8926953981008036,0.6692305295973043,0.7527027027027027,0.8636363636363636,0.5135135135135135,0.6440677966101694,367,3,18,19,1.0,0.13513513513513514,0.2380952380952381,11.0,1.0,0.8571428571428571,0.4864864864864865,0.6206896551724138,9.428571428571427,0.8762754904094924,0.5609756097560976,0.6216216216216216,0.5897435897435899,6.170731707317073,0.7058359385181366,0.35365853658536583,0.7837837837837838,0.48739495798319327,3.8902439024390243,0.8017519821100827,geochemistry_only,raw
known_mining_neutral_ratio_1_10,full_feature_graph_guided_m4,groupkfold_state_matched_features,2,Washington,geochemistry_only__m3_broad__XGB,312,1331,407,37,370,0.9565376186997809,0.8007180010159375,0.5540540540540541,1.0,0.10810810810810811,0.1951219512195122,370,0,33,4,1.0,0.13513513513513514,0.2380952380952381,11.0,1.0,0.9047619047619048,0.5135135135135135,0.6551724137931034,9.952380952380953,0.9200977306040024,0.7073170731707317,0.7837837837837838,0.7435897435897435,7.780487804878049,0.8310293527292798,0.4024390243902439,0.8918918918918919,0.5546218487394957,4.426829268292683,0.8937369689512833,geochemistry_only,m3_broad
known_mining_neutral_ratio_1_10,full_feature_graph_guided_m4,groupkfold_state_matched_features,2,Washington,geochemistry_only__m4_spearman__XGB,312,1331,407,37,370,0.9447772096420746,0.8345181610412791,0.8081081081081081,0.92,0.6216216216216216,0.7419354838709677,368,2,14,23,1.0,0.13513513513513514,0.2380952380952381,11.0,1.0,0.9047619047619048,0.5135135135135135,0.6551724137931034,9.952380952380953,0.9368094582498391,0.6585365853658537,0.7297297297297297,0.6923076923076923,7.2439024390243905,0.8055493449198207,0.4146341463414634,0.918918918918919,0.5714285714285714,4.560975609756097,0.9230492192042892,geochemistry_only,m4_spearman
known_mining_neutral_ratio_1_10,full_feature_graph_guided_m4,groupkfold_state_matched_features,2,Washington,multimodal_no_climate__raw__XGB,385,1331,407,37,370,0.9330898466033601,0.7058040395076951,0.7121621621621621,0.8421052631578947,0.43243243243243246,0.5714285714285714,367,3,21,16,1.0,0.13513513513513514,0.2380952380952381,11.0,1.0,0.8095238095238095,0.4594594594594595,0.5862068965517242,8.904761904761905,0.8626512516038791,0.6097560975609756,0.6756756756756757,0.6410256410256411,6.7073170731707314,0.7508742319934619,0.35365853658536583,0.7837837837837838,0.48739495798319327,3.8902439024390243,0.8127341802244553,multimodal_no_climate,raw
known_mining_neutral_ratio_1_10,full_feature_graph_guided_m4,groupkfold_state_matched_features,2,Washington,multimodal_no_climate__m3_broad__XGB,385,1331,407,37,370,0.9705624543462381,0.8341727259924694,0.5135135135135135,1.0,0.02702702702702703,0.05263157894736842,370,0,36,1,1.0,0.13513513513513514,0.2380952380952381,11.0,1.0,0.8571428571428571,0.4864864864864865,0.6206896551724138,9.428571428571427,0.9044041285199731,0.7073170731707317,0.7837837837837838,0.7435897435897435,7.780487804878049,0.8390009209798195,0.4024390243902439,0.8918918918918919,0.5546218487394957,4.426829268292683,0.9040098599053457,multimodal_no_climate,m3_broad
known_mining_neutral_ratio_1_10,full_feature_graph_guided_m4,groupkfold_state_matched_features,2,Washington,multimodal_no_climate__m4_spearman__XGB,385,1331,407,37,370,0.9626004382761141,0.8454727706237108,0.768918918918919,0.9523809523809523,0.5405405405405406,0.6896551724137931,369,1,17,20,1.0,0.13513513513513514,0.2380952380952381,11.0,1.0,0.9523809523809523,0.5405405405405406,0.6896551724137931,10.476190476190474,0.9691316061072882,0.7073170731707317,0.7837837837837838,0.7435897435897435,7.780487804878049,0.8423635186398144,0.4146341463414634,0.918918918918919,0.5714285714285714,4.560975609756097,0.9247746324458658,multimodal_no_climate,m4_spearman
known_mining_neutral_ratio_1_10,full_feature_graph_guided_m4,groupkfold_state_matched_features,3,Nevada,geochemistry_only__raw__XGB,312,1430,308,28,280,0.9534438775510203,0.7501846966992899,0.8375,0.6451612903225806,0.7142857142857143,0.6779661016949152,269,11,8,20,1.0,0.14285714285714285,0.25,11.0,1.0,0.8125,0.4642857142857143,0.5909090909090908,8.9375,0.8479453799701056,0.6451612903225806,0.7142857142857143,0.6779661016949152,7.096774193548387,0.7691006629190197,0.41935483870967744,0.9285714285714286,0.5777777777777778,4.612903225806452,0.8958286012213245,geochemistry_only,raw
known_mining_neutral_ratio_1_10,full_feature_graph_guided_m4,groupkfold_state_matched_features,3,Nevada,geochemistry_only__m3_broad__XGB,312,1430,308,28,280,0.9117346938775511,0.6102405007412955,0.7857142857142857,0.6296296296296297,0.6071428571428571,0.6181818181818182,270,10,11,17,0.75,0.10714285714285714,0.1875,8.25,0.75369761125927,0.625,0.35714285714285715,0.45454545454545453,6.875,0.6765256834249255,0.6129032258064516,0.6785714285714286,0.6440677966101694,6.741935483870968,0.693865861439479,0.3709677419354839,0.8214285714285714,0.5111111111111112,4.080645161290322,0.7793376843838724,geochemistry_only,m3_broad
known_mining_neutral_ratio_1_10,full_feature_graph_guided_m4,groupkfold_state_matched_features,3,Nevada,geochemistry_only__m4_spearman__XGB,312,1430,308,28,280,0.9485969387755102,0.7057403351118093,0.8214285714285714,0.6551724137931034,0.6785714285714286,0.6666666666666666,270,10,9,19,1.0,0.14285714285714285,0.25,11.0,1.0,0.75,0.42857142857142855,0.5454545454545454,8.25,0.7823839922623236,0.6129032258064516,0.6785714285714286,0.6440677966101694,6.741935483870968,0.726915757214038,0.41935483870967744,0.9285714285714286,0.5777777777777778,4.612903225806452,0.8763991046340399,geochemistry_only,m4_spearman
known_mining_neutral_ratio_1_10,full_feature_graph_guided_m4,groupkfold_state_matched_features,3,Nevada,multimodal_no_climate__raw__XGB,385,1430,308,28,280,0.9415816326530613,0.7234917089454681,0.8214285714285714,0.6551724137931034,0.6785714285714286,0.6666666666666666,270,10,9,19,1.0,0.14285714285714285,0.25,11.0,1.0,0.75,0.42857142857142855,0.5454545454545454,8.25,0.8047834560902084,0.6129032258064516,0.6785714285714286,0.6440677966101694,6.741935483870968,0.7393099545695472,0.41935483870967744,0.9285714285714286,0.5777777777777778,4.612903225806452,0.8882254426810589,multimodal_no_climate,raw
known_mining_neutral_ratio_1_10,full_feature_graph_guided_m4,groupkfold_state_matched_features,3,Nevada,multimodal_no_climate__m3_broad__XGB,385,1430,308,28,280,0.9173469387755101,0.705038417608602,0.8392857142857143,0.6666666666666666,0.7142857142857143,0.6896551724137931,270,10,8,20,1.0,0.14285714285714285,0.25,11.0,1.0,0.8125,0.4642857142857143,0.5909090909090908,8.9375,0.8469829966728517,0.6451612903225806,0.7142857142857143,0.6779661016949152,7.096774193548387,0.766059255416207,0.3709677419354839,0.8214285714285714,0.5111111111111112,4.080645161290322,0.8319403827548391,multimodal_no_climate,m3_broad
known_mining_neutral_ratio_1_10,full_feature_graph_guided_m4,groupkfold_state_matched_features,3,Nevada,multimodal_no_climate__m4_spearman__XGB,385,1430,308,28,280,0.9401785714285714,0.7298788948715137,0.8035714285714286,0.6428571428571429,0.6428571428571429,0.6428571428571429,270,10,10,18,1.0,0.14285714285714285,0.25,11.0,1.0,0.8125,0.4642857142857143,0.5909090909090908,8.9375,0.8546574539234342,0.6129032258064516,0.6785714285714286,0.6440677966101694,6.741935483870968,0.7456289988172768,0.41935483870967744,0.9285714285714286,0.5777777777777778,4.612903225806452,0.8913582354580029,multimodal_no_climate,m4_spearman
known_mining_neutral_ratio_1_10,full_feature_graph_guided_m4,groupkfold_state_matched_features,4,California;Colorado;New Mexico;Oregon,geochemistry_only__raw__XGB,312,1540,198,18,180,0.8527777777777777,0.4911119654117192,0.7694444444444445,0.4583333333333333,0.6111111111111112,0.5238095238095238,167,13,7,11,0.5,0.05555555555555555,0.09999999999999999,5.5,0.6131471927654584,0.6,0.3333333333333333,0.42857142857142855,6.6,0.6403089930936582,0.5,0.5555555555555556,0.5263157894736842,5.5,0.5933157509732773,0.325,0.7222222222222222,0.44827586206896547,3.575,0.6878589871337181,geochemistry_only,raw
known_mining_neutral_ratio_1_10,full_feature_graph_guided_m4,groupkfold_state_matched_features,4,California;Colorado;New Mexico;Oregon,geochemistry_only__m3_broad__XGB,312,1540,198,18,180,0.8342592592592593,0.5281456347391662,0.8194444444444444,0.7058823529411765,0.6666666666666666,0.6857142857142857,175,5,6,12,0.5,0.05555555555555555,0.09999999999999999,5.5,0.38685280723454163,0.7,0.3888888888888889,0.5,7.699999999999999,0.6163668470816235,0.6,0.6666666666666666,0.631578947368421,6.6,0.6233103429535477,0.325,0.7222222222222222,0.44827586206896547,3.575,0.6552664119516216,geochemistry_only,m3_broad
known_mining_neutral_ratio_1_10,full_feature_graph_guided_m4,groupkfold_state_matched_features,4,California;Colorado;New Mexico;Oregon,geochemistry_only__m4_spearman__XGB,312,1540,198,18,180,0.9080246913580248,0.7025508263509435,0.8138888888888889,0.631578947368421,0.6666666666666666,0.6486486486486487,173,7,6,12,1.0,0.1111111111111111,0.19999999999999998,11.0,1.0,0.9,0.5,0.6428571428571429,9.9,0.9216017310213247,0.6,0.6666666666666666,0.631578947368421,6.6,0.7539735259232964,0.325,0.7222222222222222,0.44827586206896547,3.575,0.7866936418975566,geochemistry_only,m4_spearman
known_mining_neutral_ratio_1_10,full_feature_graph_guided_m4,groupkfold_state_matched_features,4,California;Colorado;New Mexico;Oregon,multimodal_no_climate__raw__XGB,385,1540,198,18,180,0.895679012345679,0.5564243290618842,0.8166666666666667,0.4482758620689655,0.7222222222222222,0.5531914893617021,164,16,5,13,1.0,0.1111111111111111,0.19999999999999998,11.0,1.0,0.6,0.3333333333333333,0.42857142857142855,6.6,0.6804503724350792,0.55,0.6111111111111112,0.5789473684210527,6.050000000000001,0.6580758640018008,0.325,0.7222222222222222,0.44827586206896547,3.575,0.7232734006812405,multimodal_no_climate,raw
known_mining_neutral_ratio_1_10,full_feature_graph_guided_m4,groupkfold_state_matched_features,4,California;Colorado;New Mexico;Oregon,multimodal_no_climate__m3_broad__XGB,385,1540,198,18,180,0.8984567901234568,0.708678975994833,0.8194444444444444,0.7058823529411765,0.6666666666666666,0.6857142857142857,175,5,6,12,1.0,0.1111111111111111,0.19999999999999998,11.0,1.0,0.8,0.4444444444444444,0.5714285714285714,8.8,0.8669479898642711,0.6,0.6666666666666666,0.631578947368421,6.6,0.7548278094582754,0.35,0.7777777777777778,0.48275862068965514,3.8499999999999996,0.8192906034949881,multimodal_no_climate,m3_broad
known_mining_neutral_ratio_1_10,full_feature_graph_guided_m4,groupkfold_state_matched_features,4,California;Colorado;New Mexico;Oregon,multimodal_no_climate__m4_spearman__XGB,385,1540,198,18,180,0.921604938271605,0.7458584351317044,0.8416666666666667,0.65,0.7222222222222222,0.6842105263157895,173,7,5,13,1.0,0.1111111111111111,0.19999999999999998,11.0,1.0,0.9,0.5,0.6428571428571429,9.9,0.9363792118010483,0.65,0.7222222222222222,0.6842105263157895,7.15,0.7996578351164114,0.325,0.7222222222222222,0.44827586206896547,3.575,0.7996578351164115,multimodal_no_climate,m4_spearman
known_mining_neutral_ratio_1_10,full_feature_graph_guided_m4,groupkfold_state_matched_features,5,Idaho;Montana;Utah;Wyoming,geochemistry_only__raw__XGB,312,1551,187,17,170,0.9823529411764707,0.8277553471626975,0.8911764705882352,0.6666666666666666,0.8235294117647058,0.7368421052631579,163,7,3,14,1.0,0.11764705882352941,0.21052631578947367,11.0,1.0,0.8,0.47058823529411764,0.5925925925925927,8.8,0.857980942822373,0.6842105263157895,0.7647058823529411,0.7222222222222222,7.526315789473684,0.8124605384171161,0.4473684210526316,1.0,0.6181818181818182,4.921052631578947,0.9514778442028143,geochemistry_only,raw
known_mining_neutral_ratio_1_10,full_feature_graph_guided_m4,groupkfold_state_matched_features,5,Idaho;Montana;Utah;Wyoming,geochemistry_only__m3_broad__XGB,312,1551,187,17,170,0.931833910034602,0.6033272134526697,0.7735294117647059,0.5882352941176471,0.5882352941176471,0.5882352941176471,163,7,7,10,0.5,0.058823529411764705,0.10526315789473684,5.5,0.38685280723454163,0.7,0.4117647058823529,0.5185185185185185,7.699999999999999,0.6442227883107536,0.631578947368421,0.7058823529411765,0.6666666666666667,6.947368421052631,0.6567237939381164,0.3684210526315789,0.8235294117647058,0.509090909090909,4.052631578947368,0.7233907606920644,geochemistry_only,m3_broad
known_mining_neutral_ratio_1_10,full_feature_graph_guided_m4,groupkfold_state_matched_features,5,Idaho;Montana;Utah;Wyoming,geochemistry_only__m4_spearman__XGB,312,1551,187,17,170,0.9705882352941176,0.7938525595392789,0.8529411764705882,0.5652173913043478,0.7647058823529411,0.65,160,10,4,13,1.0,0.11764705882352941,0.21052631578947367,11.0,1.0,0.8,0.47058823529411764,0.5925925925925927,8.8,0.8669479898642711,0.6842105263157895,0.7647058823529411,0.7222222222222222,7.526315789473684,0.8171324781994574,0.4473684210526316,1.0,0.6181818181818182,4.921052631578947,0.9437246975462733,geochemistry_only,m4_spearman
known_mining_neutral_ratio_1_10,full_feature_graph_guided_m4,groupkfold_state_matched_features,5,Idaho;Montana;Utah;Wyoming,multimodal_no_climate__raw__XGB,385,1551,187,17,170,0.985121107266436,0.7917145762733998,0.9764705882352941,0.68,1.0,0.8095238095238095,162,8,0,17,0.5,0.058823529411764705,0.10526315789473684,5.5,0.6131471927654584,0.8,0.47058823529411764,0.5925925925925927,8.8,0.7877736340270853,0.7368421052631579,0.8235294117647058,0.7777777777777778,8.105263157894736,0.8047680913872917,0.4473684210526316,1.0,0.6181818181818182,4.921052631578947,0.9108189652096409,multimodal_no_climate,raw
known_mining_neutral_ratio_1_10,full_feature_graph_guided_m4,groupkfold_state_matched_features,5,Idaho;Montana;Utah;Wyoming,multimodal_no_climate__m3_broad__XGB,385,1551,187,17,170,0.9460207612456748,0.6049559972391376,0.8058823529411765,0.6470588235294118,0.6470588235294118,0.6470588235294118,164,6,6,11,0.5,0.058823529411764705,0.10526315789473684,5.5,0.38685280723454163,0.6,0.35294117647058826,0.4444444444444445,6.6,0.5806020001118019,0.5789473684210527,0.6470588235294118,0.6111111111111113,6.368421052631579,0.6143673083121889,0.42105263157894735,0.9411764705882353,0.5818181818181818,4.63157894736842,0.7768367777782677,multimodal_no_climate,m3_broad
known_mining_neutral_ratio_1_10,full_feature_graph_guided_m4,groupkfold_state_matched_features,5,Idaho;Montana;Utah;Wyoming,multimodal_no_climate__m4_spearman__XGB,385,1551,187,17,170,0.9705882352941176,0.7731366019601313,0.9058823529411765,0.5555555555555556,0.8823529411764706,0.6818181818181818,158,12,2,15,1.0,0.11764705882352941,0.21052631578947367,11.0,1.0,0.8,0.47058823529411764,0.5925925925925927,8.8,0.8389574121760603,0.631578947368421,0.7058823529411765,0.6666666666666667,6.947368421052631,0.7689547386652877,0.4473684210526316,1.0,0.6181818181818182,4.921052631578947,0.9302862647681132,multimodal_no_climate,m4_spearman
