comparison,metric,m2_mean,candidate_mean,mean_difference,paired_bootstrap_ci95_low,paired_bootstrap_ci95_high,better_folds,equal_folds,worse_folds,fold_differences
M3_ASTER_BROAD_XGB minus M2_ASTER_RAW_XGB,roc_auc,0.7208634719981845,0.7268005742444485,0.0059371022462639585,-0.0465144016719208,0.07489487775056544,2,0,3,"[-0.034294, 0.13926, 0.022698, -0.031974, -0.066005]"
M3_ASTER_BROAD_XGB minus M2_ASTER_RAW_XGB,average_precision,0.28632541102802805,0.30167559133923094,0.015350180311202874,-0.011691749853251271,0.05080135725120054,2,0,3,"[-0.021987, 0.07685, 0.029915, -0.00157, -0.006457]"
M3_ASTER_BROAD_XGB minus M2_ASTER_RAW_XGB,f1,0.29045105761602885,0.29318414918414915,0.002733091568120324,-0.0662210579238443,0.06538347200001336,3,0,2,"[-0.022222, 0.100186, 0.006275, -0.119155, 0.048583]"
M3_ASTER_BROAD_XGB minus M2_ASTER_RAW_XGB,top05_precision,0.3426704014939309,0.41171802054154993,0.06904761904761905,0.0,0.16904761904761906,2,3,0,"[0.0, 0.095238, 0.0, 0.25, 0.0]"
M3_ASTER_BROAD_XGB minus M2_ASTER_RAW_XGB,top05_recall,0.20645068145068146,0.23948371448371447,0.03303303303303303,0.0,0.07747747747747748,2,3,0,"[0.0, 0.054054, 0.0, 0.111111, 0.0]"
M3_ASTER_BROAD_XGB minus M2_ASTER_RAW_XGB,top05_f1,0.254908825798118,0.2994711600156246,0.04456233421750665,0.0,0.1061007957559682,2,3,0,"[0.0, 0.068966, 0.0, 0.153846, 0.0]"
M3_ASTER_BROAD_XGB minus M2_ASTER_RAW_XGB,top05_ndcg,0.3823471288571552,0.43081464195860686,0.04846751310145162,0.00992414275684742,0.08701088344605581,4,1,0,"[0.00482, 0.09764, 0.03998, 0.099897, 0.0]"
M3_ASTER_BROAD_XGB minus M2_ASTER_RAW_XGB,top10_precision,0.28549465240641714,0.2747803666921314,-0.010714285714285714,-0.075,0.04285714285714286,1,3,1,"[0.0, 0.071429, 0.0, -0.125, 0.0]"
M3_ASTER_BROAD_XGB minus M2_ASTER_RAW_XGB,top10_recall,0.32694040194040197,0.32093439593439593,-0.006006006006006004,-0.06666666666666667,0.04864864864864865,1,3,1,"[0.0, 0.081081, 0.0, -0.111111, 0.0]"
M3_ASTER_BROAD_XGB minus M2_ASTER_RAW_XGB,top10_f1,0.3014448652288827,0.29310532688189833,-0.008339538346984348,-0.07058823529411763,0.045569620253164585,1,3,1,"[0.0, 0.075949, 0.0, -0.117647, 0.0]"
M3_ASTER_BROAD_XGB minus M2_ASTER_RAW_XGB,top10_ndcg,0.3621731245981402,0.3646980475134984,0.002524922915358124,-0.05703245857820409,0.049913452399388,3,0,2,"[0.00113, 0.083285, 0.036313, -0.106686, -0.001417]"
M4_ASTER_SPEARMAN_XGB minus M2_ASTER_RAW_XGB,roc_auc,0.7208634719981845,0.6898169501769209,-0.031046521821263672,-0.07914242234124597,0.011439214491115823,1,0,4,"[-0.002609, -0.109033, 0.04, -0.017586, -0.066005]"
M4_ASTER_SPEARMAN_XGB minus M2_ASTER_RAW_XGB,average_precision,0.28632541102802805,0.2747322382841606,-0.011593172743867428,-0.020209413240537065,0.002151379506237694,1,0,4,"[-0.019091, -0.022661, 0.015239, -0.01748, -0.013973]"
M4_ASTER_SPEARMAN_XGB minus M2_ASTER_RAW_XGB,f1,0.29045105761602885,0.27000864501839744,-0.020442412597631413,-0.04594585768659474,0.005061032491331913,2,0,3,"[-0.056631, 0.011391, 0.006275, -0.053221, -0.010025]"
M4_ASTER_SPEARMAN_XGB minus M2_ASTER_RAW_XGB,top05_precision,0.3426704014939309,0.3250233426704015,-0.017647058823529415,-0.05294117647058825,0.0,0,4,1,"[-0.088235, 0.0, 0.0, 0.0, 0.0]"
M4_ASTER_SPEARMAN_XGB minus M2_ASTER_RAW_XGB,top05_recall,0.20645068145068146,0.19573639573639573,-0.010714285714285721,-0.03214285714285716,0.0,0,4,1,"[-0.053571, 0.0, 0.0, 0.0, 0.0]"
M4_ASTER_SPEARMAN_XGB minus M2_ASTER_RAW_XGB,top05_f1,0.254908825798118,0.24157549246478466,-0.013333333333333341,-0.04000000000000002,0.0,0,4,1,"[-0.066667, 0.0, 0.0, 0.0, 0.0]"
M4_ASTER_SPEARMAN_XGB minus M2_ASTER_RAW_XGB,top05_ndcg,0.3823471288571552,0.3743211800163548,-0.008025948840800401,-0.03869777667205564,0.012750784785187397,2,1,2,"[-0.067261, -0.004732, 0.013027, 0.018836, 0.0]"
M4_ASTER_SPEARMAN_XGB minus M2_ASTER_RAW_XGB,top10_precision,0.28549465240641714,0.24802966641201935,-0.03746498599439776,-0.08452380952380953,-0.002941176470588236,0,2,3,"[-0.014706, -0.047619, 0.0, -0.125, 0.0]"
M4_ASTER_SPEARMAN_XGB minus M2_ASTER_RAW_XGB,top10_recall,0.32694040194040197,0.29033594033594035,-0.036604461604461604,-0.07747747747747748,-0.00357142857142857,0,2,3,"[-0.017857, -0.054054, 0.0, -0.111111, 0.0]"
M4_ASTER_SPEARMAN_XGB minus M2_ASTER_RAW_XGB,top10_f1,0.3014448652288827,0.2645630647340829,-0.03688180049479979,-0.08071481757259863,-0.0032258064516129115,0,2,3,"[-0.016129, -0.050633, 0.0, -0.117647, 0.0]"
M4_ASTER_SPEARMAN_XGB minus M2_ASTER_RAW_XGB,top10_ndcg,0.3621731245981402,0.33592641545521684,-0.026246709142923395,-0.0564060633411078,-0.000235239828037781,1,0,4,"[-0.020836, -0.040108, 0.012496, -0.08012, -0.002666]"
