sample_id,state,Y_label,fold,test_group,row_index
NEG_KMN_AR_00001,Arizona,0,1,Arizona,0
NEG_KMN_AR_00002,Arizona,0,1,Arizona,1
NEG_KMN_AR_00003,Arizona,0,1,Arizona,2
NEG_KMN_AR_00004,Arizona,0,1,Arizona,3
NEG_KMN_AR_00005,Arizona,0,1,Arizona,4
NEG_KMN_AR_00006,Arizona,0,1,Arizona,5
NEG_KMN_AR_00007,Arizona,0,1,Arizona,6
NEG_KMN_AR_00008,Arizona,0,1,Arizona,7
NEG_KMN_AR_00009,Arizona,0,1,Arizona,8
NEG_KMN_AR_00010,Arizona,0,1,Arizona,9
NEG_KMN_AR_00011,Arizona,0,1,Arizona,10
NEG_KMN_AR_00012,Arizona,0,1,Arizona,11
NEG_KMN_AR_00013,Arizona,0,1,Arizona,12
NEG_KMN_AR_00014,Arizona,0,1,Arizona,13
NEG_KMN_AR_00015,Arizona,0,1,Arizona,14
NEG_KMN_AR_00016,Arizona,0,1,Arizona,15
NEG_KMN_AR_00017,Arizona,0,1,Arizona,16
NEG_KMN_AR_00018,Arizona,0,1,Arizona,17
NEG_KMN_AR_00019,Arizona,0,1,Arizona,18
NEG_KMN_AR_00020,Arizona,0,1,Arizona,19
NEG_KMN_AR_00021,Arizona,0,1,Arizona,20
NEG_KMN_AR_00022,Arizona,0,1,Arizona,21
NEG_KMN_AR_00023,Arizona,0,1,Arizona,22
NEG_KMN_AR_00024,Arizona,0,1,Arizona,23
NEG_KMN_AR_00025,Arizona,0,1,Arizona,24
NEG_KMN_AR_00026,Arizona,0,1,Arizona,25
NEG_KMN_AR_00027,Arizona,0,1,Arizona,26
NEG_KMN_AR_00028,Arizona,0,1,Arizona,27
NEG_KMN_AR_00029,Arizona,0,1,Arizona,28
NEG_KMN_AR_00030,Arizona,0,1,Arizona,29
NEG_KMN_AR_00031,Arizona,0,1,Arizona,30
NEG_KMN_AR_00032,Arizona,0,1,Arizona,31
NEG_KMN_AR_00033,Arizona,0,1,Arizona,32
NEG_KMN_AR_00034,Arizona,0,1,Arizona,33
NEG_KMN_AR_00035,Arizona,0,1,Arizona,34
NEG_KMN_AR_00036,Arizona,0,1,Arizona,35
NEG_KMN_AR_00037,Arizona,0,1,Arizona,36
NEG_KMN_AR_00038,Arizona,0,1,Arizona,37
NEG_KMN_AR_00039,Arizona,0,1,Arizona,38
NEG_KMN_AR_00040,Arizona,0,1,Arizona,39
NEG_KMN_AR_00041,Arizona,0,1,Arizona,40
NEG_KMN_AR_00042,Arizona,0,1,Arizona,41
NEG_KMN_AR_00043,Arizona,0,1,Arizona,42
NEG_KMN_AR_00044,Arizona,0,1,Arizona,43
NEG_KMN_AR_00045,Arizona,0,1,Arizona,44
NEG_KMN_AR_00046,Arizona,0,1,Arizona,45
NEG_KMN_AR_00047,Arizona,0,1,Arizona,46
NEG_KMN_AR_00048,Arizona,0,1,Arizona,47
NEG_KMN_AR_00049,Arizona,0,1,Arizona,48
NEG_KMN_AR_00050,Arizona,0,1,Arizona,49
NEG_KMN_AR_00051,Arizona,0,1,Arizona,50
NEG_KMN_AR_00052,Arizona,0,1,Arizona,51
NEG_KMN_AR_00053,Arizona,0,1,Arizona,52
NEG_KMN_AR_00054,Arizona,0,1,Arizona,53
NEG_KMN_AR_00055,Arizona,0,1,Arizona,54
NEG_KMN_AR_00056,Arizona,0,1,Arizona,55
NEG_KMN_AR_00057,Arizona,0,1,Arizona,56
NEG_KMN_AR_00058,Arizona,0,1,Arizona,57
NEG_KMN_AR_00059,Arizona,0,1,Arizona,58
NEG_KMN_AR_00060,Arizona,0,1,Arizona,59
NEG_KMN_AR_00061,Arizona,0,1,Arizona,60
NEG_KMN_AR_00062,Arizona,0,1,Arizona,61
NEG_KMN_AR_00063,Arizona,0,1,Arizona,62
NEG_KMN_AR_00064,Arizona,0,1,Arizona,63
NEG_KMN_AR_00065,Arizona,0,1,Arizona,64
NEG_KMN_AR_00066,Arizona,0,1,Arizona,65
NEG_KMN_AR_00067,Arizona,0,1,Arizona,66
NEG_KMN_AR_00068,Arizona,0,1,Arizona,67
NEG_KMN_AR_00069,Arizona,0,1,Arizona,68
NEG_KMN_AR_00070,Arizona,0,1,Arizona,69
NEG_KMN_AR_00071,Arizona,0,1,Arizona,70
NEG_KMN_AR_00072,Arizona,0,1,Arizona,71
NEG_KMN_AR_00073,Arizona,0,1,Arizona,72
NEG_KMN_AR_00074,Arizona,0,1,Arizona,73
NEG_KMN_AR_00075,Arizona,0,1,Arizona,74
NEG_KMN_AR_00076,Arizona,0,1,Arizona,75
NEG_KMN_AR_00077,Arizona,0,1,Arizona,76
NEG_KMN_AR_00078,Arizona,0,1,Arizona,77
NEG_KMN_AR_00079,Arizona,0,1,Arizona,78
NEG_KMN_AR_00080,Arizona,0,1,Arizona,79
NEG_KMN_AR_00081,Arizona,0,1,Arizona,80
NEG_KMN_AR_00082,Arizona,0,1,Arizona,81
NEG_KMN_AR_00083,Arizona,0,1,Arizona,82
NEG_KMN_AR_00084,Arizona,0,1,Arizona,83
NEG_KMN_AR_00085,Arizona,0,1,Arizona,84
NEG_KMN_AR_00086,Arizona,0,1,Arizona,85
NEG_KMN_AR_00087,Arizona,0,1,Arizona,86
NEG_KMN_AR_00088,Arizona,0,1,Arizona,87
NEG_KMN_AR_00089,Arizona,0,1,Arizona,88
NEG_KMN_AR_00090,Arizona,0,1,Arizona,89
NEG_KMN_AR_00091,Arizona,0,1,Arizona,90
NEG_KMN_AR_00092,Arizona,0,1,Arizona,91
NEG_KMN_AR_00093,Arizona,0,1,Arizona,92
NEG_KMN_AR_00094,Arizona,0,1,Arizona,93
NEG_KMN_AR_00095,Arizona,0,1,Arizona,94
NEG_KMN_AR_00096,Arizona,0,1,Arizona,95
NEG_KMN_AR_00097,Arizona,0,1,Arizona,96
NEG_KMN_AR_00098,Arizona,0,1,Arizona,97
NEG_KMN_AR_00099,Arizona,0,1,Arizona,98
NEG_KMN_AR_00100,Arizona,0,1,Arizona,99
NEG_KMN_AR_00101,Arizona,0,1,Arizona,100
NEG_KMN_AR_00102,Arizona,0,1,Arizona,101
NEG_KMN_AR_00103,Arizona,0,1,Arizona,102
NEG_KMN_AR_00104,Arizona,0,1,Arizona,103
NEG_KMN_AR_00105,Arizona,0,1,Arizona,104
NEG_KMN_AR_00106,Arizona,0,1,Arizona,105
NEG_KMN_AR_00107,Arizona,0,1,Arizona,106
NEG_KMN_AR_00108,Arizona,0,1,Arizona,107
NEG_KMN_AR_00109,Arizona,0,1,Arizona,108
NEG_KMN_AR_00110,Arizona,0,1,Arizona,109
NEG_KMN_AR_00111,Arizona,0,1,Arizona,110
NEG_KMN_AR_00112,Arizona,0,1,Arizona,111
NEG_KMN_AR_00113,Arizona,0,1,Arizona,112
NEG_KMN_AR_00114,Arizona,0,1,Arizona,113
NEG_KMN_AR_00115,Arizona,0,1,Arizona,114
NEG_KMN_AR_00116,Arizona,0,1,Arizona,115
NEG_KMN_AR_00117,Arizona,0,1,Arizona,116
NEG_KMN_AR_00118,Arizona,0,1,Arizona,117
NEG_KMN_AR_00119,Arizona,0,1,Arizona,118
NEG_KMN_AR_00120,Arizona,0,1,Arizona,119
NEG_KMN_AR_00121,Arizona,0,1,Arizona,120
NEG_KMN_AR_00122,Arizona,0,1,Arizona,121
NEG_KMN_AR_00123,Arizona,0,1,Arizona,122
NEG_KMN_AR_00124,Arizona,0,1,Arizona,123
NEG_KMN_AR_00125,Arizona,0,1,Arizona,124
NEG_KMN_AR_00126,Arizona,0,1,Arizona,125
NEG_KMN_AR_00127,Arizona,0,1,Arizona,126
NEG_KMN_AR_00128,Arizona,0,1,Arizona,127
NEG_KMN_AR_00129,Arizona,0,1,Arizona,128
NEG_KMN_AR_00130,Arizona,0,1,Arizona,129
NEG_KMN_AR_00131,Arizona,0,1,Arizona,130
NEG_KMN_AR_00132,Arizona,0,1,Arizona,131
NEG_KMN_AR_00133,Arizona,0,1,Arizona,132
NEG_KMN_AR_00134,Arizona,0,1,Arizona,133
NEG_KMN_AR_00135,Arizona,0,1,Arizona,134
NEG_KMN_AR_00136,Arizona,0,1,Arizona,135
NEG_KMN_AR_00137,Arizona,0,1,Arizona,136
NEG_KMN_AR_00138,Arizona,0,1,Arizona,137
NEG_KMN_AR_00139,Arizona,0,1,Arizona,138
NEG_KMN_AR_00140,Arizona,0,1,Arizona,139
NEG_KMN_AR_00141,Arizona,0,1,Arizona,140
NEG_KMN_AR_00142,Arizona,0,1,Arizona,141
NEG_KMN_AR_00143,Arizona,0,1,Arizona,142
NEG_KMN_AR_00144,Arizona,0,1,Arizona,143
NEG_KMN_AR_00146,Arizona,0,1,Arizona,144
NEG_KMN_AR_00147,Arizona,0,1,Arizona,145
NEG_KMN_AR_00148,Arizona,0,1,Arizona,146
NEG_KMN_AR_00149,Arizona,0,1,Arizona,147
NEG_KMN_AR_00150,Arizona,0,1,Arizona,148
NEG_KMN_AR_00151,Arizona,0,1,Arizona,149
NEG_KMN_AR_00152,Arizona,0,1,Arizona,150
NEG_KMN_AR_00153,Arizona,0,1,Arizona,151
NEG_KMN_AR_00154,Arizona,0,1,Arizona,152
NEG_KMN_AR_00155,Arizona,0,1,Arizona,153
NEG_KMN_AR_00156,Arizona,0,1,Arizona,154
NEG_KMN_AR_00157,Arizona,0,1,Arizona,155
NEG_KMN_AR_00158,Arizona,0,1,Arizona,156
NEG_KMN_AR_00159,Arizona,0,1,Arizona,157
NEG_KMN_AR_00160,Arizona,0,1,Arizona,158
NEG_KMN_AR_00161,Arizona,0,1,Arizona,159
NEG_KMN_AR_00162,Arizona,0,1,Arizona,160
NEG_KMN_AR_00163,Arizona,0,1,Arizona,161
NEG_KMN_AR_00164,Arizona,0,1,Arizona,162
NEG_KMN_AR_00165,Arizona,0,1,Arizona,163
NEG_KMN_AR_00166,Arizona,0,1,Arizona,164
NEG_KMN_AR_00167,Arizona,0,1,Arizona,165
NEG_KMN_AR_00168,Arizona,0,1,Arizona,166
NEG_KMN_AR_00169,Arizona,0,1,Arizona,167
NEG_KMN_AR_00170,Arizona,0,1,Arizona,168
NEG_KMN_AR_00171,Arizona,0,1,Arizona,169
NEG_KMN_AR_00172,Arizona,0,1,Arizona,170
NEG_KMN_AR_00173,Arizona,0,1,Arizona,171
NEG_KMN_AR_00174,Arizona,0,1,Arizona,172
NEG_KMN_AR_00175,Arizona,0,1,Arizona,173
NEG_KMN_AR_00176,Arizona,0,1,Arizona,174
NEG_KMN_AR_00177,Arizona,0,1,Arizona,175
NEG_KMN_AR_00178,Arizona,0,1,Arizona,176
NEG_KMN_AR_00179,Arizona,0,1,Arizona,177
NEG_KMN_AR_00180,Arizona,0,1,Arizona,178
NEG_KMN_AR_00181,Arizona,0,1,Arizona,179
NEG_KMN_AR_00182,Arizona,0,1,Arizona,180
NEG_KMN_AR_00183,Arizona,0,1,Arizona,181
NEG_KMN_AR_00184,Arizona,0,1,Arizona,182
NEG_KMN_AR_00185,Arizona,0,1,Arizona,183
NEG_KMN_AR_00186,Arizona,0,1,Arizona,184
NEG_KMN_AR_00187,Arizona,0,1,Arizona,185
NEG_KMN_AR_00188,Arizona,0,1,Arizona,186
NEG_KMN_AR_00189,Arizona,0,1,Arizona,187
NEG_KMN_AR_00190,Arizona,0,1,Arizona,188
NEG_KMN_AR_00191,Arizona,0,1,Arizona,189
NEG_KMN_AR_00192,Arizona,0,1,Arizona,190
NEG_KMN_AR_00193,Arizona,0,1,Arizona,191
NEG_KMN_AR_00194,Arizona,0,1,Arizona,192
NEG_KMN_AR_00195,Arizona,0,1,Arizona,193
NEG_KMN_AR_00196,Arizona,0,1,Arizona,194
NEG_KMN_AR_00197,Arizona,0,1,Arizona,195
NEG_KMN_AR_00198,Arizona,0,1,Arizona,196
NEG_KMN_AR_00199,Arizona,0,1,Arizona,197
NEG_KMN_AR_00200,Arizona,0,1,Arizona,198
NEG_KMN_AR_00201,Arizona,0,1,Arizona,199
NEG_KMN_AR_00202,Arizona,0,1,Arizona,200
NEG_KMN_AR_00203,Arizona,0,1,Arizona,201
NEG_KMN_AR_00204,Arizona,0,1,Arizona,202
NEG_KMN_AR_00206,Arizona,0,1,Arizona,203
NEG_KMN_AR_00207,Arizona,0,1,Arizona,204
NEG_KMN_AR_00208,Arizona,0,1,Arizona,205
NEG_KMN_AR_00209,Arizona,0,1,Arizona,206
NEG_KMN_AR_00210,Arizona,0,1,Arizona,207
NEG_KMN_AR_00211,Arizona,0,1,Arizona,208
NEG_KMN_AR_00212,Arizona,0,1,Arizona,209
NEG_KMN_AR_00213,Arizona,0,1,Arizona,210
NEG_KMN_AR_00214,Arizona,0,1,Arizona,211
NEG_KMN_AR_00215,Arizona,0,1,Arizona,212
NEG_KMN_AR_00216,Arizona,0,1,Arizona,213
NEG_KMN_AR_00217,Arizona,0,1,Arizona,214
NEG_KMN_AR_00218,Arizona,0,1,Arizona,215
NEG_KMN_AR_00219,Arizona,0,1,Arizona,216
NEG_KMN_AR_00220,Arizona,0,1,Arizona,217
NEG_KMN_AR_00221,Arizona,0,1,Arizona,218
NEG_KMN_AR_00222,Arizona,0,1,Arizona,219
NEG_KMN_AR_00223,Arizona,0,1,Arizona,220
NEG_KMN_AR_00224,Arizona,0,1,Arizona,221
NEG_KMN_AR_00225,Arizona,0,1,Arizona,222
NEG_KMN_AR_00226,Arizona,0,1,Arizona,223
NEG_KMN_AR_00227,Arizona,0,1,Arizona,224
NEG_KMN_AR_00228,Arizona,0,1,Arizona,225
NEG_KMN_AR_00229,Arizona,0,1,Arizona,226
NEG_KMN_AR_00230,Arizona,0,1,Arizona,227
NEG_KMN_AR_00231,Arizona,0,1,Arizona,228
NEG_KMN_AR_00232,Arizona,0,1,Arizona,229
NEG_KMN_AR_00233,Arizona,0,1,Arizona,230
NEG_KMN_AR_00234,Arizona,0,1,Arizona,231
NEG_KMN_AR_00235,Arizona,0,1,Arizona,232
NEG_KMN_AR_00236,Arizona,0,1,Arizona,233
NEG_KMN_AR_00237,Arizona,0,1,Arizona,234
NEG_KMN_AR_00238,Arizona,0,1,Arizona,235
NEG_KMN_AR_00239,Arizona,0,1,Arizona,236
NEG_KMN_AR_00240,Arizona,0,1,Arizona,237
NEG_KMN_AR_00241,Arizona,0,1,Arizona,238
NEG_KMN_AR_00242,Arizona,0,1,Arizona,239
NEG_KMN_AR_00243,Arizona,0,1,Arizona,240
NEG_KMN_AR_00244,Arizona,0,1,Arizona,241
NEG_KMN_AR_00245,Arizona,0,1,Arizona,242
NEG_KMN_AR_00246,Arizona,0,1,Arizona,243
NEG_KMN_AR_00247,Arizona,0,1,Arizona,244
NEG_KMN_AR_00248,Arizona,0,1,Arizona,245
NEG_KMN_AR_00249,Arizona,0,1,Arizona,246
NEG_KMN_AR_00250,Arizona,0,1,Arizona,247
NEG_KMN_AR_00251,Arizona,0,1,Arizona,248
NEG_KMN_AR_00252,Arizona,0,1,Arizona,249
NEG_KMN_AR_00253,Arizona,0,1,Arizona,250
NEG_KMN_AR_00254,Arizona,0,1,Arizona,251
NEG_KMN_AR_00255,Arizona,0,1,Arizona,252
NEG_KMN_AR_00256,Arizona,0,1,Arizona,253
NEG_KMN_AR_00257,Arizona,0,1,Arizona,254
NEG_KMN_AR_00258,Arizona,0,1,Arizona,255
NEG_KMN_AR_00259,Arizona,0,1,Arizona,256
NEG_KMN_AR_00260,Arizona,0,1,Arizona,257
NEG_KMN_AR_00261,Arizona,0,1,Arizona,258
NEG_KMN_AR_00262,Arizona,0,1,Arizona,259
NEG_KMN_AR_00263,Arizona,0,1,Arizona,260
NEG_KMN_AR_00264,Arizona,0,1,Arizona,261
NEG_KMN_AR_00265,Arizona,0,1,Arizona,262
NEG_KMN_AR_00266,Arizona,0,1,Arizona,263
NEG_KMN_AR_00267,Arizona,0,1,Arizona,264
NEG_KMN_AR_00268,Arizona,0,1,Arizona,265
NEG_KMN_AR_00269,Arizona,0,1,Arizona,266
NEG_KMN_AR_00270,Arizona,0,1,Arizona,267
NEG_KMN_AR_00271,Arizona,0,1,Arizona,268
NEG_KMN_AR_00272,Arizona,0,1,Arizona,269
NEG_KMN_AR_00273,Arizona,0,1,Arizona,270
NEG_KMN_AR_00274,Arizona,0,1,Arizona,271
NEG_KMN_AR_00275,Arizona,0,1,Arizona,272
NEG_KMN_AR_00276,Arizona,0,1,Arizona,273
NEG_KMN_AR_00277,Arizona,0,1,Arizona,274
NEG_KMN_AR_00278,Arizona,0,1,Arizona,275
NEG_KMN_AR_00279,Arizona,0,1,Arizona,276
NEG_KMN_AR_00280,Arizona,0,1,Arizona,277
NEG_KMN_AR_00281,Arizona,0,1,Arizona,278
NEG_KMN_AR_00282,Arizona,0,1,Arizona,279
NEG_KMN_AR_00283,Arizona,0,1,Arizona,280
NEG_KMN_AR_00284,Arizona,0,1,Arizona,281
NEG_KMN_AR_00285,Arizona,0,1,Arizona,282
NEG_KMN_AR_00286,Arizona,0,1,Arizona,283
NEG_KMN_AR_00287,Arizona,0,1,Arizona,284
NEG_KMN_AR_00288,Arizona,0,1,Arizona,285
NEG_KMN_AR_00289,Arizona,0,1,Arizona,286
NEG_KMN_AR_00290,Arizona,0,1,Arizona,287
NEG_KMN_AR_00291,Arizona,0,1,Arizona,288
NEG_KMN_AR_00292,Arizona,0,1,Arizona,289
NEG_KMN_AR_00293,Arizona,0,1,Arizona,290
NEG_KMN_AR_00294,Arizona,0,1,Arizona,291
NEG_KMN_AR_00295,Arizona,0,1,Arizona,292
NEG_KMN_AR_00296,Arizona,0,1,Arizona,293
NEG_KMN_AR_00297,Arizona,0,1,Arizona,294
NEG_KMN_AR_00298,Arizona,0,1,Arizona,295
NEG_KMN_AR_00299,Arizona,0,1,Arizona,296
NEG_KMN_AR_00300,Arizona,0,1,Arizona,297
NEG_KMN_AR_00301,Arizona,0,1,Arizona,298
NEG_KMN_AR_00302,Arizona,0,1,Arizona,299
NEG_KMN_AR_00303,Arizona,0,1,Arizona,300
NEG_KMN_AR_00304,Arizona,0,1,Arizona,301
NEG_KMN_AR_00305,Arizona,0,1,Arizona,302
NEG_KMN_AR_00306,Arizona,0,1,Arizona,303
NEG_KMN_AR_00307,Arizona,0,1,Arizona,304
NEG_KMN_AR_00308,Arizona,0,1,Arizona,305
NEG_KMN_AR_00309,Arizona,0,1,Arizona,306
NEG_KMN_AR_00310,Arizona,0,1,Arizona,307
NEG_KMN_AR_00311,Arizona,0,1,Arizona,308
NEG_KMN_AR_00312,Arizona,0,1,Arizona,309
NEG_KMN_AR_00313,Arizona,0,1,Arizona,310
NEG_KMN_AR_00314,Arizona,0,1,Arizona,311
NEG_KMN_AR_00315,Arizona,0,1,Arizona,312
NEG_KMN_AR_00316,Arizona,0,1,Arizona,313
NEG_KMN_AR_00317,Arizona,0,1,Arizona,314
NEG_KMN_AR_00318,Arizona,0,1,Arizona,315
NEG_KMN_AR_00319,Arizona,0,1,Arizona,316
NEG_KMN_AR_00320,Arizona,0,1,Arizona,317
NEG_KMN_AR_00321,Arizona,0,1,Arizona,318
NEG_KMN_AR_00322,Arizona,0,1,Arizona,319
NEG_KMN_AR_00323,Arizona,0,1,Arizona,320
NEG_KMN_AR_00324,Arizona,0,1,Arizona,321
NEG_KMN_AR_00326,Arizona,0,1,Arizona,322
NEG_KMN_AR_00327,Arizona,0,1,Arizona,323
NEG_KMN_AR_00328,Arizona,0,1,Arizona,324
NEG_KMN_AR_00329,Arizona,0,1,Arizona,325
NEG_KMN_AR_00330,Arizona,0,1,Arizona,326
NEG_KMN_AR_00331,Arizona,0,1,Arizona,327
NEG_KMN_AR_00332,Arizona,0,1,Arizona,328
NEG_KMN_AR_00333,Arizona,0,1,Arizona,329
NEG_KMN_AR_00334,Arizona,0,1,Arizona,330
NEG_KMN_AR_00335,Arizona,0,1,Arizona,331
NEG_KMN_AR_00336,Arizona,0,1,Arizona,332
NEG_KMN_AR_00337,Arizona,0,1,Arizona,333
NEG_KMN_AR_00338,Arizona,0,1,Arizona,334
NEG_KMN_AR_00339,Arizona,0,1,Arizona,335
NEG_KMN_AR_00340,Arizona,0,1,Arizona,336
NEG_KMN_AR_00341,Arizona,0,1,Arizona,337
NEG_KMN_AR_00342,Arizona,0,1,Arizona,338
NEG_KMN_AR_00343,Arizona,0,1,Arizona,339
NEG_KMN_AR_00344,Arizona,0,1,Arizona,340
NEG_KMN_AR_00345,Arizona,0,1,Arizona,341
NEG_KMN_AR_00346,Arizona,0,1,Arizona,342
NEG_KMN_AR_00347,Arizona,0,1,Arizona,343
NEG_KMN_AR_00348,Arizona,0,1,Arizona,344
NEG_KMN_AR_00349,Arizona,0,1,Arizona,345
NEG_KMN_AR_00350,Arizona,0,1,Arizona,346
NEG_KMN_AR_00351,Arizona,0,1,Arizona,347
NEG_KMN_AR_00352,Arizona,0,1,Arizona,348
NEG_KMN_AR_00353,Arizona,0,1,Arizona,349
NEG_KMN_AR_00354,Arizona,0,1,Arizona,350
NEG_KMN_AR_00355,Arizona,0,1,Arizona,351
NEG_KMN_AR_00356,Arizona,0,1,Arizona,352
NEG_KMN_AR_00357,Arizona,0,1,Arizona,353
NEG_KMN_AR_00358,Arizona,0,1,Arizona,354
NEG_KMN_AR_00359,Arizona,0,1,Arizona,355
NEG_KMN_AR_00360,Arizona,0,1,Arizona,356
NEG_KMN_AR_00361,Arizona,0,1,Arizona,357
NEG_KMN_AR_00362,Arizona,0,1,Arizona,358
NEG_KMN_AR_00363,Arizona,0,1,Arizona,359
NEG_KMN_AR_00364,Arizona,0,1,Arizona,360
NEG_KMN_AR_00365,Arizona,0,1,Arizona,361
NEG_KMN_AR_00366,Arizona,0,1,Arizona,362
NEG_KMN_AR_00367,Arizona,0,1,Arizona,363
NEG_KMN_AR_00368,Arizona,0,1,Arizona,364
NEG_KMN_AR_00369,Arizona,0,1,Arizona,365
NEG_KMN_AR_00370,Arizona,0,1,Arizona,366
NEG_KMN_AR_00371,Arizona,0,1,Arizona,367
NEG_KMN_AR_00372,Arizona,0,1,Arizona,368
NEG_KMN_AR_00373,Arizona,0,1,Arizona,369
NEG_KMN_AR_00374,Arizona,0,1,Arizona,370
NEG_KMN_AR_00375,Arizona,0,1,Arizona,371
NEG_KMN_AR_00376,Arizona,0,1,Arizona,372
NEG_KMN_AR_00377,Arizona,0,1,Arizona,373
NEG_KMN_AR_00378,Arizona,0,1,Arizona,374
NEG_KMN_AR_00379,Arizona,0,1,Arizona,375
NEG_KMN_AR_00380,Arizona,0,1,Arizona,376
NEG_KMN_AR_00381,Arizona,0,1,Arizona,377
NEG_KMN_AR_00382,Arizona,0,1,Arizona,378
NEG_KMN_AR_00383,Arizona,0,1,Arizona,379
NEG_KMN_AR_00384,Arizona,0,1,Arizona,380
NEG_KMN_AR_00385,Arizona,0,1,Arizona,381
NEG_KMN_AR_00386,Arizona,0,1,Arizona,382
NEG_KMN_AR_00387,Arizona,0,1,Arizona,383
NEG_KMN_AR_00388,Arizona,0,1,Arizona,384
NEG_KMN_AR_00389,Arizona,0,1,Arizona,385
NEG_KMN_AR_00390,Arizona,0,1,Arizona,386
NEG_KMN_AR_00391,Arizona,0,1,Arizona,387
NEG_KMN_AR_00392,Arizona,0,1,Arizona,388
NEG_KMN_AR_00393,Arizona,0,1,Arizona,389
NEG_KMN_AR_00394,Arizona,0,1,Arizona,390
NEG_KMN_AR_00395,Arizona,0,1,Arizona,391
NEG_KMN_AR_00396,Arizona,0,1,Arizona,392
NEG_KMN_AR_00397,Arizona,0,1,Arizona,393
NEG_KMN_AR_00398,Arizona,0,1,Arizona,394
NEG_KMN_AR_00399,Arizona,0,1,Arizona,395
NEG_KMN_AR_00400,Arizona,0,1,Arizona,396
NEG_KMN_AR_00401,Arizona,0,1,Arizona,397
NEG_KMN_AR_00402,Arizona,0,1,Arizona,398
NEG_KMN_AR_00403,Arizona,0,1,Arizona,399
NEG_KMN_AR_00404,Arizona,0,1,Arizona,400
NEG_KMN_AR_00405,Arizona,0,1,Arizona,401
NEG_KMN_AR_00406,Arizona,0,1,Arizona,402
NEG_KMN_AR_00407,Arizona,0,1,Arizona,403
NEG_KMN_AR_00408,Arizona,0,1,Arizona,404
NEG_KMN_AR_00409,Arizona,0,1,Arizona,405
NEG_KMN_AR_00410,Arizona,0,1,Arizona,406
NEG_KMN_AR_00411,Arizona,0,1,Arizona,407
NEG_KMN_AR_00412,Arizona,0,1,Arizona,408
NEG_KMN_AR_00413,Arizona,0,1,Arizona,409
NEG_KMN_AR_00414,Arizona,0,1,Arizona,410
NEG_KMN_AR_00415,Arizona,0,1,Arizona,411
NEG_KMN_AR_00416,Arizona,0,1,Arizona,412
NEG_KMN_AR_00417,Arizona,0,1,Arizona,413
NEG_KMN_AR_00418,Arizona,0,1,Arizona,414
NEG_KMN_AR_00419,Arizona,0,1,Arizona,415
NEG_KMN_AR_00420,Arizona,0,1,Arizona,416
NEG_KMN_AR_00421,Arizona,0,1,Arizona,417
NEG_KMN_AR_00422,Arizona,0,1,Arizona,418
NEG_KMN_AR_00423,Arizona,0,1,Arizona,419
NEG_KMN_AR_00424,Arizona,0,1,Arizona,420
NEG_KMN_AR_00425,Arizona,0,1,Arizona,421
NEG_KMN_AR_00426,Arizona,0,1,Arizona,422
NEG_KMN_AR_00427,Arizona,0,1,Arizona,423
NEG_KMN_AR_00428,Arizona,0,1,Arizona,424
NEG_KMN_AR_00429,Arizona,0,1,Arizona,425
NEG_KMN_AR_00430,Arizona,0,1,Arizona,426
NEG_KMN_AR_00431,Arizona,0,1,Arizona,427
NEG_KMN_AR_00432,Arizona,0,1,Arizona,428
NEG_KMN_AR_00433,Arizona,0,1,Arizona,429
NEG_KMN_AR_00434,Arizona,0,1,Arizona,430
NEG_KMN_AR_00435,Arizona,0,1,Arizona,431
NEG_KMN_AR_00436,Arizona,0,1,Arizona,432
NEG_KMN_AR_00437,Arizona,0,1,Arizona,433
NEG_KMN_AR_00438,Arizona,0,1,Arizona,434
NEG_KMN_AR_00439,Arizona,0,1,Arizona,435
NEG_KMN_AR_00440,Arizona,0,1,Arizona,436
NEG_KMN_AR_00441,Arizona,0,1,Arizona,437
NEG_KMN_AR_00442,Arizona,0,1,Arizona,438
NEG_KMN_AR_00443,Arizona,0,1,Arizona,439
NEG_KMN_AR_00444,Arizona,0,1,Arizona,440
NEG_KMN_AR_00445,Arizona,0,1,Arizona,441
NEG_KMN_AR_00446,Arizona,0,1,Arizona,442
NEG_KMN_AR_00447,Arizona,0,1,Arizona,443
NEG_KMN_AR_00448,Arizona,0,1,Arizona,444
NEG_KMN_AR_00449,Arizona,0,1,Arizona,445
NEG_KMN_AR_00450,Arizona,0,1,Arizona,446
NEG_KMN_AR_00451,Arizona,0,1,Arizona,447
NEG_KMN_AR_00452,Arizona,0,1,Arizona,448
NEG_KMN_AR_00453,Arizona,0,1,Arizona,449
NEG_KMN_AR_00454,Arizona,0,1,Arizona,450
NEG_KMN_AR_00455,Arizona,0,1,Arizona,451
NEG_KMN_AR_00456,Arizona,0,1,Arizona,452
NEG_KMN_AR_00457,Arizona,0,1,Arizona,453
NEG_KMN_AR_00458,Arizona,0,1,Arizona,454
NEG_KMN_AR_00459,Arizona,0,1,Arizona,455
NEG_KMN_AR_00460,Arizona,0,1,Arizona,456
NEG_KMN_AR_00461,Arizona,0,1,Arizona,457
NEG_KMN_AR_00462,Arizona,0,1,Arizona,458
NEG_KMN_AR_00463,Arizona,0,1,Arizona,459
NEG_KMN_AR_00464,Arizona,0,1,Arizona,460
NEG_KMN_AR_00465,Arizona,0,1,Arizona,461
NEG_KMN_AR_00466,Arizona,0,1,Arizona,462
NEG_KMN_AR_00467,Arizona,0,1,Arizona,463
NEG_KMN_AR_00468,Arizona,0,1,Arizona,464
NEG_KMN_AR_00469,Arizona,0,1,Arizona,465
NEG_KMN_AR_00470,Arizona,0,1,Arizona,466
NEG_KMN_AR_00471,Arizona,0,1,Arizona,467
NEG_KMN_AR_00472,Arizona,0,1,Arizona,468
NEG_KMN_AR_00473,Arizona,0,1,Arizona,469
NEG_KMN_AR_00474,Arizona,0,1,Arizona,470
NEG_KMN_AR_00475,Arizona,0,1,Arizona,471
NEG_KMN_AR_00476,Arizona,0,1,Arizona,472
NEG_KMN_AR_00477,Arizona,0,1,Arizona,473
NEG_KMN_AR_00478,Arizona,0,1,Arizona,474
NEG_KMN_AR_00479,Arizona,0,1,Arizona,475
NEG_KMN_AR_00480,Arizona,0,1,Arizona,476
NEG_KMN_AR_00481,Arizona,0,1,Arizona,477
NEG_KMN_AR_00482,Arizona,0,1,Arizona,478
NEG_KMN_AR_00483,Arizona,0,1,Arizona,479
NEG_KMN_AR_00484,Arizona,0,1,Arizona,480
NEG_KMN_AR_00485,Arizona,0,1,Arizona,481
NEG_KMN_AR_00486,Arizona,0,1,Arizona,482
NEG_KMN_AR_00487,Arizona,0,1,Arizona,483
NEG_KMN_AR_00488,Arizona,0,1,Arizona,484
NEG_KMN_AR_00489,Arizona,0,1,Arizona,485
NEG_KMN_AR_00490,Arizona,0,1,Arizona,486
NEG_KMN_AR_00491,Arizona,0,1,Arizona,487
NEG_KMN_AR_00492,Arizona,0,1,Arizona,488
NEG_KMN_AR_00493,Arizona,0,1,Arizona,489
NEG_KMN_AR_00494,Arizona,0,1,Arizona,490
NEG_KMN_AR_00495,Arizona,0,1,Arizona,491
NEG_KMN_AR_00496,Arizona,0,1,Arizona,492
NEG_KMN_AR_00497,Arizona,0,1,Arizona,493
NEG_KMN_AR_00498,Arizona,0,1,Arizona,494
NEG_KMN_AR_00499,Arizona,0,1,Arizona,495
NEG_KMN_AR_00500,Arizona,0,1,Arizona,496
NEG_KMN_AR_00501,Arizona,0,1,Arizona,497
NEG_KMN_AR_00502,Arizona,0,1,Arizona,498
NEG_KMN_AR_00503,Arizona,0,1,Arizona,499
NEG_KMN_AR_00504,Arizona,0,1,Arizona,500
NEG_KMN_AR_00505,Arizona,0,1,Arizona,501
NEG_KMN_AR_00506,Arizona,0,1,Arizona,502
NEG_KMN_AR_00507,Arizona,0,1,Arizona,503
NEG_KMN_AR_00508,Arizona,0,1,Arizona,504
NEG_KMN_AR_00509,Arizona,0,1,Arizona,505
NEG_KMN_AR_00510,Arizona,0,1,Arizona,506
NEG_KMN_AR_00511,Arizona,0,1,Arizona,507
NEG_KMN_AR_00512,Arizona,0,1,Arizona,508
NEG_KMN_AR_00513,Arizona,0,1,Arizona,509
NEG_KMN_AR_00514,Arizona,0,1,Arizona,510
NEG_KMN_AR_00515,Arizona,0,1,Arizona,511
NEG_KMN_AR_00516,Arizona,0,1,Arizona,512
NEG_KMN_AR_00517,Arizona,0,1,Arizona,513
NEG_KMN_AR_00518,Arizona,0,1,Arizona,514
NEG_KMN_AR_00519,Arizona,0,1,Arizona,515
NEG_KMN_AR_00520,Arizona,0,1,Arizona,516
NEG_KMN_AR_00521,Arizona,0,1,Arizona,517
NEG_KMN_AR_00522,Arizona,0,1,Arizona,518
NEG_KMN_AR_00523,Arizona,0,1,Arizona,519
NEG_KMN_AR_00524,Arizona,0,1,Arizona,520
NEG_KMN_AR_00525,Arizona,0,1,Arizona,521
NEG_KMN_AR_00526,Arizona,0,1,Arizona,522
NEG_KMN_AR_00527,Arizona,0,1,Arizona,523
NEG_KMN_AR_00528,Arizona,0,1,Arizona,524
NEG_KMN_AR_00529,Arizona,0,1,Arizona,525
NEG_KMN_AR_00530,Arizona,0,1,Arizona,526
NEG_KMN_AR_00531,Arizona,0,1,Arizona,527
NEG_KMN_AR_00532,Arizona,0,1,Arizona,528
NEG_KMN_AR_00533,Arizona,0,1,Arizona,529
NEG_KMN_AR_00534,Arizona,0,1,Arizona,530
NEG_KMN_AR_00535,Arizona,0,1,Arizona,531
NEG_KMN_AR_00536,Arizona,0,1,Arizona,532
NEG_KMN_AR_00537,Arizona,0,1,Arizona,533
NEG_KMN_AR_00538,Arizona,0,1,Arizona,534
NEG_KMN_AR_00539,Arizona,0,1,Arizona,535
NEG_KMN_AR_00540,Arizona,0,1,Arizona,536
NEG_KMN_AR_00541,Arizona,0,1,Arizona,537
NEG_KMN_AR_00542,Arizona,0,1,Arizona,538
NEG_KMN_AR_00543,Arizona,0,1,Arizona,539
NEG_KMN_AR_00544,Arizona,0,1,Arizona,540
NEG_KMN_AR_00545,Arizona,0,1,Arizona,541
NEG_KMN_AR_00546,Arizona,0,1,Arizona,542
NEG_KMN_AR_00547,Arizona,0,1,Arizona,543
NEG_KMN_AR_00548,Arizona,0,1,Arizona,544
NEG_KMN_AR_00549,Arizona,0,1,Arizona,545
NEG_KMN_AR_00550,Arizona,0,1,Arizona,546
NEG_KMN_AR_00551,Arizona,0,1,Arizona,547
NEG_KMN_AR_00552,Arizona,0,1,Arizona,548
NEG_KMN_AR_00553,Arizona,0,1,Arizona,549
NEG_KMN_AR_00554,Arizona,0,1,Arizona,550
NEG_KMN_AR_00555,Arizona,0,1,Arizona,551
NEG_KMN_AR_00556,Arizona,0,1,Arizona,552
NEG_KMN_AR_00557,Arizona,0,1,Arizona,553
NEG_KMN_AR_00558,Arizona,0,1,Arizona,554
NEG_KMN_AR_00559,Arizona,0,1,Arizona,555
NEG_KMN_AR_00560,Arizona,0,1,Arizona,556
NEG_KMN_AR_00561,Arizona,0,1,Arizona,557
NEG_KMN_AR_00562,Arizona,0,1,Arizona,558
NEG_KMN_AR_00563,Arizona,0,1,Arizona,559
NEG_KMN_AR_00564,Arizona,0,1,Arizona,560
NEG_KMN_AR_00566,Arizona,0,1,Arizona,561
NEG_KMN_AR_00567,Arizona,0,1,Arizona,562
NEG_KMN_AR_00568,Arizona,0,1,Arizona,563
NEG_KMN_AR_00569,Arizona,0,1,Arizona,564
NEG_KMN_AR_00570,Arizona,0,1,Arizona,565
NEG_KMN_AR_00571,Arizona,0,1,Arizona,566
NEG_KMN_AR_00572,Arizona,0,1,Arizona,567
NEG_KMN_AR_00573,Arizona,0,1,Arizona,568
NEG_KMN_AR_00574,Arizona,0,1,Arizona,569
NEG_KMN_AR_00575,Arizona,0,1,Arizona,570
NEG_KMN_AR_00576,Arizona,0,1,Arizona,571
NEG_KMN_AR_00577,Arizona,0,1,Arizona,572
NEG_KMN_AR_00578,Arizona,0,1,Arizona,573
NEG_KMN_AR_00579,Arizona,0,1,Arizona,574
NEG_KMN_AR_00580,Arizona,0,1,Arizona,575
NEG_KMN_AR_00581,Arizona,0,1,Arizona,576
NEG_KMN_AR_00582,Arizona,0,1,Arizona,577
NEG_KMN_AR_00583,Arizona,0,1,Arizona,578
NEG_KMN_AR_00584,Arizona,0,1,Arizona,579
NEG_KMN_AR_00585,Arizona,0,1,Arizona,580
NEG_KMN_AR_00586,Arizona,0,1,Arizona,581
NEG_KMN_AR_00587,Arizona,0,1,Arizona,582
NEG_KMN_AR_00588,Arizona,0,1,Arizona,583
NEG_KMN_AR_00589,Arizona,0,1,Arizona,584
NEG_KMN_AR_00590,Arizona,0,1,Arizona,585
NEG_KMN_AR_00591,Arizona,0,1,Arizona,586
NEG_KMN_AR_00592,Arizona,0,1,Arizona,587
NEG_KMN_AR_00593,Arizona,0,1,Arizona,588
NEG_KMN_AR_00594,Arizona,0,1,Arizona,589
NEG_KMN_AR_00595,Arizona,0,1,Arizona,590
NEG_KMN_AR_00596,Arizona,0,1,Arizona,591
NEG_KMN_AR_00597,Arizona,0,1,Arizona,592
NEG_KMN_AR_00598,Arizona,0,1,Arizona,593
NEG_KMN_AR_00599,Arizona,0,1,Arizona,594
NEG_KMN_AR_00600,Arizona,0,1,Arizona,595
NEG_KMN_AR_00601,Arizona,0,1,Arizona,596
NEG_KMN_AR_00602,Arizona,0,1,Arizona,597
NEG_KMN_AR_00603,Arizona,0,1,Arizona,598
NEG_KMN_AR_00604,Arizona,0,1,Arizona,599
NEG_KMN_AR_00605,Arizona,0,1,Arizona,600
NEG_KMN_AR_00606,Arizona,0,1,Arizona,601
NEG_KMN_AR_00607,Arizona,0,1,Arizona,602
NEG_KMN_AR_00608,Arizona,0,1,Arizona,603
NEG_KMN_AR_00609,Arizona,0,1,Arizona,604
NEG_KMN_AR_00610,Arizona,0,1,Arizona,605
NEG_KMN_AR_00611,Arizona,0,1,Arizona,606
NEG_KMN_AR_00612,Arizona,0,1,Arizona,607
NEG_KMN_AR_00613,Arizona,0,1,Arizona,608
NEG_KMN_AR_00614,Arizona,0,1,Arizona,609
NEG_KMN_AR_00615,Arizona,0,1,Arizona,610
NEG_KMN_AR_00616,Arizona,0,1,Arizona,611
NEG_KMN_AR_00617,Arizona,0,1,Arizona,612
NEG_KMN_AR_00618,Arizona,0,1,Arizona,613
NEG_KMN_AR_00619,Arizona,0,1,Arizona,614
NEG_KMN_AR_00620,Arizona,0,1,Arizona,615
POS_10026848,Arizona,1,1,Arizona,1596
POS_10026888,Arizona,1,1,Arizona,1597
POS_10026923,Arizona,1,1,Arizona,1598
POS_10027008,Arizona,1,1,Arizona,1599
POS_10037125,Arizona,1,1,Arizona,1603
POS_10039593,Arizona,1,1,Arizona,1608
POS_10039668,Arizona,1,1,Arizona,1609
POS_10039675,Arizona,1,1,Arizona,1610
POS_10039684,Arizona,1,1,Arizona,1611
POS_10039685,Arizona,1,1,Arizona,1612
POS_10039895,Arizona,1,1,Arizona,1613
POS_10046235,Arizona,1,1,Arizona,1618
POS_10046238,Arizona,1,1,Arizona,1619
POS_10046248,Arizona,1,1,Arizona,1620
POS_10046282,Arizona,1,1,Arizona,1621
POS_10048292,Arizona,1,1,Arizona,1627
POS_10048337,Arizona,1,1,Arizona,1628
POS_10048777,Arizona,1,1,Arizona,1646
POS_10067172,Arizona,1,1,Arizona,1653
POS_10072137,Arizona,1,1,Arizona,1655
POS_10095027,Arizona,1,1,Arizona,1659
POS_10096999,Arizona,1,1,Arizona,1664
POS_10104070,Arizona,1,1,Arizona,1670
POS_10104088,Arizona,1,1,Arizona,1671
POS_10113259,Arizona,1,1,Arizona,1675
POS_10113316,Arizona,1,1,Arizona,1676
POS_10113726,Arizona,1,1,Arizona,1677
POS_10113911,Arizona,1,1,Arizona,1678
POS_10137553,Arizona,1,1,Arizona,1682
POS_10137918,Arizona,1,1,Arizona,1683
POS_10161929,Arizona,1,1,Arizona,1686
POS_10162257,Arizona,1,1,Arizona,1687
POS_10162326,Arizona,1,1,Arizona,1688
POS_10184420,Arizona,1,1,Arizona,1691
POS_10185792,Arizona,1,1,Arizona,1692
POS_10186051,Arizona,1,1,Arizona,1693
POS_10186598,Arizona,1,1,Arizona,1694
POS_10209543,Arizona,1,1,Arizona,1696
POS_10209824,Arizona,1,1,Arizona,1697
POS_10210616,Arizona,1,1,Arizona,1698
POS_10210685,Arizona,1,1,Arizona,1699
POS_10234135,Arizona,1,1,Arizona,1701
POS_10234825,Arizona,1,1,Arizona,1702
POS_10257231,Arizona,1,1,Arizona,1703
POS_10258292,Arizona,1,1,Arizona,1704
POS_10282444,Arizona,1,1,Arizona,1708
POS_10282707,Arizona,1,1,Arizona,1709
POS_10282908,Arizona,1,1,Arizona,1710
POS_10283179,Arizona,1,1,Arizona,1711
POS_10283204,Arizona,1,1,Arizona,1712
POS_10400304,Arizona,1,1,Arizona,1724
POS_10400314,Arizona,1,1,Arizona,1725
POS_10400395,Arizona,1,1,Arizona,1726
POS_60000203,Arizona,1,1,Arizona,1727
POS_60000298,Arizona,1,1,Arizona,1728
POS_60000891,Arizona,1,1,Arizona,1730
NEG_KMN_WA_00001,Washington,0,2,Washington,1181
NEG_KMN_WA_00002,Washington,0,2,Washington,1182
NEG_KMN_WA_00003,Washington,0,2,Washington,1183
NEG_KMN_WA_00004,Washington,0,2,Washington,1184
NEG_KMN_WA_00005,Washington,0,2,Washington,1185
NEG_KMN_WA_00006,Washington,0,2,Washington,1186
NEG_KMN_WA_00007,Washington,0,2,Washington,1187
NEG_KMN_WA_00008,Washington,0,2,Washington,1188
NEG_KMN_WA_00009,Washington,0,2,Washington,1189
NEG_KMN_WA_00010,Washington,0,2,Washington,1190
NEG_KMN_WA_00011,Washington,0,2,Washington,1191
NEG_KMN_WA_00012,Washington,0,2,Washington,1192
NEG_KMN_WA_00013,Washington,0,2,Washington,1193
NEG_KMN_WA_00014,Washington,0,2,Washington,1194
NEG_KMN_WA_00015,Washington,0,2,Washington,1195
NEG_KMN_WA_00016,Washington,0,2,Washington,1196
NEG_KMN_WA_00017,Washington,0,2,Washington,1197
NEG_KMN_WA_00018,Washington,0,2,Washington,1198
NEG_KMN_WA_00019,Washington,0,2,Washington,1199
NEG_KMN_WA_00020,Washington,0,2,Washington,1200
NEG_KMN_WA_00021,Washington,0,2,Washington,1201
NEG_KMN_WA_00022,Washington,0,2,Washington,1202
NEG_KMN_WA_00023,Washington,0,2,Washington,1203
NEG_KMN_WA_00024,Washington,0,2,Washington,1204
NEG_KMN_WA_00025,Washington,0,2,Washington,1205
NEG_KMN_WA_00026,Washington,0,2,Washington,1206
NEG_KMN_WA_00027,Washington,0,2,Washington,1207
NEG_KMN_WA_00028,Washington,0,2,Washington,1208
NEG_KMN_WA_00029,Washington,0,2,Washington,1209
NEG_KMN_WA_00030,Washington,0,2,Washington,1210
NEG_KMN_WA_00031,Washington,0,2,Washington,1211
NEG_KMN_WA_00032,Washington,0,2,Washington,1212
NEG_KMN_WA_00033,Washington,0,2,Washington,1213
NEG_KMN_WA_00034,Washington,0,2,Washington,1214
NEG_KMN_WA_00035,Washington,0,2,Washington,1215
NEG_KMN_WA_00036,Washington,0,2,Washington,1216
NEG_KMN_WA_00037,Washington,0,2,Washington,1217
NEG_KMN_WA_00038,Washington,0,2,Washington,1218
NEG_KMN_WA_00039,Washington,0,2,Washington,1219
NEG_KMN_WA_00040,Washington,0,2,Washington,1220
NEG_KMN_WA_00041,Washington,0,2,Washington,1221
NEG_KMN_WA_00042,Washington,0,2,Washington,1222
NEG_KMN_WA_00043,Washington,0,2,Washington,1223
NEG_KMN_WA_00044,Washington,0,2,Washington,1224
NEG_KMN_WA_00045,Washington,0,2,Washington,1225
NEG_KMN_WA_00046,Washington,0,2,Washington,1226
NEG_KMN_WA_00047,Washington,0,2,Washington,1227
NEG_KMN_WA_00048,Washington,0,2,Washington,1228
NEG_KMN_WA_00049,Washington,0,2,Washington,1229
NEG_KMN_WA_00050,Washington,0,2,Washington,1230
NEG_KMN_WA_00051,Washington,0,2,Washington,1231
NEG_KMN_WA_00052,Washington,0,2,Washington,1232
NEG_KMN_WA_00053,Washington,0,2,Washington,1233
NEG_KMN_WA_00054,Washington,0,2,Washington,1234
NEG_KMN_WA_00055,Washington,0,2,Washington,1235
NEG_KMN_WA_00056,Washington,0,2,Washington,1236
NEG_KMN_WA_00057,Washington,0,2,Washington,1237
NEG_KMN_WA_00058,Washington,0,2,Washington,1238
NEG_KMN_WA_00059,Washington,0,2,Washington,1239
NEG_KMN_WA_00060,Washington,0,2,Washington,1240
NEG_KMN_WA_00061,Washington,0,2,Washington,1241
NEG_KMN_WA_00062,Washington,0,2,Washington,1242
NEG_KMN_WA_00063,Washington,0,2,Washington,1243
NEG_KMN_WA_00064,Washington,0,2,Washington,1244
NEG_KMN_WA_00065,Washington,0,2,Washington,1245
NEG_KMN_WA_00066,Washington,0,2,Washington,1246
NEG_KMN_WA_00067,Washington,0,2,Washington,1247
NEG_KMN_WA_00068,Washington,0,2,Washington,1248
NEG_KMN_WA_00069,Washington,0,2,Washington,1249
NEG_KMN_WA_00070,Washington,0,2,Washington,1250
NEG_KMN_WA_00071,Washington,0,2,Washington,1251
NEG_KMN_WA_00072,Washington,0,2,Washington,1252
NEG_KMN_WA_00073,Washington,0,2,Washington,1253
NEG_KMN_WA_00074,Washington,0,2,Washington,1254
NEG_KMN_WA_00075,Washington,0,2,Washington,1255
NEG_KMN_WA_00076,Washington,0,2,Washington,1256
NEG_KMN_WA_00077,Washington,0,2,Washington,1257
NEG_KMN_WA_00078,Washington,0,2,Washington,1258
NEG_KMN_WA_00079,Washington,0,2,Washington,1259
NEG_KMN_WA_00080,Washington,0,2,Washington,1260
NEG_KMN_WA_00081,Washington,0,2,Washington,1261
NEG_KMN_WA_00082,Washington,0,2,Washington,1262
NEG_KMN_WA_00083,Washington,0,2,Washington,1263
NEG_KMN_WA_00084,Washington,0,2,Washington,1264
NEG_KMN_WA_00085,Washington,0,2,Washington,1265
NEG_KMN_WA_00086,Washington,0,2,Washington,1266
NEG_KMN_WA_00087,Washington,0,2,Washington,1267
NEG_KMN_WA_00088,Washington,0,2,Washington,1268
NEG_KMN_WA_00089,Washington,0,2,Washington,1269
NEG_KMN_WA_00090,Washington,0,2,Washington,1270
NEG_KMN_WA_00091,Washington,0,2,Washington,1271
NEG_KMN_WA_00092,Washington,0,2,Washington,1272
NEG_KMN_WA_00093,Washington,0,2,Washington,1273
NEG_KMN_WA_00094,Washington,0,2,Washington,1274
NEG_KMN_WA_00095,Washington,0,2,Washington,1275
NEG_KMN_WA_00096,Washington,0,2,Washington,1276
NEG_KMN_WA_00097,Washington,0,2,Washington,1277
NEG_KMN_WA_00098,Washington,0,2,Washington,1278
NEG_KMN_WA_00099,Washington,0,2,Washington,1279
NEG_KMN_WA_00100,Washington,0,2,Washington,1280
NEG_KMN_WA_00101,Washington,0,2,Washington,1281
NEG_KMN_WA_00102,Washington,0,2,Washington,1282
NEG_KMN_WA_00103,Washington,0,2,Washington,1283
NEG_KMN_WA_00104,Washington,0,2,Washington,1284
NEG_KMN_WA_00105,Washington,0,2,Washington,1285
NEG_KMN_WA_00106,Washington,0,2,Washington,1286
NEG_KMN_WA_00107,Washington,0,2,Washington,1287
NEG_KMN_WA_00108,Washington,0,2,Washington,1288
NEG_KMN_WA_00109,Washington,0,2,Washington,1289
NEG_KMN_WA_00110,Washington,0,2,Washington,1290
NEG_KMN_WA_00111,Washington,0,2,Washington,1291
NEG_KMN_WA_00112,Washington,0,2,Washington,1292
NEG_KMN_WA_00113,Washington,0,2,Washington,1293
NEG_KMN_WA_00114,Washington,0,2,Washington,1294
NEG_KMN_WA_00115,Washington,0,2,Washington,1295
NEG_KMN_WA_00116,Washington,0,2,Washington,1296
NEG_KMN_WA_00117,Washington,0,2,Washington,1297
NEG_KMN_WA_00118,Washington,0,2,Washington,1298
NEG_KMN_WA_00119,Washington,0,2,Washington,1299
NEG_KMN_WA_00120,Washington,0,2,Washington,1300
NEG_KMN_WA_00121,Washington,0,2,Washington,1301
NEG_KMN_WA_00122,Washington,0,2,Washington,1302
NEG_KMN_WA_00123,Washington,0,2,Washington,1303
NEG_KMN_WA_00124,Washington,0,2,Washington,1304
NEG_KMN_WA_00125,Washington,0,2,Washington,1305
NEG_KMN_WA_00126,Washington,0,2,Washington,1306
NEG_KMN_WA_00127,Washington,0,2,Washington,1307
NEG_KMN_WA_00128,Washington,0,2,Washington,1308
NEG_KMN_WA_00129,Washington,0,2,Washington,1309
NEG_KMN_WA_00130,Washington,0,2,Washington,1310
NEG_KMN_WA_00131,Washington,0,2,Washington,1311
NEG_KMN_WA_00132,Washington,0,2,Washington,1312
NEG_KMN_WA_00133,Washington,0,2,Washington,1313
NEG_KMN_WA_00134,Washington,0,2,Washington,1314
NEG_KMN_WA_00135,Washington,0,2,Washington,1315
NEG_KMN_WA_00136,Washington,0,2,Washington,1316
NEG_KMN_WA_00137,Washington,0,2,Washington,1317
NEG_KMN_WA_00138,Washington,0,2,Washington,1318
NEG_KMN_WA_00139,Washington,0,2,Washington,1319
NEG_KMN_WA_00140,Washington,0,2,Washington,1320
NEG_KMN_WA_00141,Washington,0,2,Washington,1321
NEG_KMN_WA_00142,Washington,0,2,Washington,1322
NEG_KMN_WA_00143,Washington,0,2,Washington,1323
NEG_KMN_WA_00144,Washington,0,2,Washington,1324
NEG_KMN_WA_00145,Washington,0,2,Washington,1325
NEG_KMN_WA_00146,Washington,0,2,Washington,1326
NEG_KMN_WA_00147,Washington,0,2,Washington,1327
NEG_KMN_WA_00148,Washington,0,2,Washington,1328
NEG_KMN_WA_00149,Washington,0,2,Washington,1329
NEG_KMN_WA_00150,Washington,0,2,Washington,1330
NEG_KMN_WA_00151,Washington,0,2,Washington,1331
NEG_KMN_WA_00152,Washington,0,2,Washington,1332
NEG_KMN_WA_00153,Washington,0,2,Washington,1333
NEG_KMN_WA_00154,Washington,0,2,Washington,1334
NEG_KMN_WA_00155,Washington,0,2,Washington,1335
NEG_KMN_WA_00156,Washington,0,2,Washington,1336
NEG_KMN_WA_00157,Washington,0,2,Washington,1337
NEG_KMN_WA_00158,Washington,0,2,Washington,1338
NEG_KMN_WA_00159,Washington,0,2,Washington,1339
NEG_KMN_WA_00160,Washington,0,2,Washington,1340
NEG_KMN_WA_00161,Washington,0,2,Washington,1341
NEG_KMN_WA_00162,Washington,0,2,Washington,1342
NEG_KMN_WA_00163,Washington,0,2,Washington,1343
NEG_KMN_WA_00164,Washington,0,2,Washington,1344
NEG_KMN_WA_00165,Washington,0,2,Washington,1345
NEG_KMN_WA_00166,Washington,0,2,Washington,1346
NEG_KMN_WA_00167,Washington,0,2,Washington,1347
NEG_KMN_WA_00168,Washington,0,2,Washington,1348
NEG_KMN_WA_00169,Washington,0,2,Washington,1349
NEG_KMN_WA_00170,Washington,0,2,Washington,1350
NEG_KMN_WA_00171,Washington,0,2,Washington,1351
NEG_KMN_WA_00172,Washington,0,2,Washington,1352
NEG_KMN_WA_00173,Washington,0,2,Washington,1353
NEG_KMN_WA_00174,Washington,0,2,Washington,1354
NEG_KMN_WA_00175,Washington,0,2,Washington,1355
NEG_KMN_WA_00176,Washington,0,2,Washington,1356
NEG_KMN_WA_00177,Washington,0,2,Washington,1357
NEG_KMN_WA_00178,Washington,0,2,Washington,1358
NEG_KMN_WA_00179,Washington,0,2,Washington,1359
NEG_KMN_WA_00180,Washington,0,2,Washington,1360
NEG_KMN_WA_00181,Washington,0,2,Washington,1361
NEG_KMN_WA_00182,Washington,0,2,Washington,1362
NEG_KMN_WA_00183,Washington,0,2,Washington,1363
NEG_KMN_WA_00184,Washington,0,2,Washington,1364
NEG_KMN_WA_00185,Washington,0,2,Washington,1365
NEG_KMN_WA_00186,Washington,0,2,Washington,1366
NEG_KMN_WA_00187,Washington,0,2,Washington,1367
NEG_KMN_WA_00188,Washington,0,2,Washington,1368
NEG_KMN_WA_00189,Washington,0,2,Washington,1369
NEG_KMN_WA_00190,Washington,0,2,Washington,1370
NEG_KMN_WA_00191,Washington,0,2,Washington,1371
NEG_KMN_WA_00192,Washington,0,2,Washington,1372
NEG_KMN_WA_00193,Washington,0,2,Washington,1373
NEG_KMN_WA_00194,Washington,0,2,Washington,1374
NEG_KMN_WA_00195,Washington,0,2,Washington,1375
NEG_KMN_WA_00196,Washington,0,2,Washington,1376
NEG_KMN_WA_00197,Washington,0,2,Washington,1377
NEG_KMN_WA_00198,Washington,0,2,Washington,1378
NEG_KMN_WA_00199,Washington,0,2,Washington,1379
NEG_KMN_WA_00200,Washington,0,2,Washington,1380
NEG_KMN_WA_00201,Washington,0,2,Washington,1381
NEG_KMN_WA_00202,Washington,0,2,Washington,1382
NEG_KMN_WA_00203,Washington,0,2,Washington,1383
NEG_KMN_WA_00204,Washington,0,2,Washington,1384
NEG_KMN_WA_00205,Washington,0,2,Washington,1385
NEG_KMN_WA_00206,Washington,0,2,Washington,1386
NEG_KMN_WA_00207,Washington,0,2,Washington,1387
NEG_KMN_WA_00208,Washington,0,2,Washington,1388
NEG_KMN_WA_00209,Washington,0,2,Washington,1389
NEG_KMN_WA_00210,Washington,0,2,Washington,1390
NEG_KMN_WA_00211,Washington,0,2,Washington,1391
NEG_KMN_WA_00212,Washington,0,2,Washington,1392
NEG_KMN_WA_00213,Washington,0,2,Washington,1393
NEG_KMN_WA_00214,Washington,0,2,Washington,1394
NEG_KMN_WA_00215,Washington,0,2,Washington,1395
NEG_KMN_WA_00216,Washington,0,2,Washington,1396
NEG_KMN_WA_00217,Washington,0,2,Washington,1397
NEG_KMN_WA_00218,Washington,0,2,Washington,1398
NEG_KMN_WA_00219,Washington,0,2,Washington,1399
NEG_KMN_WA_00220,Washington,0,2,Washington,1400
NEG_KMN_WA_00221,Washington,0,2,Washington,1401
NEG_KMN_WA_00222,Washington,0,2,Washington,1402
NEG_KMN_WA_00223,Washington,0,2,Washington,1403
NEG_KMN_WA_00224,Washington,0,2,Washington,1404
NEG_KMN_WA_00225,Washington,0,2,Washington,1405
NEG_KMN_WA_00226,Washington,0,2,Washington,1406
NEG_KMN_WA_00227,Washington,0,2,Washington,1407
NEG_KMN_WA_00228,Washington,0,2,Washington,1408
NEG_KMN_WA_00229,Washington,0,2,Washington,1409
NEG_KMN_WA_00230,Washington,0,2,Washington,1410
NEG_KMN_WA_00231,Washington,0,2,Washington,1411
NEG_KMN_WA_00232,Washington,0,2,Washington,1412
NEG_KMN_WA_00233,Washington,0,2,Washington,1413
NEG_KMN_WA_00234,Washington,0,2,Washington,1414
NEG_KMN_WA_00235,Washington,0,2,Washington,1415
NEG_KMN_WA_00236,Washington,0,2,Washington,1416
NEG_KMN_WA_00237,Washington,0,2,Washington,1417
NEG_KMN_WA_00238,Washington,0,2,Washington,1418
NEG_KMN_WA_00239,Washington,0,2,Washington,1419
NEG_KMN_WA_00240,Washington,0,2,Washington,1420
NEG_KMN_WA_00241,Washington,0,2,Washington,1421
NEG_KMN_WA_00242,Washington,0,2,Washington,1422
NEG_KMN_WA_00243,Washington,0,2,Washington,1423
NEG_KMN_WA_00244,Washington,0,2,Washington,1424
NEG_KMN_WA_00245,Washington,0,2,Washington,1425
NEG_KMN_WA_00246,Washington,0,2,Washington,1426
NEG_KMN_WA_00247,Washington,0,2,Washington,1427
NEG_KMN_WA_00248,Washington,0,2,Washington,1428
NEG_KMN_WA_00249,Washington,0,2,Washington,1429
NEG_KMN_WA_00250,Washington,0,2,Washington,1430
NEG_KMN_WA_00251,Washington,0,2,Washington,1431
NEG_KMN_WA_00252,Washington,0,2,Washington,1432
NEG_KMN_WA_00253,Washington,0,2,Washington,1433
NEG_KMN_WA_00254,Washington,0,2,Washington,1434
NEG_KMN_WA_00255,Washington,0,2,Washington,1435
NEG_KMN_WA_00256,Washington,0,2,Washington,1436
NEG_KMN_WA_00257,Washington,0,2,Washington,1437
NEG_KMN_WA_00258,Washington,0,2,Washington,1438
NEG_KMN_WA_00259,Washington,0,2,Washington,1439
NEG_KMN_WA_00260,Washington,0,2,Washington,1440
NEG_KMN_WA_00261,Washington,0,2,Washington,1441
NEG_KMN_WA_00262,Washington,0,2,Washington,1442
NEG_KMN_WA_00263,Washington,0,2,Washington,1443
NEG_KMN_WA_00264,Washington,0,2,Washington,1444
NEG_KMN_WA_00265,Washington,0,2,Washington,1445
NEG_KMN_WA_00266,Washington,0,2,Washington,1446
NEG_KMN_WA_00267,Washington,0,2,Washington,1447
NEG_KMN_WA_00268,Washington,0,2,Washington,1448
NEG_KMN_WA_00269,Washington,0,2,Washington,1449
NEG_KMN_WA_00270,Washington,0,2,Washington,1450
NEG_KMN_WA_00271,Washington,0,2,Washington,1451
NEG_KMN_WA_00272,Washington,0,2,Washington,1452
NEG_KMN_WA_00273,Washington,0,2,Washington,1453
NEG_KMN_WA_00274,Washington,0,2,Washington,1454
NEG_KMN_WA_00275,Washington,0,2,Washington,1455
NEG_KMN_WA_00276,Washington,0,2,Washington,1456
NEG_KMN_WA_00277,Washington,0,2,Washington,1457
NEG_KMN_WA_00278,Washington,0,2,Washington,1458
NEG_KMN_WA_00279,Washington,0,2,Washington,1459
NEG_KMN_WA_00280,Washington,0,2,Washington,1460
NEG_KMN_WA_00281,Washington,0,2,Washington,1461
NEG_KMN_WA_00282,Washington,0,2,Washington,1462
NEG_KMN_WA_00283,Washington,0,2,Washington,1463
NEG_KMN_WA_00284,Washington,0,2,Washington,1464
NEG_KMN_WA_00285,Washington,0,2,Washington,1465
NEG_KMN_WA_00286,Washington,0,2,Washington,1466
NEG_KMN_WA_00287,Washington,0,2,Washington,1467
NEG_KMN_WA_00288,Washington,0,2,Washington,1468
NEG_KMN_WA_00289,Washington,0,2,Washington,1469
NEG_KMN_WA_00290,Washington,0,2,Washington,1470
NEG_KMN_WA_00291,Washington,0,2,Washington,1471
NEG_KMN_WA_00292,Washington,0,2,Washington,1472
NEG_KMN_WA_00293,Washington,0,2,Washington,1473
NEG_KMN_WA_00294,Washington,0,2,Washington,1474
NEG_KMN_WA_00295,Washington,0,2,Washington,1475
NEG_KMN_WA_00296,Washington,0,2,Washington,1476
NEG_KMN_WA_00297,Washington,0,2,Washington,1477
NEG_KMN_WA_00298,Washington,0,2,Washington,1478
NEG_KMN_WA_00299,Washington,0,2,Washington,1479
NEG_KMN_WA_00300,Washington,0,2,Washington,1480
NEG_KMN_WA_00301,Washington,0,2,Washington,1481
NEG_KMN_WA_00302,Washington,0,2,Washington,1482
NEG_KMN_WA_00303,Washington,0,2,Washington,1483
NEG_KMN_WA_00304,Washington,0,2,Washington,1484
NEG_KMN_WA_00305,Washington,0,2,Washington,1485
NEG_KMN_WA_00306,Washington,0,2,Washington,1486
NEG_KMN_WA_00307,Washington,0,2,Washington,1487
NEG_KMN_WA_00308,Washington,0,2,Washington,1488
NEG_KMN_WA_00309,Washington,0,2,Washington,1489
NEG_KMN_WA_00310,Washington,0,2,Washington,1490
NEG_KMN_WA_00311,Washington,0,2,Washington,1491
NEG_KMN_WA_00312,Washington,0,2,Washington,1492
NEG_KMN_WA_00313,Washington,0,2,Washington,1493
NEG_KMN_WA_00314,Washington,0,2,Washington,1494
NEG_KMN_WA_00315,Washington,0,2,Washington,1495
NEG_KMN_WA_00316,Washington,0,2,Washington,1496
NEG_KMN_WA_00317,Washington,0,2,Washington,1497
NEG_KMN_WA_00318,Washington,0,2,Washington,1498
NEG_KMN_WA_00319,Washington,0,2,Washington,1499
NEG_KMN_WA_00320,Washington,0,2,Washington,1500
NEG_KMN_WA_00321,Washington,0,2,Washington,1501
NEG_KMN_WA_00322,Washington,0,2,Washington,1502
NEG_KMN_WA_00323,Washington,0,2,Washington,1503
NEG_KMN_WA_00324,Washington,0,2,Washington,1504
NEG_KMN_WA_00325,Washington,0,2,Washington,1505
NEG_KMN_WA_00326,Washington,0,2,Washington,1506
NEG_KMN_WA_00327,Washington,0,2,Washington,1507
NEG_KMN_WA_00328,Washington,0,2,Washington,1508
NEG_KMN_WA_00329,Washington,0,2,Washington,1509
NEG_KMN_WA_00330,Washington,0,2,Washington,1510
NEG_KMN_WA_00331,Washington,0,2,Washington,1511
NEG_KMN_WA_00332,Washington,0,2,Washington,1512
NEG_KMN_WA_00333,Washington,0,2,Washington,1513
NEG_KMN_WA_00334,Washington,0,2,Washington,1514
NEG_KMN_WA_00335,Washington,0,2,Washington,1515
NEG_KMN_WA_00336,Washington,0,2,Washington,1516
NEG_KMN_WA_00337,Washington,0,2,Washington,1517
NEG_KMN_WA_00338,Washington,0,2,Washington,1518
NEG_KMN_WA_00339,Washington,0,2,Washington,1519
NEG_KMN_WA_00340,Washington,0,2,Washington,1520
NEG_KMN_WA_00341,Washington,0,2,Washington,1521
NEG_KMN_WA_00342,Washington,0,2,Washington,1522
NEG_KMN_WA_00343,Washington,0,2,Washington,1523
NEG_KMN_WA_00344,Washington,0,2,Washington,1524
NEG_KMN_WA_00345,Washington,0,2,Washington,1525
NEG_KMN_WA_00346,Washington,0,2,Washington,1526
NEG_KMN_WA_00347,Washington,0,2,Washington,1527
NEG_KMN_WA_00348,Washington,0,2,Washington,1528
NEG_KMN_WA_00349,Washington,0,2,Washington,1529
NEG_KMN_WA_00350,Washington,0,2,Washington,1530
NEG_KMN_WA_00351,Washington,0,2,Washington,1531
NEG_KMN_WA_00352,Washington,0,2,Washington,1532
NEG_KMN_WA_00353,Washington,0,2,Washington,1533
NEG_KMN_WA_00354,Washington,0,2,Washington,1534
NEG_KMN_WA_00355,Washington,0,2,Washington,1535
NEG_KMN_WA_00356,Washington,0,2,Washington,1536
NEG_KMN_WA_00357,Washington,0,2,Washington,1537
NEG_KMN_WA_00358,Washington,0,2,Washington,1538
NEG_KMN_WA_00359,Washington,0,2,Washington,1539
NEG_KMN_WA_00360,Washington,0,2,Washington,1540
NEG_KMN_WA_00361,Washington,0,2,Washington,1541
NEG_KMN_WA_00362,Washington,0,2,Washington,1542
NEG_KMN_WA_00363,Washington,0,2,Washington,1543
NEG_KMN_WA_00364,Washington,0,2,Washington,1544
NEG_KMN_WA_00365,Washington,0,2,Washington,1545
NEG_KMN_WA_00366,Washington,0,2,Washington,1546
NEG_KMN_WA_00367,Washington,0,2,Washington,1547
NEG_KMN_WA_00368,Washington,0,2,Washington,1548
NEG_KMN_WA_00369,Washington,0,2,Washington,1549
NEG_KMN_WA_00370,Washington,0,2,Washington,1550
NEG_KMN_WA_00371,Washington,0,2,Washington,1551
NEG_KMN_WA_00372,Washington,0,2,Washington,1552
NEG_KMN_WA_00373,Washington,0,2,Washington,1553
NEG_KMN_WA_00374,Washington,0,2,Washington,1554
NEG_KMN_WA_00375,Washington,0,2,Washington,1555
NEG_KMN_WA_00376,Washington,0,2,Washington,1556
NEG_KMN_WA_00377,Washington,0,2,Washington,1557
NEG_KMN_WA_00378,Washington,0,2,Washington,1558
NEG_KMN_WA_00379,Washington,0,2,Washington,1559
NEG_KMN_WA_00380,Washington,0,2,Washington,1560
POS_10008482,Washington,1,2,Washington,1591
POS_10008495,Washington,1,2,Washington,1592
POS_10009065,Washington,1,2,Washington,1593
POS_10036827,Washington,1,2,Washington,1602
POS_10041702,Washington,1,2,Washington,1615
POS_10042397,Washington,1,2,Washington,1617
POS_10047804,Washington,1,2,Washington,1625
POS_10047836,Washington,1,2,Washington,1626
POS_10048437,Washington,1,2,Washington,1629
POS_10048438,Washington,1,2,Washington,1630
POS_10048439,Washington,1,2,Washington,1631
POS_10048440,Washington,1,2,Washington,1632
POS_10048441,Washington,1,2,Washington,1633
POS_10048444,Washington,1,2,Washington,1634
POS_10048445,Washington,1,2,Washington,1635
POS_10048446,Washington,1,2,Washington,1636
POS_10048447,Washington,1,2,Washington,1637
POS_10048448,Washington,1,2,Washington,1638
POS_10048449,Washington,1,2,Washington,1639
POS_10048588,Washington,1,2,Washington,1640
POS_10048594,Washington,1,2,Washington,1641
POS_10048596,Washington,1,2,Washington,1642
POS_10048601,Washington,1,2,Washington,1643
POS_10048648,Washington,1,2,Washington,1644
POS_10048655,Washington,1,2,Washington,1645
POS_10055922,Washington,1,2,Washington,1649
POS_10055923,Washington,1,2,Washington,1650
POS_10056009,Washington,1,2,Washington,1651
POS_10095364,Washington,1,2,Washington,1661
POS_10095811,Washington,1,2,Washington,1662
POS_10097315,Washington,1,2,Washington,1665
POS_10101419,Washington,1,2,Washington,1669
POS_10107717,Washington,1,2,Washington,1672
POS_10107742,Washington,1,2,Washington,1673
POS_10131061,Washington,1,2,Washington,1680
POS_10277595,Washington,1,2,Washington,1707
POS_10301870,Washington,1,2,Washington,1713
NEG_KMN_NE_00001,Nevada,0,3,Nevada,761
NEG_KMN_NE_00002,Nevada,0,3,Nevada,762
NEG_KMN_NE_00003,Nevada,0,3,Nevada,763
NEG_KMN_NE_00004,Nevada,0,3,Nevada,764
NEG_KMN_NE_00005,Nevada,0,3,Nevada,765
NEG_KMN_NE_00006,Nevada,0,3,Nevada,766
NEG_KMN_NE_00007,Nevada,0,3,Nevada,767
NEG_KMN_NE_00008,Nevada,0,3,Nevada,768
NEG_KMN_NE_00009,Nevada,0,3,Nevada,769
NEG_KMN_NE_00010,Nevada,0,3,Nevada,770
NEG_KMN_NE_00011,Nevada,0,3,Nevada,771
NEG_KMN_NE_00012,Nevada,0,3,Nevada,772
NEG_KMN_NE_00013,Nevada,0,3,Nevada,773
NEG_KMN_NE_00014,Nevada,0,3,Nevada,774
NEG_KMN_NE_00015,Nevada,0,3,Nevada,775
NEG_KMN_NE_00016,Nevada,0,3,Nevada,776
NEG_KMN_NE_00017,Nevada,0,3,Nevada,777
NEG_KMN_NE_00018,Nevada,0,3,Nevada,778
NEG_KMN_NE_00019,Nevada,0,3,Nevada,779
NEG_KMN_NE_00020,Nevada,0,3,Nevada,780
NEG_KMN_NE_00021,Nevada,0,3,Nevada,781
NEG_KMN_NE_00022,Nevada,0,3,Nevada,782
NEG_KMN_NE_00023,Nevada,0,3,Nevada,783
NEG_KMN_NE_00024,Nevada,0,3,Nevada,784
NEG_KMN_NE_00025,Nevada,0,3,Nevada,785
NEG_KMN_NE_00026,Nevada,0,3,Nevada,786
NEG_KMN_NE_00027,Nevada,0,3,Nevada,787
NEG_KMN_NE_00028,Nevada,0,3,Nevada,788
NEG_KMN_NE_00029,Nevada,0,3,Nevada,789
NEG_KMN_NE_00030,Nevada,0,3,Nevada,790
NEG_KMN_NE_00031,Nevada,0,3,Nevada,791
NEG_KMN_NE_00032,Nevada,0,3,Nevada,792
NEG_KMN_NE_00033,Nevada,0,3,Nevada,793
NEG_KMN_NE_00034,Nevada,0,3,Nevada,794
NEG_KMN_NE_00035,Nevada,0,3,Nevada,795
NEG_KMN_NE_00036,Nevada,0,3,Nevada,796
NEG_KMN_NE_00037,Nevada,0,3,Nevada,797
NEG_KMN_NE_00039,Nevada,0,3,Nevada,798
NEG_KMN_NE_00040,Nevada,0,3,Nevada,799
NEG_KMN_NE_00041,Nevada,0,3,Nevada,800
NEG_KMN_NE_00042,Nevada,0,3,Nevada,801
NEG_KMN_NE_00043,Nevada,0,3,Nevada,802
NEG_KMN_NE_00044,Nevada,0,3,Nevada,803
NEG_KMN_NE_00045,Nevada,0,3,Nevada,804
NEG_KMN_NE_00046,Nevada,0,3,Nevada,805
NEG_KMN_NE_00047,Nevada,0,3,Nevada,806
NEG_KMN_NE_00048,Nevada,0,3,Nevada,807
NEG_KMN_NE_00050,Nevada,0,3,Nevada,808
NEG_KMN_NE_00051,Nevada,0,3,Nevada,809
NEG_KMN_NE_00052,Nevada,0,3,Nevada,810
NEG_KMN_NE_00053,Nevada,0,3,Nevada,811
NEG_KMN_NE_00054,Nevada,0,3,Nevada,812
NEG_KMN_NE_00055,Nevada,0,3,Nevada,813
NEG_KMN_NE_00056,Nevada,0,3,Nevada,814
NEG_KMN_NE_00057,Nevada,0,3,Nevada,815
NEG_KMN_NE_00058,Nevada,0,3,Nevada,816
NEG_KMN_NE_00059,Nevada,0,3,Nevada,817
NEG_KMN_NE_00060,Nevada,0,3,Nevada,818
NEG_KMN_NE_00061,Nevada,0,3,Nevada,819
NEG_KMN_NE_00062,Nevada,0,3,Nevada,820
NEG_KMN_NE_00063,Nevada,0,3,Nevada,821
NEG_KMN_NE_00064,Nevada,0,3,Nevada,822
NEG_KMN_NE_00065,Nevada,0,3,Nevada,823
NEG_KMN_NE_00066,Nevada,0,3,Nevada,824
NEG_KMN_NE_00067,Nevada,0,3,Nevada,825
NEG_KMN_NE_00068,Nevada,0,3,Nevada,826
NEG_KMN_NE_00069,Nevada,0,3,Nevada,827
NEG_KMN_NE_00070,Nevada,0,3,Nevada,828
NEG_KMN_NE_00071,Nevada,0,3,Nevada,829
NEG_KMN_NE_00072,Nevada,0,3,Nevada,830
NEG_KMN_NE_00073,Nevada,0,3,Nevada,831
NEG_KMN_NE_00074,Nevada,0,3,Nevada,832
NEG_KMN_NE_00075,Nevada,0,3,Nevada,833
NEG_KMN_NE_00076,Nevada,0,3,Nevada,834
NEG_KMN_NE_00077,Nevada,0,3,Nevada,835
NEG_KMN_NE_00078,Nevada,0,3,Nevada,836
NEG_KMN_NE_00079,Nevada,0,3,Nevada,837
NEG_KMN_NE_00080,Nevada,0,3,Nevada,838
NEG_KMN_NE_00081,Nevada,0,3,Nevada,839
NEG_KMN_NE_00082,Nevada,0,3,Nevada,840
NEG_KMN_NE_00083,Nevada,0,3,Nevada,841
NEG_KMN_NE_00084,Nevada,0,3,Nevada,842
NEG_KMN_NE_00085,Nevada,0,3,Nevada,843
NEG_KMN_NE_00086,Nevada,0,3,Nevada,844
NEG_KMN_NE_00087,Nevada,0,3,Nevada,845
NEG_KMN_NE_00088,Nevada,0,3,Nevada,846
NEG_KMN_NE_00089,Nevada,0,3,Nevada,847
NEG_KMN_NE_00090,Nevada,0,3,Nevada,848
NEG_KMN_NE_00091,Nevada,0,3,Nevada,849
NEG_KMN_NE_00092,Nevada,0,3,Nevada,850
NEG_KMN_NE_00093,Nevada,0,3,Nevada,851
NEG_KMN_NE_00094,Nevada,0,3,Nevada,852
NEG_KMN_NE_00095,Nevada,0,3,Nevada,853
NEG_KMN_NE_00096,Nevada,0,3,Nevada,854
NEG_KMN_NE_00097,Nevada,0,3,Nevada,855
NEG_KMN_NE_00098,Nevada,0,3,Nevada,856
NEG_KMN_NE_00100,Nevada,0,3,Nevada,857
NEG_KMN_NE_00101,Nevada,0,3,Nevada,858
NEG_KMN_NE_00102,Nevada,0,3,Nevada,859
NEG_KMN_NE_00103,Nevada,0,3,Nevada,860
NEG_KMN_NE_00104,Nevada,0,3,Nevada,861
NEG_KMN_NE_00105,Nevada,0,3,Nevada,862
NEG_KMN_NE_00106,Nevada,0,3,Nevada,863
NEG_KMN_NE_00107,Nevada,0,3,Nevada,864
NEG_KMN_NE_00108,Nevada,0,3,Nevada,865
NEG_KMN_NE_00109,Nevada,0,3,Nevada,866
NEG_KMN_NE_00110,Nevada,0,3,Nevada,867
NEG_KMN_NE_00111,Nevada,0,3,Nevada,868
NEG_KMN_NE_00112,Nevada,0,3,Nevada,869
NEG_KMN_NE_00113,Nevada,0,3,Nevada,870
NEG_KMN_NE_00114,Nevada,0,3,Nevada,871
NEG_KMN_NE_00115,Nevada,0,3,Nevada,872
NEG_KMN_NE_00116,Nevada,0,3,Nevada,873
NEG_KMN_NE_00117,Nevada,0,3,Nevada,874
NEG_KMN_NE_00118,Nevada,0,3,Nevada,875
NEG_KMN_NE_00119,Nevada,0,3,Nevada,876
NEG_KMN_NE_00121,Nevada,0,3,Nevada,877
NEG_KMN_NE_00122,Nevada,0,3,Nevada,878
NEG_KMN_NE_00123,Nevada,0,3,Nevada,879
NEG_KMN_NE_00124,Nevada,0,3,Nevada,880
NEG_KMN_NE_00125,Nevada,0,3,Nevada,881
NEG_KMN_NE_00126,Nevada,0,3,Nevada,882
NEG_KMN_NE_00127,Nevada,0,3,Nevada,883
NEG_KMN_NE_00128,Nevada,0,3,Nevada,884
NEG_KMN_NE_00129,Nevada,0,3,Nevada,885
NEG_KMN_NE_00130,Nevada,0,3,Nevada,886
NEG_KMN_NE_00131,Nevada,0,3,Nevada,887
NEG_KMN_NE_00132,Nevada,0,3,Nevada,888
NEG_KMN_NE_00133,Nevada,0,3,Nevada,889
NEG_KMN_NE_00134,Nevada,0,3,Nevada,890
NEG_KMN_NE_00135,Nevada,0,3,Nevada,891
NEG_KMN_NE_00136,Nevada,0,3,Nevada,892
NEG_KMN_NE_00137,Nevada,0,3,Nevada,893
NEG_KMN_NE_00138,Nevada,0,3,Nevada,894
NEG_KMN_NE_00139,Nevada,0,3,Nevada,895
NEG_KMN_NE_00140,Nevada,0,3,Nevada,896
NEG_KMN_NE_00141,Nevada,0,3,Nevada,897
NEG_KMN_NE_00142,Nevada,0,3,Nevada,898
NEG_KMN_NE_00143,Nevada,0,3,Nevada,899
NEG_KMN_NE_00144,Nevada,0,3,Nevada,900
NEG_KMN_NE_00145,Nevada,0,3,Nevada,901
NEG_KMN_NE_00146,Nevada,0,3,Nevada,902
NEG_KMN_NE_00147,Nevada,0,3,Nevada,903
NEG_KMN_NE_00148,Nevada,0,3,Nevada,904
NEG_KMN_NE_00149,Nevada,0,3,Nevada,905
NEG_KMN_NE_00150,Nevada,0,3,Nevada,906
NEG_KMN_NE_00151,Nevada,0,3,Nevada,907
NEG_KMN_NE_00152,Nevada,0,3,Nevada,908
NEG_KMN_NE_00153,Nevada,0,3,Nevada,909
NEG_KMN_NE_00154,Nevada,0,3,Nevada,910
NEG_KMN_NE_00155,Nevada,0,3,Nevada,911
NEG_KMN_NE_00156,Nevada,0,3,Nevada,912
NEG_KMN_NE_00157,Nevada,0,3,Nevada,913
NEG_KMN_NE_00158,Nevada,0,3,Nevada,914
NEG_KMN_NE_00159,Nevada,0,3,Nevada,915
NEG_KMN_NE_00160,Nevada,0,3,Nevada,916
NEG_KMN_NE_00161,Nevada,0,3,Nevada,917
NEG_KMN_NE_00162,Nevada,0,3,Nevada,918
NEG_KMN_NE_00163,Nevada,0,3,Nevada,919
NEG_KMN_NE_00166,Nevada,0,3,Nevada,920
NEG_KMN_NE_00167,Nevada,0,3,Nevada,921
NEG_KMN_NE_00168,Nevada,0,3,Nevada,922
NEG_KMN_NE_00169,Nevada,0,3,Nevada,923
NEG_KMN_NE_00170,Nevada,0,3,Nevada,924
NEG_KMN_NE_00171,Nevada,0,3,Nevada,925
NEG_KMN_NE_00172,Nevada,0,3,Nevada,926
NEG_KMN_NE_00173,Nevada,0,3,Nevada,927
NEG_KMN_NE_00174,Nevada,0,3,Nevada,928
NEG_KMN_NE_00175,Nevada,0,3,Nevada,929
NEG_KMN_NE_00176,Nevada,0,3,Nevada,930
NEG_KMN_NE_00177,Nevada,0,3,Nevada,931
NEG_KMN_NE_00178,Nevada,0,3,Nevada,932
NEG_KMN_NE_00179,Nevada,0,3,Nevada,933
NEG_KMN_NE_00180,Nevada,0,3,Nevada,934
NEG_KMN_NE_00181,Nevada,0,3,Nevada,935
NEG_KMN_NE_00182,Nevada,0,3,Nevada,936
NEG_KMN_NE_00183,Nevada,0,3,Nevada,937
NEG_KMN_NE_00184,Nevada,0,3,Nevada,938
NEG_KMN_NE_00185,Nevada,0,3,Nevada,939
NEG_KMN_NE_00186,Nevada,0,3,Nevada,940
NEG_KMN_NE_00187,Nevada,0,3,Nevada,941
NEG_KMN_NE_00188,Nevada,0,3,Nevada,942
NEG_KMN_NE_00189,Nevada,0,3,Nevada,943
NEG_KMN_NE_00190,Nevada,0,3,Nevada,944
NEG_KMN_NE_00191,Nevada,0,3,Nevada,945
NEG_KMN_NE_00192,Nevada,0,3,Nevada,946
NEG_KMN_NE_00193,Nevada,0,3,Nevada,947
NEG_KMN_NE_00194,Nevada,0,3,Nevada,948
NEG_KMN_NE_00195,Nevada,0,3,Nevada,949
NEG_KMN_NE_00196,Nevada,0,3,Nevada,950
NEG_KMN_NE_00197,Nevada,0,3,Nevada,951
NEG_KMN_NE_00198,Nevada,0,3,Nevada,952
NEG_KMN_NE_00199,Nevada,0,3,Nevada,953
NEG_KMN_NE_00200,Nevada,0,3,Nevada,954
NEG_KMN_NE_00201,Nevada,0,3,Nevada,955
NEG_KMN_NE_00202,Nevada,0,3,Nevada,956
NEG_KMN_NE_00203,Nevada,0,3,Nevada,957
NEG_KMN_NE_00204,Nevada,0,3,Nevada,958
NEG_KMN_NE_00206,Nevada,0,3,Nevada,959
NEG_KMN_NE_00207,Nevada,0,3,Nevada,960
NEG_KMN_NE_00208,Nevada,0,3,Nevada,961
NEG_KMN_NE_00209,Nevada,0,3,Nevada,962
NEG_KMN_NE_00210,Nevada,0,3,Nevada,963
NEG_KMN_NE_00211,Nevada,0,3,Nevada,964
NEG_KMN_NE_00212,Nevada,0,3,Nevada,965
NEG_KMN_NE_00213,Nevada,0,3,Nevada,966
NEG_KMN_NE_00214,Nevada,0,3,Nevada,967
NEG_KMN_NE_00215,Nevada,0,3,Nevada,968
NEG_KMN_NE_00218,Nevada,0,3,Nevada,969
NEG_KMN_NE_00219,Nevada,0,3,Nevada,970
NEG_KMN_NE_00220,Nevada,0,3,Nevada,971
NEG_KMN_NE_00221,Nevada,0,3,Nevada,972
NEG_KMN_NE_00222,Nevada,0,3,Nevada,973
NEG_KMN_NE_00223,Nevada,0,3,Nevada,974
NEG_KMN_NE_00224,Nevada,0,3,Nevada,975
NEG_KMN_NE_00226,Nevada,0,3,Nevada,976
NEG_KMN_NE_00227,Nevada,0,3,Nevada,977
NEG_KMN_NE_00228,Nevada,0,3,Nevada,978
NEG_KMN_NE_00229,Nevada,0,3,Nevada,979
NEG_KMN_NE_00230,Nevada,0,3,Nevada,980
NEG_KMN_NE_00231,Nevada,0,3,Nevada,981
NEG_KMN_NE_00232,Nevada,0,3,Nevada,982
NEG_KMN_NE_00233,Nevada,0,3,Nevada,983
NEG_KMN_NE_00234,Nevada,0,3,Nevada,984
NEG_KMN_NE_00235,Nevada,0,3,Nevada,985
NEG_KMN_NE_00236,Nevada,0,3,Nevada,986
NEG_KMN_NE_00237,Nevada,0,3,Nevada,987
NEG_KMN_NE_00238,Nevada,0,3,Nevada,988
NEG_KMN_NE_00239,Nevada,0,3,Nevada,989
NEG_KMN_NE_00240,Nevada,0,3,Nevada,990
NEG_KMN_NE_00241,Nevada,0,3,Nevada,991
NEG_KMN_NE_00242,Nevada,0,3,Nevada,992
NEG_KMN_NE_00243,Nevada,0,3,Nevada,993
NEG_KMN_NE_00244,Nevada,0,3,Nevada,994
NEG_KMN_NE_00245,Nevada,0,3,Nevada,995
NEG_KMN_NE_00246,Nevada,0,3,Nevada,996
NEG_KMN_NE_00247,Nevada,0,3,Nevada,997
NEG_KMN_NE_00248,Nevada,0,3,Nevada,998
NEG_KMN_NE_00249,Nevada,0,3,Nevada,999
NEG_KMN_NE_00250,Nevada,0,3,Nevada,1000
NEG_KMN_NE_00252,Nevada,0,3,Nevada,1001
NEG_KMN_NE_00253,Nevada,0,3,Nevada,1002
NEG_KMN_NE_00254,Nevada,0,3,Nevada,1003
NEG_KMN_NE_00255,Nevada,0,3,Nevada,1004
NEG_KMN_NE_00256,Nevada,0,3,Nevada,1005
NEG_KMN_NE_00257,Nevada,0,3,Nevada,1006
NEG_KMN_NE_00258,Nevada,0,3,Nevada,1007
NEG_KMN_NE_00259,Nevada,0,3,Nevada,1008
NEG_KMN_NE_00260,Nevada,0,3,Nevada,1009
NEG_KMN_NE_00261,Nevada,0,3,Nevada,1010
NEG_KMN_NE_00263,Nevada,0,3,Nevada,1011
NEG_KMN_NE_00265,Nevada,0,3,Nevada,1012
NEG_KMN_NE_00266,Nevada,0,3,Nevada,1013
NEG_KMN_NE_00267,Nevada,0,3,Nevada,1014
NEG_KMN_NE_00269,Nevada,0,3,Nevada,1015
NEG_KMN_NE_00270,Nevada,0,3,Nevada,1016
NEG_KMN_NE_00272,Nevada,0,3,Nevada,1017
NEG_KMN_NE_00273,Nevada,0,3,Nevada,1018
NEG_KMN_NE_00274,Nevada,0,3,Nevada,1019
NEG_KMN_NE_00275,Nevada,0,3,Nevada,1020
NEG_KMN_NE_00276,Nevada,0,3,Nevada,1021
NEG_KMN_NE_00277,Nevada,0,3,Nevada,1022
NEG_KMN_NE_00278,Nevada,0,3,Nevada,1023
NEG_KMN_NE_00280,Nevada,0,3,Nevada,1024
NEG_KMN_NE_00282,Nevada,0,3,Nevada,1025
NEG_KMN_NE_00283,Nevada,0,3,Nevada,1026
NEG_KMN_NE_00284,Nevada,0,3,Nevada,1027
NEG_KMN_NE_00285,Nevada,0,3,Nevada,1028
NEG_KMN_NE_00286,Nevada,0,3,Nevada,1029
NEG_KMN_NE_00287,Nevada,0,3,Nevada,1030
NEG_KMN_NE_00289,Nevada,0,3,Nevada,1031
NEG_KMN_NE_00291,Nevada,0,3,Nevada,1032
NEG_KMN_NE_00292,Nevada,0,3,Nevada,1033
NEG_KMN_NE_00293,Nevada,0,3,Nevada,1034
NEG_KMN_NE_00294,Nevada,0,3,Nevada,1035
NEG_KMN_NE_00295,Nevada,0,3,Nevada,1036
NEG_KMN_NE_00296,Nevada,0,3,Nevada,1037
NEG_KMN_NE_00297,Nevada,0,3,Nevada,1038
NEG_KMN_NE_00299,Nevada,0,3,Nevada,1039
NEG_KMN_NE_00300,Nevada,0,3,Nevada,1040
NEG_KMN_NE_00301,Nevada,0,3,Nevada,1041
NEG_KMN_NE_00302,Nevada,0,3,Nevada,1042
NEG_KMN_NE_00303,Nevada,0,3,Nevada,1043
NEG_KMN_NE_00304,Nevada,0,3,Nevada,1044
NEG_KMN_NE_00305,Nevada,0,3,Nevada,1045
NEG_KMN_NE_00306,Nevada,0,3,Nevada,1046
NEG_KMN_NE_00307,Nevada,0,3,Nevada,1047
NEG_KMN_NE_00308,Nevada,0,3,Nevada,1048
NEG_KMN_NE_00309,Nevada,0,3,Nevada,1049
NEG_KMN_NE_00310,Nevada,0,3,Nevada,1050
NEG_KMN_NE_00311,Nevada,0,3,Nevada,1051
NEG_KMN_NE_00312,Nevada,0,3,Nevada,1052
NEG_KMN_NE_00313,Nevada,0,3,Nevada,1053
NEG_KMN_NE_00314,Nevada,0,3,Nevada,1054
NEG_KMN_NE_00315,Nevada,0,3,Nevada,1055
NEG_KMN_NE_00316,Nevada,0,3,Nevada,1056
NEG_KMN_NE_00317,Nevada,0,3,Nevada,1057
NEG_KMN_NE_00318,Nevada,0,3,Nevada,1058
NEG_KMN_NE_00319,Nevada,0,3,Nevada,1059
NEG_KMN_NE_00320,Nevada,0,3,Nevada,1060
POS_10037318,Nevada,1,3,Nevada,1604
POS_10037319,Nevada,1,3,Nevada,1605
POS_10037320,Nevada,1,3,Nevada,1606
POS_10037321,Nevada,1,3,Nevada,1607
POS_10047445,Nevada,1,3,Nevada,1622
POS_10047487,Nevada,1,3,Nevada,1623
POS_10047490,Nevada,1,3,Nevada,1624
POS_10048830,Nevada,1,3,Nevada,1647
POS_10080427,Nevada,1,3,Nevada,1656
POS_10149678,Nevada,1,3,Nevada,1684
POS_10310360,Nevada,1,3,Nevada,1714
POS_10310385,Nevada,1,3,Nevada,1715
POS_10310387,Nevada,1,3,Nevada,1716
POS_10310388,Nevada,1,3,Nevada,1717
POS_10310402,Nevada,1,3,Nevada,1718
POS_10310428,Nevada,1,3,Nevada,1719
POS_10310521,Nevada,1,3,Nevada,1720
POS_10310523,Nevada,1,3,Nevada,1721
POS_10310559,Nevada,1,3,Nevada,1722
POS_60000966,Nevada,1,3,Nevada,1731
POS_60001650,Nevada,1,3,Nevada,1734
NEG_KMN_CO_00001,Colorado,0,4,Colorado;New Mexico;Utah;Wyoming,635
NEG_KMN_CO_00002,Colorado,0,4,Colorado;New Mexico;Utah;Wyoming,636
NEG_KMN_CO_00003,Colorado,0,4,Colorado;New Mexico;Utah;Wyoming,637
NEG_KMN_CO_00004,Colorado,0,4,Colorado;New Mexico;Utah;Wyoming,638
NEG_KMN_CO_00005,Colorado,0,4,Colorado;New Mexico;Utah;Wyoming,639
NEG_KMN_CO_00006,Colorado,0,4,Colorado;New Mexico;Utah;Wyoming,640
NEG_KMN_CO_00007,Colorado,0,4,Colorado;New Mexico;Utah;Wyoming,641
NEG_KMN_CO_00008,Colorado,0,4,Colorado;New Mexico;Utah;Wyoming,642
NEG_KMN_CO_00009,Colorado,0,4,Colorado;New Mexico;Utah;Wyoming,643
NEG_KMN_CO_00010,Colorado,0,4,Colorado;New Mexico;Utah;Wyoming,644
NEG_KMN_CO_00011,Colorado,0,4,Colorado;New Mexico;Utah;Wyoming,645
NEG_KMN_CO_00012,Colorado,0,4,Colorado;New Mexico;Utah;Wyoming,646
NEG_KMN_CO_00013,Colorado,0,4,Colorado;New Mexico;Utah;Wyoming,647
NEG_KMN_CO_00014,Colorado,0,4,Colorado;New Mexico;Utah;Wyoming,648
NEG_KMN_CO_00015,Colorado,0,4,Colorado;New Mexico;Utah;Wyoming,649
NEG_KMN_CO_00016,Colorado,0,4,Colorado;New Mexico;Utah;Wyoming,650
NEG_KMN_CO_00017,Colorado,0,4,Colorado;New Mexico;Utah;Wyoming,651
NEG_KMN_CO_00018,Colorado,0,4,Colorado;New Mexico;Utah;Wyoming,652
NEG_KMN_CO_00019,Colorado,0,4,Colorado;New Mexico;Utah;Wyoming,653
NEG_KMN_CO_00020,Colorado,0,4,Colorado;New Mexico;Utah;Wyoming,654
NEG_KMN_CO_00021,Colorado,0,4,Colorado;New Mexico;Utah;Wyoming,655
NEG_KMN_CO_00022,Colorado,0,4,Colorado;New Mexico;Utah;Wyoming,656
NEG_KMN_CO_00023,Colorado,0,4,Colorado;New Mexico;Utah;Wyoming,657
NEG_KMN_CO_00024,Colorado,0,4,Colorado;New Mexico;Utah;Wyoming,658
NEG_KMN_CO_00025,Colorado,0,4,Colorado;New Mexico;Utah;Wyoming,659
NEG_KMN_CO_00026,Colorado,0,4,Colorado;New Mexico;Utah;Wyoming,660
NEG_KMN_CO_00027,Colorado,0,4,Colorado;New Mexico;Utah;Wyoming,661
NEG_KMN_CO_00028,Colorado,0,4,Colorado;New Mexico;Utah;Wyoming,662
NEG_KMN_CO_00029,Colorado,0,4,Colorado;New Mexico;Utah;Wyoming,663
NEG_KMN_CO_00030,Colorado,0,4,Colorado;New Mexico;Utah;Wyoming,664
NEG_KMN_CO_00031,Colorado,0,4,Colorado;New Mexico;Utah;Wyoming,665
NEG_KMN_CO_00032,Colorado,0,4,Colorado;New Mexico;Utah;Wyoming,666
NEG_KMN_CO_00033,Colorado,0,4,Colorado;New Mexico;Utah;Wyoming,667
NEG_KMN_CO_00034,Colorado,0,4,Colorado;New Mexico;Utah;Wyoming,668
NEG_KMN_CO_00035,Colorado,0,4,Colorado;New Mexico;Utah;Wyoming,669
NEG_KMN_CO_00036,Colorado,0,4,Colorado;New Mexico;Utah;Wyoming,670
NEG_KMN_CO_00037,Colorado,0,4,Colorado;New Mexico;Utah;Wyoming,671
NEG_KMN_CO_00038,Colorado,0,4,Colorado;New Mexico;Utah;Wyoming,672
NEG_KMN_CO_00039,Colorado,0,4,Colorado;New Mexico;Utah;Wyoming,673
NEG_KMN_CO_00040,Colorado,0,4,Colorado;New Mexico;Utah;Wyoming,674
NEG_KMN_UT_00001,Utah,0,4,Colorado;New Mexico;Utah;Wyoming,1111
NEG_KMN_UT_00002,Utah,0,4,Colorado;New Mexico;Utah;Wyoming,1112
NEG_KMN_UT_00003,Utah,0,4,Colorado;New Mexico;Utah;Wyoming,1113
NEG_KMN_UT_00004,Utah,0,4,Colorado;New Mexico;Utah;Wyoming,1114
NEG_KMN_UT_00005,Utah,0,4,Colorado;New Mexico;Utah;Wyoming,1115
NEG_KMN_UT_00006,Utah,0,4,Colorado;New Mexico;Utah;Wyoming,1116
NEG_KMN_UT_00007,Utah,0,4,Colorado;New Mexico;Utah;Wyoming,1117
NEG_KMN_UT_00008,Utah,0,4,Colorado;New Mexico;Utah;Wyoming,1118
NEG_KMN_UT_00009,Utah,0,4,Colorado;New Mexico;Utah;Wyoming,1119
NEG_KMN_UT_00010,Utah,0,4,Colorado;New Mexico;Utah;Wyoming,1120
NEG_KMN_UT_00011,Utah,0,4,Colorado;New Mexico;Utah;Wyoming,1121
NEG_KMN_UT_00012,Utah,0,4,Colorado;New Mexico;Utah;Wyoming,1122
NEG_KMN_UT_00013,Utah,0,4,Colorado;New Mexico;Utah;Wyoming,1123
NEG_KMN_UT_00014,Utah,0,4,Colorado;New Mexico;Utah;Wyoming,1124
NEG_KMN_UT_00015,Utah,0,4,Colorado;New Mexico;Utah;Wyoming,1125
NEG_KMN_UT_00016,Utah,0,4,Colorado;New Mexico;Utah;Wyoming,1126
NEG_KMN_UT_00017,Utah,0,4,Colorado;New Mexico;Utah;Wyoming,1127
NEG_KMN_UT_00018,Utah,0,4,Colorado;New Mexico;Utah;Wyoming,1128
NEG_KMN_UT_00019,Utah,0,4,Colorado;New Mexico;Utah;Wyoming,1129
NEG_KMN_UT_00020,Utah,0,4,Colorado;New Mexico;Utah;Wyoming,1130
NEG_KMN_UT_00021,Utah,0,4,Colorado;New Mexico;Utah;Wyoming,1131
NEG_KMN_UT_00022,Utah,0,4,Colorado;New Mexico;Utah;Wyoming,1132
NEG_KMN_UT_00023,Utah,0,4,Colorado;New Mexico;Utah;Wyoming,1133
NEG_KMN_UT_00024,Utah,0,4,Colorado;New Mexico;Utah;Wyoming,1134
NEG_KMN_UT_00025,Utah,0,4,Colorado;New Mexico;Utah;Wyoming,1135
NEG_KMN_UT_00026,Utah,0,4,Colorado;New Mexico;Utah;Wyoming,1136
NEG_KMN_UT_00027,Utah,0,4,Colorado;New Mexico;Utah;Wyoming,1137
NEG_KMN_UT_00028,Utah,0,4,Colorado;New Mexico;Utah;Wyoming,1138
NEG_KMN_UT_00029,Utah,0,4,Colorado;New Mexico;Utah;Wyoming,1139
NEG_KMN_UT_00030,Utah,0,4,Colorado;New Mexico;Utah;Wyoming,1140
NEG_KMN_UT_00031,Utah,0,4,Colorado;New Mexico;Utah;Wyoming,1141
NEG_KMN_UT_00032,Utah,0,4,Colorado;New Mexico;Utah;Wyoming,1142
NEG_KMN_UT_00033,Utah,0,4,Colorado;New Mexico;Utah;Wyoming,1143
NEG_KMN_UT_00034,Utah,0,4,Colorado;New Mexico;Utah;Wyoming,1144
NEG_KMN_UT_00035,Utah,0,4,Colorado;New Mexico;Utah;Wyoming,1145
NEG_KMN_UT_00036,Utah,0,4,Colorado;New Mexico;Utah;Wyoming,1146
NEG_KMN_UT_00037,Utah,0,4,Colorado;New Mexico;Utah;Wyoming,1147
NEG_KMN_UT_00038,Utah,0,4,Colorado;New Mexico;Utah;Wyoming,1148
NEG_KMN_UT_00039,Utah,0,4,Colorado;New Mexico;Utah;Wyoming,1149
NEG_KMN_UT_00040,Utah,0,4,Colorado;New Mexico;Utah;Wyoming,1150
NEG_KMN_UT_00041,Utah,0,4,Colorado;New Mexico;Utah;Wyoming,1151
NEG_KMN_UT_00042,Utah,0,4,Colorado;New Mexico;Utah;Wyoming,1152
NEG_KMN_UT_00043,Utah,0,4,Colorado;New Mexico;Utah;Wyoming,1153
NEG_KMN_UT_00044,Utah,0,4,Colorado;New Mexico;Utah;Wyoming,1154
NEG_KMN_UT_00045,Utah,0,4,Colorado;New Mexico;Utah;Wyoming,1155
NEG_KMN_UT_00046,Utah,0,4,Colorado;New Mexico;Utah;Wyoming,1156
NEG_KMN_UT_00047,Utah,0,4,Colorado;New Mexico;Utah;Wyoming,1157
NEG_KMN_UT_00048,Utah,0,4,Colorado;New Mexico;Utah;Wyoming,1158
NEG_KMN_UT_00049,Utah,0,4,Colorado;New Mexico;Utah;Wyoming,1159
NEG_KMN_UT_00050,Utah,0,4,Colorado;New Mexico;Utah;Wyoming,1160
NEG_KMN_UT_00051,Utah,0,4,Colorado;New Mexico;Utah;Wyoming,1161
NEG_KMN_UT_00052,Utah,0,4,Colorado;New Mexico;Utah;Wyoming,1162
NEG_KMN_UT_00053,Utah,0,4,Colorado;New Mexico;Utah;Wyoming,1163
NEG_KMN_UT_00054,Utah,0,4,Colorado;New Mexico;Utah;Wyoming,1164
NEG_KMN_UT_00055,Utah,0,4,Colorado;New Mexico;Utah;Wyoming,1165
NEG_KMN_UT_00056,Utah,0,4,Colorado;New Mexico;Utah;Wyoming,1166
NEG_KMN_UT_00057,Utah,0,4,Colorado;New Mexico;Utah;Wyoming,1167
NEG_KMN_UT_00058,Utah,0,4,Colorado;New Mexico;Utah;Wyoming,1168
NEG_KMN_UT_00059,Utah,0,4,Colorado;New Mexico;Utah;Wyoming,1169
NEG_KMN_UT_00060,Utah,0,4,Colorado;New Mexico;Utah;Wyoming,1170
NEG_KMN_UT_00061,Utah,0,4,Colorado;New Mexico;Utah;Wyoming,1171
NEG_KMN_UT_00062,Utah,0,4,Colorado;New Mexico;Utah;Wyoming,1172
NEG_KMN_UT_00063,Utah,0,4,Colorado;New Mexico;Utah;Wyoming,1173
NEG_KMN_UT_00064,Utah,0,4,Colorado;New Mexico;Utah;Wyoming,1174
NEG_KMN_UT_00065,Utah,0,4,Colorado;New Mexico;Utah;Wyoming,1175
NEG_KMN_UT_00066,Utah,0,4,Colorado;New Mexico;Utah;Wyoming,1176
NEG_KMN_UT_00067,Utah,0,4,Colorado;New Mexico;Utah;Wyoming,1177
NEG_KMN_UT_00068,Utah,0,4,Colorado;New Mexico;Utah;Wyoming,1178
NEG_KMN_UT_00069,Utah,0,4,Colorado;New Mexico;Utah;Wyoming,1179
NEG_KMN_UT_00070,Utah,0,4,Colorado;New Mexico;Utah;Wyoming,1180
NEG_KMN_WY_00001,Wyoming,0,4,Colorado;New Mexico;Utah;Wyoming,1561
NEG_KMN_WY_00002,Wyoming,0,4,Colorado;New Mexico;Utah;Wyoming,1562
NEG_KMN_WY_00004,Wyoming,0,4,Colorado;New Mexico;Utah;Wyoming,1563
NEG_KMN_WY_00006,Wyoming,0,4,Colorado;New Mexico;Utah;Wyoming,1564
NEG_KMN_WY_00007,Wyoming,0,4,Colorado;New Mexico;Utah;Wyoming,1565
NEG_KMN_WY_00010,Wyoming,0,4,Colorado;New Mexico;Utah;Wyoming,1566
NEG_KMN_WY_00012,Wyoming,0,4,Colorado;New Mexico;Utah;Wyoming,1567
NEG_KMN_WY_00013,Wyoming,0,4,Colorado;New Mexico;Utah;Wyoming,1568
NEG_KMN_WY_00017,Wyoming,0,4,Colorado;New Mexico;Utah;Wyoming,1569
NEG_KMN_WY_00018,Wyoming,0,4,Colorado;New Mexico;Utah;Wyoming,1570
NEG_KMN_WY_00019,Wyoming,0,4,Colorado;New Mexico;Utah;Wyoming,1571
NEG_KMN_WY_00022,Wyoming,0,4,Colorado;New Mexico;Utah;Wyoming,1572
NEG_KMN_WY_00023,Wyoming,0,4,Colorado;New Mexico;Utah;Wyoming,1573
NEG_KMN_WY_00024,Wyoming,0,4,Colorado;New Mexico;Utah;Wyoming,1574
NEG_KMN_WY_00025,Wyoming,0,4,Colorado;New Mexico;Utah;Wyoming,1575
NEG_KMN_WY_00026,Wyoming,0,4,Colorado;New Mexico;Utah;Wyoming,1576
NEG_KMN_WY_00027,Wyoming,0,4,Colorado;New Mexico;Utah;Wyoming,1577
NEG_KMN_WY_00028,Wyoming,0,4,Colorado;New Mexico;Utah;Wyoming,1578
NEG_KMN_WY_00029,Wyoming,0,4,Colorado;New Mexico;Utah;Wyoming,1579
NEG_KMN_WY_00031,Wyoming,0,4,Colorado;New Mexico;Utah;Wyoming,1580
NEG_KMN_WY_00035,Wyoming,0,4,Colorado;New Mexico;Utah;Wyoming,1581
NEG_KMN_WY_00036,Wyoming,0,4,Colorado;New Mexico;Utah;Wyoming,1582
NEG_KMN_WY_00038,Wyoming,0,4,Colorado;New Mexico;Utah;Wyoming,1583
NEG_KMN_WY_00039,Wyoming,0,4,Colorado;New Mexico;Utah;Wyoming,1584
NEG_KMN_WY_00042,Wyoming,0,4,Colorado;New Mexico;Utah;Wyoming,1585
NEG_KMN_WY_00044,Wyoming,0,4,Colorado;New Mexico;Utah;Wyoming,1586
NEG_KMN_WY_00046,Wyoming,0,4,Colorado;New Mexico;Utah;Wyoming,1587
NEG_KMN_WY_00047,Wyoming,0,4,Colorado;New Mexico;Utah;Wyoming,1588
NEG_KMN_WY_00048,Wyoming,0,4,Colorado;New Mexico;Utah;Wyoming,1589
POS_10008353,Colorado,1,4,Colorado;New Mexico;Utah;Wyoming,1590
POS_10012285,New Mexico,1,4,Colorado;New Mexico;Utah;Wyoming,1594
POS_10012295,Colorado,1,4,Colorado;New Mexico;Utah;Wyoming,1595
POS_10042180,Utah,1,4,Colorado;New Mexico;Utah;Wyoming,1616
POS_10064808,New Mexico,1,4,Colorado;New Mexico;Utah;Wyoming,1652
POS_10069296,Utah,1,4,Colorado;New Mexico;Utah;Wyoming,1654
POS_10087992,New Mexico,1,4,Colorado;New Mexico;Utah;Wyoming,1657
POS_10097383,New Mexico,1,4,Colorado;New Mexico;Utah;Wyoming,1666
POS_10097911,New Mexico,1,4,Colorado;New Mexico;Utah;Wyoming,1667
POS_10101379,Utah,1,4,Colorado;New Mexico;Utah;Wyoming,1668
POS_10129805,Utah,1,4,Colorado;New Mexico;Utah;Wyoming,1679
POS_10133042,Wyoming,1,4,Colorado;New Mexico;Utah;Wyoming,1681
POS_10150841,New Mexico,1,4,Colorado;New Mexico;Utah;Wyoming,1685
POS_10174772,New Mexico,1,4,Colorado;New Mexico;Utah;Wyoming,1690
POS_10264283,Colorado,1,4,Colorado;New Mexico;Utah;Wyoming,1706
POS_10400263,Colorado,1,4,Colorado;New Mexico;Utah;Wyoming,1723
POS_60000887,Utah,1,4,Colorado;New Mexico;Utah;Wyoming,1729
POS_60001624,Wyoming,1,4,Colorado;New Mexico;Utah;Wyoming,1733
NEG_KMN_CA_00001,California,0,5,California;Idaho;Montana;Oregon,616
NEG_KMN_CA_00002,California,0,5,California;Idaho;Montana;Oregon,617
NEG_KMN_CA_00003,California,0,5,California;Idaho;Montana;Oregon,618
NEG_KMN_CA_00004,California,0,5,California;Idaho;Montana;Oregon,619
NEG_KMN_CA_00005,California,0,5,California;Idaho;Montana;Oregon,620
NEG_KMN_CA_00006,California,0,5,California;Idaho;Montana;Oregon,621
NEG_KMN_CA_00007,California,0,5,California;Idaho;Montana;Oregon,622
NEG_KMN_CA_00008,California,0,5,California;Idaho;Montana;Oregon,623
NEG_KMN_CA_00009,California,0,5,California;Idaho;Montana;Oregon,624
NEG_KMN_CA_00010,California,0,5,California;Idaho;Montana;Oregon,625
NEG_KMN_CA_00011,California,0,5,California;Idaho;Montana;Oregon,626
NEG_KMN_CA_00012,California,0,5,California;Idaho;Montana;Oregon,627
NEG_KMN_CA_00013,California,0,5,California;Idaho;Montana;Oregon,628
NEG_KMN_CA_00014,California,0,5,California;Idaho;Montana;Oregon,629
NEG_KMN_CA_00015,California,0,5,California;Idaho;Montana;Oregon,630
NEG_KMN_CA_00017,California,0,5,California;Idaho;Montana;Oregon,631
NEG_KMN_CA_00018,California,0,5,California;Idaho;Montana;Oregon,632
NEG_KMN_CA_00019,California,0,5,California;Idaho;Montana;Oregon,633
NEG_KMN_CA_00020,California,0,5,California;Idaho;Montana;Oregon,634
NEG_KMN_ID_00002,Idaho,0,5,California;Idaho;Montana;Oregon,675
NEG_KMN_ID_00003,Idaho,0,5,California;Idaho;Montana;Oregon,676
NEG_KMN_ID_00004,Idaho,0,5,California;Idaho;Montana;Oregon,677
NEG_KMN_ID_00005,Idaho,0,5,California;Idaho;Montana;Oregon,678
NEG_KMN_ID_00006,Idaho,0,5,California;Idaho;Montana;Oregon,679
NEG_KMN_ID_00007,Idaho,0,5,California;Idaho;Montana;Oregon,680
NEG_KMN_ID_00008,Idaho,0,5,California;Idaho;Montana;Oregon,681
NEG_KMN_ID_00009,Idaho,0,5,California;Idaho;Montana;Oregon,682
NEG_KMN_ID_00010,Idaho,0,5,California;Idaho;Montana;Oregon,683
NEG_KMN_ID_00011,Idaho,0,5,California;Idaho;Montana;Oregon,684
NEG_KMN_ID_00012,Idaho,0,5,California;Idaho;Montana;Oregon,685
NEG_KMN_ID_00014,Idaho,0,5,California;Idaho;Montana;Oregon,686
NEG_KMN_ID_00015,Idaho,0,5,California;Idaho;Montana;Oregon,687
NEG_KMN_ID_00016,Idaho,0,5,California;Idaho;Montana;Oregon,688
NEG_KMN_ID_00017,Idaho,0,5,California;Idaho;Montana;Oregon,689
NEG_KMN_ID_00018,Idaho,0,5,California;Idaho;Montana;Oregon,690
NEG_KMN_ID_00019,Idaho,0,5,California;Idaho;Montana;Oregon,691
NEG_KMN_ID_00020,Idaho,0,5,California;Idaho;Montana;Oregon,692
NEG_KMN_ID_00021,Idaho,0,5,California;Idaho;Montana;Oregon,693
NEG_KMN_ID_00022,Idaho,0,5,California;Idaho;Montana;Oregon,694
NEG_KMN_ID_00023,Idaho,0,5,California;Idaho;Montana;Oregon,695
NEG_KMN_ID_00024,Idaho,0,5,California;Idaho;Montana;Oregon,696
NEG_KMN_ID_00026,Idaho,0,5,California;Idaho;Montana;Oregon,697
NEG_KMN_ID_00027,Idaho,0,5,California;Idaho;Montana;Oregon,698
NEG_KMN_ID_00028,Idaho,0,5,California;Idaho;Montana;Oregon,699
NEG_KMN_ID_00029,Idaho,0,5,California;Idaho;Montana;Oregon,700
NEG_KMN_ID_00031,Idaho,0,5,California;Idaho;Montana;Oregon,701
NEG_KMN_ID_00032,Idaho,0,5,California;Idaho;Montana;Oregon,702
NEG_KMN_ID_00033,Idaho,0,5,California;Idaho;Montana;Oregon,703
NEG_KMN_ID_00034,Idaho,0,5,California;Idaho;Montana;Oregon,704
NEG_KMN_ID_00035,Idaho,0,5,California;Idaho;Montana;Oregon,705
NEG_KMN_ID_00036,Idaho,0,5,California;Idaho;Montana;Oregon,706
NEG_KMN_ID_00037,Idaho,0,5,California;Idaho;Montana;Oregon,707
NEG_KMN_ID_00038,Idaho,0,5,California;Idaho;Montana;Oregon,708
NEG_KMN_ID_00039,Idaho,0,5,California;Idaho;Montana;Oregon,709
NEG_KMN_ID_00040,Idaho,0,5,California;Idaho;Montana;Oregon,710
NEG_KMN_ID_00041,Idaho,0,5,California;Idaho;Montana;Oregon,711
NEG_KMN_ID_00042,Idaho,0,5,California;Idaho;Montana;Oregon,712
NEG_KMN_ID_00043,Idaho,0,5,California;Idaho;Montana;Oregon,713
NEG_KMN_ID_00044,Idaho,0,5,California;Idaho;Montana;Oregon,714
NEG_KMN_ID_00045,Idaho,0,5,California;Idaho;Montana;Oregon,715
NEG_KMN_ID_00046,Idaho,0,5,California;Idaho;Montana;Oregon,716
NEG_KMN_ID_00047,Idaho,0,5,California;Idaho;Montana;Oregon,717
NEG_KMN_ID_00048,Idaho,0,5,California;Idaho;Montana;Oregon,718
NEG_KMN_ID_00049,Idaho,0,5,California;Idaho;Montana;Oregon,719
NEG_KMN_ID_00050,Idaho,0,5,California;Idaho;Montana;Oregon,720
NEG_KMN_MO_00001,Montana,0,5,California;Idaho;Montana;Oregon,721
NEG_KMN_MO_00002,Montana,0,5,California;Idaho;Montana;Oregon,722
NEG_KMN_MO_00003,Montana,0,5,California;Idaho;Montana;Oregon,723
NEG_KMN_MO_00004,Montana,0,5,California;Idaho;Montana;Oregon,724
NEG_KMN_MO_00005,Montana,0,5,California;Idaho;Montana;Oregon,725
NEG_KMN_MO_00006,Montana,0,5,California;Idaho;Montana;Oregon,726
NEG_KMN_MO_00007,Montana,0,5,California;Idaho;Montana;Oregon,727
NEG_KMN_MO_00008,Montana,0,5,California;Idaho;Montana;Oregon,728
NEG_KMN_MO_00009,Montana,0,5,California;Idaho;Montana;Oregon,729
NEG_KMN_MO_00010,Montana,0,5,California;Idaho;Montana;Oregon,730
NEG_KMN_MO_00011,Montana,0,5,California;Idaho;Montana;Oregon,731
NEG_KMN_MO_00012,Montana,0,5,California;Idaho;Montana;Oregon,732
NEG_KMN_MO_00013,Montana,0,5,California;Idaho;Montana;Oregon,733
NEG_KMN_MO_00014,Montana,0,5,California;Idaho;Montana;Oregon,734
NEG_KMN_MO_00015,Montana,0,5,California;Idaho;Montana;Oregon,735
NEG_KMN_MO_00016,Montana,0,5,California;Idaho;Montana;Oregon,736
NEG_KMN_MO_00017,Montana,0,5,California;Idaho;Montana;Oregon,737
NEG_KMN_MO_00018,Montana,0,5,California;Idaho;Montana;Oregon,738
NEG_KMN_MO_00019,Montana,0,5,California;Idaho;Montana;Oregon,739
NEG_KMN_MO_00020,Montana,0,5,California;Idaho;Montana;Oregon,740
NEG_KMN_MO_00021,Montana,0,5,California;Idaho;Montana;Oregon,741
NEG_KMN_MO_00022,Montana,0,5,California;Idaho;Montana;Oregon,742
NEG_KMN_MO_00023,Montana,0,5,California;Idaho;Montana;Oregon,743
NEG_KMN_MO_00024,Montana,0,5,California;Idaho;Montana;Oregon,744
NEG_KMN_MO_00025,Montana,0,5,California;Idaho;Montana;Oregon,745
NEG_KMN_MO_00026,Montana,0,5,California;Idaho;Montana;Oregon,746
NEG_KMN_MO_00027,Montana,0,5,California;Idaho;Montana;Oregon,747
NEG_KMN_MO_00028,Montana,0,5,California;Idaho;Montana;Oregon,748
NEG_KMN_MO_00029,Montana,0,5,California;Idaho;Montana;Oregon,749
NEG_KMN_MO_00030,Montana,0,5,California;Idaho;Montana;Oregon,750
NEG_KMN_MO_00031,Montana,0,5,California;Idaho;Montana;Oregon,751
NEG_KMN_MO_00032,Montana,0,5,California;Idaho;Montana;Oregon,752
NEG_KMN_MO_00033,Montana,0,5,California;Idaho;Montana;Oregon,753
NEG_KMN_MO_00034,Montana,0,5,California;Idaho;Montana;Oregon,754
NEG_KMN_MO_00035,Montana,0,5,California;Idaho;Montana;Oregon,755
NEG_KMN_MO_00036,Montana,0,5,California;Idaho;Montana;Oregon,756
NEG_KMN_MO_00037,Montana,0,5,California;Idaho;Montana;Oregon,757
NEG_KMN_MO_00038,Montana,0,5,California;Idaho;Montana;Oregon,758
NEG_KMN_MO_00039,Montana,0,5,California;Idaho;Montana;Oregon,759
NEG_KMN_MO_00040,Montana,0,5,California;Idaho;Montana;Oregon,760
NEG_KMN_OR_00001,Oregon,0,5,California;Idaho;Montana;Oregon,1061
NEG_KMN_OR_00002,Oregon,0,5,California;Idaho;Montana;Oregon,1062
NEG_KMN_OR_00003,Oregon,0,5,California;Idaho;Montana;Oregon,1063
NEG_KMN_OR_00004,Oregon,0,5,California;Idaho;Montana;Oregon,1064
NEG_KMN_OR_00005,Oregon,0,5,California;Idaho;Montana;Oregon,1065
NEG_KMN_OR_00006,Oregon,0,5,California;Idaho;Montana;Oregon,1066
NEG_KMN_OR_00007,Oregon,0,5,California;Idaho;Montana;Oregon,1067
NEG_KMN_OR_00008,Oregon,0,5,California;Idaho;Montana;Oregon,1068
NEG_KMN_OR_00009,Oregon,0,5,California;Idaho;Montana;Oregon,1069
NEG_KMN_OR_00010,Oregon,0,5,California;Idaho;Montana;Oregon,1070
NEG_KMN_OR_00011,Oregon,0,5,California;Idaho;Montana;Oregon,1071
NEG_KMN_OR_00012,Oregon,0,5,California;Idaho;Montana;Oregon,1072
NEG_KMN_OR_00013,Oregon,0,5,California;Idaho;Montana;Oregon,1073
NEG_KMN_OR_00014,Oregon,0,5,California;Idaho;Montana;Oregon,1074
NEG_KMN_OR_00015,Oregon,0,5,California;Idaho;Montana;Oregon,1075
NEG_KMN_OR_00016,Oregon,0,5,California;Idaho;Montana;Oregon,1076
NEG_KMN_OR_00017,Oregon,0,5,California;Idaho;Montana;Oregon,1077
NEG_KMN_OR_00018,Oregon,0,5,California;Idaho;Montana;Oregon,1078
NEG_KMN_OR_00019,Oregon,0,5,California;Idaho;Montana;Oregon,1079
NEG_KMN_OR_00020,Oregon,0,5,California;Idaho;Montana;Oregon,1080
NEG_KMN_OR_00021,Oregon,0,5,California;Idaho;Montana;Oregon,1081
NEG_KMN_OR_00022,Oregon,0,5,California;Idaho;Montana;Oregon,1082
NEG_KMN_OR_00023,Oregon,0,5,California;Idaho;Montana;Oregon,1083
NEG_KMN_OR_00024,Oregon,0,5,California;Idaho;Montana;Oregon,1084
NEG_KMN_OR_00025,Oregon,0,5,California;Idaho;Montana;Oregon,1085
NEG_KMN_OR_00026,Oregon,0,5,California;Idaho;Montana;Oregon,1086
NEG_KMN_OR_00027,Oregon,0,5,California;Idaho;Montana;Oregon,1087
NEG_KMN_OR_00028,Oregon,0,5,California;Idaho;Montana;Oregon,1088
NEG_KMN_OR_00029,Oregon,0,5,California;Idaho;Montana;Oregon,1089
NEG_KMN_OR_00030,Oregon,0,5,California;Idaho;Montana;Oregon,1090
NEG_KMN_OR_00031,Oregon,0,5,California;Idaho;Montana;Oregon,1091
NEG_KMN_OR_00032,Oregon,0,5,California;Idaho;Montana;Oregon,1092
NEG_KMN_OR_00033,Oregon,0,5,California;Idaho;Montana;Oregon,1093
NEG_KMN_OR_00034,Oregon,0,5,California;Idaho;Montana;Oregon,1094
NEG_KMN_OR_00035,Oregon,0,5,California;Idaho;Montana;Oregon,1095
NEG_KMN_OR_00036,Oregon,0,5,California;Idaho;Montana;Oregon,1096
NEG_KMN_OR_00037,Oregon,0,5,California;Idaho;Montana;Oregon,1097
NEG_KMN_OR_00038,Oregon,0,5,California;Idaho;Montana;Oregon,1098
NEG_KMN_OR_00039,Oregon,0,5,California;Idaho;Montana;Oregon,1099
NEG_KMN_OR_00040,Oregon,0,5,California;Idaho;Montana;Oregon,1100
NEG_KMN_OR_00041,Oregon,0,5,California;Idaho;Montana;Oregon,1101
NEG_KMN_OR_00042,Oregon,0,5,California;Idaho;Montana;Oregon,1102
NEG_KMN_OR_00043,Oregon,0,5,California;Idaho;Montana;Oregon,1103
NEG_KMN_OR_00044,Oregon,0,5,California;Idaho;Montana;Oregon,1104
NEG_KMN_OR_00045,Oregon,0,5,California;Idaho;Montana;Oregon,1105
NEG_KMN_OR_00046,Oregon,0,5,California;Idaho;Montana;Oregon,1106
NEG_KMN_OR_00047,Oregon,0,5,California;Idaho;Montana;Oregon,1107
NEG_KMN_OR_00048,Oregon,0,5,California;Idaho;Montana;Oregon,1108
NEG_KMN_OR_00049,Oregon,0,5,California;Idaho;Montana;Oregon,1109
NEG_KMN_OR_00050,Oregon,0,5,California;Idaho;Montana;Oregon,1110
POS_10033433,Oregon,1,5,California;Idaho;Montana;Oregon,1600
POS_10036279,Oregon,1,5,California;Idaho;Montana;Oregon,1601
POS_10040246,Oregon,1,5,California;Idaho;Montana;Oregon,1614
POS_10053081,Oregon,1,5,California;Idaho;Montana;Oregon,1648
POS_10089294,Idaho,1,5,California;Idaho;Montana;Oregon,1658
POS_10095161,Oregon,1,5,California;Idaho;Montana;Oregon,1660
POS_10096858,Idaho,1,5,California;Idaho;Montana;Oregon,1663
POS_10109418,California,1,5,California;Idaho;Montana;Oregon,1674
POS_10173000,Montana,1,5,California;Idaho;Montana;Oregon,1689
POS_10193063,Idaho,1,5,California;Idaho;Montana;Oregon,1695
POS_10221947,Montana,1,5,California;Idaho;Montana;Oregon,1700
POS_10261965,California,1,5,California;Idaho;Montana;Oregon,1705
POS_60001622,Montana,1,5,California;Idaho;Montana;Oregon,1732
