environment,concept,concept_group,role,concept_feature,n_rows,n_positive,n_negative,positive_mean,negative_mean,mean_difference_pos_minus_neg,positive_median,negative_median,median_difference_pos_minus_neg,cohen_d,univariate_auc,auc_effect_strength,direction,missing_rate,feature_count,aggregation_method
arid_basin_or_range,Mo_anomaly,geochemistry,mineralization_signal,concept_Mo_anomaly,729,52,677,7.0146723733076985,3.258188743124215,3.7564836301834834,8.0,2.1355932203389827,5.864406779661017,1.3384386073509973,0.8402312237245768,0.6804624474491536,positive_higher,0.0,30,robust_z_row_max
arid_basin_or_range,Cu_anomaly,geochemistry,mineralization_signal,concept_Cu_anomaly,729,52,677,7.349922284606767,3.662518755564973,3.6874035290417937,8.0,2.142857142857143,5.857142857142858,1.166437201322825,0.8075218725144869,0.6150437450289739,positive_higher,0.0,30,robust_z_row_max
arid_basin_or_range,terrain_relief,terrain,erosion_exposure,concept_terrain_relief,729,52,677,0.3228279254248697,-0.13036360285233065,0.45319152827720033,0.2345079061697268,-0.30038022813688214,0.534888134306609,1.018619310500905,0.7962489596956367,0.5924979193912734,positive_higher,0.0411522633744856,3,robust_z_row_median
arid_basin_or_range,terrain_roughness,terrain,erosion_exposure,concept_terrain_roughness,729,52,677,0.5628205128205128,0.014837712519319946,0.5479828003011928,0.4,-0.2,0.6000000000000001,0.9386718913283626,0.7416478421115207,0.48329568422304137,positive_higher,0.0411522633744856,1,robust_z_row_median
arid_basin_or_range,Pb_Zn_background,geochemistry,geochemical_background,concept_Pb_Zn_background,729,52,677,7.166700676900951,4.600625073528288,2.5660756033726626,8.0,5.03052608789781,2.96947391210219,0.8001424062809166,0.7238239972730373,0.4476479945460745,positive_higher,0.0,60,robust_z_row_max
arid_basin_or_range,terrain_slope,terrain,erosion_exposure,concept_terrain_slope,729,52,677,0.4959216617255345,-0.0016984461540313059,0.4976201078795658,0.3726301715052145,-0.18192339421730455,0.554553565722519,0.9243827574374313,0.7217631672809417,0.4435263345618834,positive_higher,0.0411522633744856,1,robust_z_row_median
arid_basin_or_range,runoff,climate,environment,concept_runoff,729,52,677,-0.11221574350081148,-0.17217641868313435,0.05996067518232287,-0.10832862283418482,-0.17942592949335387,0.07109730665916905,0.5862603784014688,0.7049056925349392,0.40981138506987835,positive_higher,0.0,18,robust_z_row_median
arid_basin_or_range,As_Sb_Bi_pathfinder,geochemistry,pathfinder_signal,concept_As_Sb_Bi_pathfinder,729,52,677,7.689389256719848,5.575220987404417,2.1141682693154316,8.0,8.0,0.0,0.7107438758070512,0.6916685603908647,0.3833371207817293,positive_higher,0.0,89,robust_z_row_max
arid_basin_or_range,W_Re_pathfinder,geochemistry,pathfinder_signal,concept_W_Re_pathfinder,729,52,677,6.462272317875821,4.397862716925635,2.064409600950186,8.0,4.2268788944606035,3.7731211055393965,0.6338322645298987,0.6873224633564368,0.3746449267128735,positive_higher,0.0,45,robust_z_row_max
arid_basin_or_range,actual_evapotranspiration,climate,environment,concept_actual_evapotranspiration,729,52,677,-0.05475581808550433,-0.2344660803586449,0.17971026227314058,-0.10455496960680721,-0.22158808882106568,0.11703311921425846,0.8267723843698795,0.6869957959322804,0.3739915918645609,positive_higher,0.0,18,robust_z_row_median
arid_basin_or_range,precipitation,climate,environment,concept_precipitation,729,52,677,-0.17952691554531583,-0.3118176990996499,0.13229078355433407,-0.17668771995878285,-0.3197824164840657,0.14309469652528284,0.701346174830341,0.681314623338257,0.36262924667651397,positive_higher,0.0,18,robust_z_row_median
arid_basin_or_range,Ag_anomaly,geochemistry,pathfinder_signal,concept_Ag_anomaly,729,52,677,6.20484547257754,4.121158728595676,2.0836867439818647,8.0,3.1111940298507386,4.888805970149262,0.6423163309629877,0.6789001249857971,0.3578002499715942,positive_higher,0.0,29,robust_z_row_max
arid_basin_or_range,igneous_geology,geology,geological_control,concept_igneous_geology,729,52,677,0.5192307692307693,0.17725258493353027,0.34197818429723903,1.0,0.0,1.0,0.8724060915329186,0.6709890921486195,0.3419781842972389,positive_higher,0.0,1,binary_max
arid_basin_or_range,unconsolidated_cover,geology,cover_context,concept_unconsolidated_cover,729,52,677,0.21153846153846154,0.5420974889217134,-0.3305590273832518,0.0,1.0,-1.0,-0.6704545199480876,0.3347204863083741,0.3305590273832518,negative_higher,0.0,1,binary_max
arid_basin_or_range,evapotranspiration_ratio,climate,environment,concept_evapotranspiration_ratio,729,52,677,-0.2754444627514893,-0.3695426421975942,0.09409817944610488,-0.25746048622628276,-0.3452190197448639,0.08775853351858115,0.5548875898979683,0.6590444267696853,0.31808885353937066,positive_higher,0.0,1,robust_z_row_median
arid_basin_or_range,aridity,climate,environment,concept_aridity,729,52,677,-0.24929104167196134,-0.32963708013865994,0.0803460384666986,-0.22707771634305957,-0.3078535703487662,0.08077585400570664,0.547727880731301,0.6568855811839563,0.3137711623679127,positive_higher,0.0,1,robust_z_row_median
arid_basin_or_range,fault_density,structure,structural_control,concept_fault_density,729,52,677,0.9062345213061374,0.575073963354231,0.33116055795190635,0.8805936096662859,0.125,0.7555936096662859,0.4061501087371817,0.6515026701511192,0.30300534030223836,positive_higher,0.0,8,robust_z_row_max
arid_basin_or_range,fault_proximity,structure,structural_control,concept_fault_proximity,729,52,677,-0.05050848433514654,-0.6655856827992882,0.6150771984641417,0.08560907167999801,-0.18287797813758724,0.26848704981758525,0.4760562124386937,0.6460061356664015,0.29201227133280305,positive_higher,0.0,1,robust_z_row_max
arid_basin_or_range,deep_gravity_gradient,geophysics,deep_geophysical_boundary,concept_deep_gravity_gradient,729,52,677,0.20658166722374063,-0.04229236809393394,0.24887403531767457,0.14869386733226456,-0.2216426435575599,0.37033651088982444,0.35061561377880907,0.6405806158391092,0.2811612316782184,positive_higher,0.0,1,robust_z_row_median
arid_basin_or_range,soil_moisture,climate,environment,concept_soil_moisture,729,52,677,-0.11730045803521613,-0.1454694419298671,0.028168983894650973,-0.13179719607717158,-0.17004817874617012,0.03825098266899854,0.35635143511227924,0.6202562208839905,0.24051244176798092,positive_higher,0.0,18,robust_z_row_median
arid_basin_or_range,deep_gravity_source_strength,geophysics,geophysical_source_strength,concept_deep_gravity_source_strength,729,52,677,0.26354638380777085,0.08416760717175378,0.17937877663601706,0.2450592885375492,-0.06639004149377598,0.3114493300313252,0.26280239516645415,0.6044199522781502,0.2088399045563003,positive_higher,0.0,7,robust_z_row_max
arid_basin_or_range,solar_radiation,climate,environment,concept_solar_radiation,729,52,677,0.233925188518938,0.21224541793265406,0.021679770586283953,0.3623180624973671,0.2823678379233935,0.0799502245739736,0.11876193368483967,0.6024741506646972,0.20494830132939446,positive_higher,0.0,18,robust_z_row_median
arid_basin_or_range,diurnal_temperature_range,climate,environment,concept_diurnal_temperature_range,729,52,677,0.16456185686693722,0.2910441136651036,-0.12648225679816635,0.22937556426362402,0.32110682110682076,-0.09173125684319675,-0.40427310503113034,0.39932962163390523,0.20134075673218954,negative_higher,0.0,18,robust_z_row_median
arid_basin_or_range,felsic_intermediate_geology,geology,geological_control,concept_felsic_intermediate_geology,729,52,677,0.25,0.051698670605613,0.198301329394387,0.0,0.0,0.0,0.8159415464737241,0.5991506646971935,0.19830132939438694,positive_higher,0.0,2,binary_max
arid_basin_or_range,intrusive_geology,geology,geological_control,concept_intrusive_geology,729,52,677,0.25,0.053175775480059084,0.19682422451994092,0.0,0.0,0.0,0.8015524016350263,0.5984121122599705,0.19682422451994097,positive_higher,0.0,1,binary_max
arid_basin_or_range,Au_anomaly,geochemistry,mineralization_signal,concept_Au_anomaly,729,52,677,5.1162960383569835,4.36922981434502,0.7470662240119639,6.906779661016949,4.0986860965122,2.808093564504749,0.23047235842329053,0.5829309169412566,0.1658618338825133,positive_higher,0.0,29,robust_z_row_max
arid_basin_or_range,deep_gravity_source_density,geophysics,geophysical_source_density,concept_deep_gravity_source_density,729,52,677,0.7752152307340894,1.0086360455965762,-0.23342081486248678,0.06666666666666667,0.45454545454545453,-0.3878787878787879,-0.17327846542896075,0.41812009998863764,0.16375980002272472,negative_higher,0.0,4,robust_z_row_max
arid_basin_or_range,wind_speed,climate,environment,concept_wind_speed,729,52,677,-0.1375680433357283,0.06814613499937916,-0.20571417833510747,-0.21805555555555564,0.0,-0.21805555555555564,-0.2993466663241188,0.42086126576525396,0.1582774684694921,negative_higher,0.0,18,robust_z_row_median
arid_basin_or_range,regional_gravity_anomaly,geophysics,geophysical_context,concept_regional_gravity_anomaly,729,52,677,0.13470017578793442,0.06398002959843671,0.0707201461894977,0.004795073973976642,-0.10523981755032284,0.11003489152429949,0.11822041039701603,0.5662282695148279,0.1324565390296557,positive_higher,0.0,17,robust_z_row_median
arid_basin_or_range,shallow_gravity_source_proximity,geophysics,geophysical_source_proximity,concept_shallow_gravity_source_proximity,729,52,677,0.0023891894052219744,-0.07828123181622737,0.08067042122144935,0.20655646512366785,0.010066905847715973,0.19648955927595188,0.11983285157715784,0.5651346437904783,0.13026928758095657,positive_higher,0.0,1,robust_z_row_median
arid_basin_or_range,snow_influence,climate,environment,concept_snow_influence,729,52,677,-0.04749333596791459,-0.03034292835762929,-0.017150407610285304,-0.10050011557862026,-0.10050011557862026,0.0,-0.11929941664354321,0.4382882626974207,0.12342347460515857,negative_higher,0.0,16,robust_z_row_median
arid_basin_or_range,terrain_elevation,terrain,terrain_context,concept_terrain_elevation,729,52,677,-0.19111996087472927,-0.12608742649298726,-0.065032534381742,-0.09809264305177112,-0.009990917347865577,-0.08810172570390555,-0.12105855634941613,0.45266615146831535,0.0946676970633693,negative_higher,0.0411522633744856,1,robust_z_row_median
arid_basin_or_range,deep_regional_gravity_anomaly,geophysics,deep_geophysical_context,concept_deep_regional_gravity_anomaly,729,52,677,0.10237655719393851,0.058318553510658025,0.044058003683280486,-0.032238414265997176,-0.08537297297010556,0.05313455870410838,0.0789940817539176,0.5460174980115896,0.09203499602317922,positive_higher,0.0,1,robust_z_row_median
arid_basin_or_range,min_temperature,climate,environment,concept_min_temperature,729,52,677,0.751155328952216,0.605254633059812,0.14590069589240406,0.8864617596490529,0.4811715148082697,0.40529024484078324,0.19324307173251318,0.5369276218611521,0.07385524372230412,positive_higher,0.0,18,robust_z_row_median
arid_basin_or_range,vapor_pressure,climate,environment,concept_vapor_pressure,729,52,677,0.22562415654520923,0.18864248879214285,0.03698166775306638,0.224780701754386,0.0,0.224780701754386,0.05626561815442979,0.5326525394841496,0.06530507896829918,positive_higher,0.0,18,robust_z_row_median
arid_basin_or_range,vapor_pressure_deficit,climate,environment,concept_vapor_pressure_deficit,729,52,677,0.7610053503635945,0.6867283735910887,0.07427697677250578,0.8749114103472716,0.48412156087034697,0.39078984947692463,0.12308098352121055,0.5307919554596069,0.06158391091921378,positive_higher,0.0,18,robust_z_row_median
arid_basin_or_range,mean_temperature,climate,environment,concept_mean_temperature,729,52,677,0.7586989227858841,0.6444639930212959,0.11423492976458827,0.8929258224933245,0.49153545849185926,0.40139036400146527,0.17929770005126544,0.5299397795705034,0.059879559141006844,positive_higher,0.0,18,robust_z_row_median
arid_basin_or_range,max_temperature,climate,environment,concept_max_temperature,729,52,677,0.6938786410747944,0.6181536670849933,0.07572497398980105,0.8600056280340171,0.5154127548540577,0.34459287317995946,0.1401866930221198,0.528874559709124,0.05774911941824801,positive_higher,0.0,18,robust_z_row_median
arid_basin_or_range,shallow_gravity_source_strength,geophysics,geophysical_source_strength,concept_shallow_gravity_source_strength,729,52,677,0.8090720587946443,0.7503947886188163,0.05867727017582802,0.6977493853400827,0.7236614853195164,-0.025912099979433667,0.07893680039156493,0.5273832519031929,0.05476650380638581,positive_higher,0.0,9,robust_z_row_max
arid_basin_or_range,water_balance,climate,environment,concept_water_balance,729,52,677,-0.44277746542704965,-0.48241704159411214,0.039639576167062485,-0.5080176750132002,-0.4701108856960227,-0.03790678931717745,0.11879937963235807,0.5170435177820702,0.0340870355641405,positive_higher,0.0,1,robust_z_row_median
arid_basin_or_range,water_deficit,climate,environment,concept_water_deficit,729,52,677,0.44280503441313573,0.48371449780033793,-0.040909463387202194,0.5454575931509738,0.48122778243502234,0.06422981071595141,-0.11805929470629424,0.4862799681854335,0.027440063629132982,negative_higher,0.0,18,robust_z_row_median
arid_basin_or_range,potential_evapotranspiration,climate,environment,concept_potential_evapotranspiration,729,52,677,0.4839022266340881,0.4557661173187821,0.028136109315306024,0.6758919749707302,0.5041958602634378,0.1716961147072924,0.07852199395244963,0.5129246676514032,0.02584933530280642,positive_higher,0.0,18,robust_z_row_median
arid_basin_or_range,carbonate_geology,geology,geological_context,concept_carbonate_geology,729,52,677,0.038461538461538464,0.01624815361890694,0.022213384842631523,0.0,0.0,0.0,0.16777341641883853,0.5111066924213158,0.02221338484263158,positive_higher,0.0,1,binary_max
arid_basin_or_range,deep_gravity_source_proximity,geophysics,geophysical_source_proximity,concept_deep_gravity_source_proximity,729,52,677,-0.025864929120644295,-0.08867916536429399,0.0628142362436497,0.008648641445656736,0.02813210833469302,-0.019483466889036283,0.09316891092326741,0.50730030678332,0.014600613566640108,positive_higher,0.0,1,robust_z_row_median
arid_basin_or_range,gravity_gradient,geophysics,geophysical_boundary,concept_gravity_gradient,729,52,677,0.14419064280459998,0.20792584141873524,-0.06373519861413526,0.135817737247311,0.035759700912611624,0.10005803633469937,-0.08067432906678211,0.49562549710260195,0.008749005794796094,negative_higher,0.0,1,robust_z_row_median
arid_basin_or_range,shallow_gravity_source_density,geophysics,geophysical_source_density,concept_shallow_gravity_source_density,729,52,677,0.7263629041709367,0.689802350257769,0.036560553913167704,0.6153846153846154,0.6607669616519174,-0.045382346267301976,0.07740566326220415,0.5037637768435406,0.007527553687081134,positive_higher,0.0,4,robust_z_row_max
arid_basin_or_range,sedimentary_geology,geology,geological_context,concept_sedimentary_geology,729,52,677,0.2692307692307692,0.276218611521418,-0.006987842290648805,0.0,0.0,0.0,-0.015615740799325938,0.49650607885467557,0.00698784229064886,negative_higher,0.0,1,binary_max
arid_basin_or_range,mafic_geology,geology,geological_context,concept_mafic_geology,729,52,677,0.0,0.0014771048744460858,-0.0014771048744460858,0.0,0.0,0.0,-0.039856533466224045,0.49926144756277696,0.001477104874446078,negative_higher,0.0,1,binary_max
arid_basin_or_range,metamorphic_geology,geology,geological_context,concept_metamorphic_geology,729,52,677,0.0,0.0014771048744460858,-0.0014771048744460858,0.0,0.0,0.0,-0.03985653346622405,0.49926144756277696,0.001477104874446078,negative_higher,0.0,1,binary_max
semi_arid_transition,Cu_anomaly,geochemistry,mineralization_signal,concept_Cu_anomaly,457,51,406,8.0,3.4649168477222294,4.535083152277771,8.0,2.4170373952288844,5.582962604771115,1.541457578721284,0.8706896551724137,0.7413793103448274,positive_higher,0.0,30,robust_z_row_max
semi_arid_transition,Mo_anomaly,geochemistry,mineralization_signal,concept_Mo_anomaly,457,51,406,7.171939506814763,3.182860142593058,3.9890793642217046,8.0,1.836487892679357,6.163512107320643,1.3851782011031006,0.8375350140056022,0.6750700280112043,positive_higher,0.0,30,robust_z_row_max
semi_arid_transition,Ag_anomaly,geochemistry,pathfinder_signal,concept_Ag_anomaly,457,51,406,7.508741868129103,3.7377855078567026,3.7709563602724008,8.0,2.507540056490833,5.492459943509167,1.2101549651601415,0.8260166135419685,0.6520332270839371,positive_higher,0.0,29,robust_z_row_max
semi_arid_transition,Pb_Zn_background,geochemistry,geochemical_background,concept_Pb_Zn_background,457,51,406,7.537915778130472,3.7831831696742815,3.7547326084561905,8.0,2.392312068131918,5.607687931868082,1.2145189398251905,0.8243262822370327,0.6486525644740655,positive_higher,0.0,60,robust_z_row_max
semi_arid_transition,W_Re_pathfinder,geochemistry,pathfinder_signal,concept_W_Re_pathfinder,457,51,406,7.389687229381201,3.8394864745293114,3.5502007548518892,8.0,2.9381746810598623,5.061825318940137,1.1001890855332686,0.8086544962812712,0.6173089925625423,positive_higher,0.0,45,robust_z_row_max
semi_arid_transition,Au_anomaly,geochemistry,mineralization_signal,concept_Au_anomaly,457,51,406,6.321344821801736,3.287953465925627,3.033391355876109,8.0,1.736628218366199,6.263371781633801,0.9672541143497465,0.778489613667249,0.556979227334498,positive_higher,0.00437636761487965,29,robust_z_row_max
semi_arid_transition,terrain_relief,terrain,erosion_exposure,concept_terrain_relief,457,51,406,0.7222145391845224,0.26611593133624,0.4560986078482824,0.6844106463878327,0.16730038022813687,0.5171102661596958,0.7991456126468396,0.7440539852304558,0.4881079704609117,positive_higher,0.045951859956236324,3,robust_z_row_median
semi_arid_transition,water_balance,climate,environment,concept_water_balance,457,51,406,-0.056852555100910716,0.10775422274530595,-0.16460677784621666,-0.17041380651974564,0.1272267459633719,-0.29764055248311755,-0.5805856210976094,0.33594127306094856,0.32811745387810287,negative_higher,0.0,1,robust_z_row_median
semi_arid_transition,terrain_roughness,terrain,erosion_exposure,concept_terrain_roughness,457,51,406,0.7568627450980391,0.3987878787878788,0.3580748663101603,0.5333333333333333,0.13333333333333333,0.4,0.43354936148426504,0.6601731601731601,0.32034632034632016,positive_higher,0.045951859956236324,1,robust_z_row_median
semi_arid_transition,As_Sb_Bi_pathfinder,geochemistry,pathfinder_signal,concept_As_Sb_Bi_pathfinder,457,51,406,7.681116845467653,5.834181049768115,1.8469357956995376,8.0,8.0,0.0,0.6507963063778941,0.6589877330242442,0.31797546604848836,positive_higher,0.0,89,robust_z_row_max
semi_arid_transition,water_deficit,climate,environment,concept_water_deficit,457,51,406,0.14208305293105125,-0.002307050387044026,0.14439010331809526,0.2755015148238989,-0.05725897300924891,0.3327604878331478,0.5227578785688385,0.6557519559547957,0.3115039119095915,positive_higher,0.0,18,robust_z_row_median
semi_arid_transition,aridity,climate,environment,concept_aridity,457,51,406,0.0868060122140913,0.2059077990234495,-0.11910178680935819,0.059311101745871744,0.156727908156433,-0.09741680641056126,-0.5302034813859563,0.3462281464309862,0.3075437071380276,negative_higher,0.0,1,robust_z_row_median
semi_arid_transition,potential_evapotranspiration,climate,environment,concept_potential_evapotranspiration,457,51,406,0.20872137732528234,0.0320872800042409,0.17663409732104143,0.38317217763215206,-0.051830106245787974,0.43500228387794004,0.5031805988705553,0.6489423355549115,0.2978846711098231,positive_higher,0.0,18,robust_z_row_median
semi_arid_transition,solar_radiation,climate,environment,concept_solar_radiation,457,51,406,0.1380886065554676,0.04527382514336888,0.0928147814120987,0.32993211138664974,0.17064915167950878,0.15928295970714096,0.30464666668099694,0.6448855404230657,0.28977108084613135,positive_higher,0.0,18,robust_z_row_median
semi_arid_transition,fault_proximity,structure,structural_control,concept_fault_proximity,457,51,406,0.08848346140265473,-0.449902585681034,0.5383860470836888,0.16195383952858125,-0.024287269121413615,0.18624110864999488,0.467752470650564,0.6396213657876944,0.2792427315753887,positive_higher,0.0,1,robust_z_row_max
semi_arid_transition,vapor_pressure_deficit,climate,environment,concept_vapor_pressure_deficit,457,51,406,0.2736740745327609,0.05825746640684996,0.21541660812591093,0.26050420168067223,0.0,0.26050420168067223,0.5515773469216918,0.6346952574133102,0.26939051482662046,positive_higher,0.0,18,robust_z_row_median
semi_arid_transition,terrain_slope,terrain,erosion_exposure,concept_terrain_slope,457,51,406,0.6707655492321808,0.3460969310366921,0.3246686181954887,0.5122977683727692,0.07486439937364942,0.4374333689991198,0.4339858830387455,0.6337662337662338,0.2675324675324675,positive_higher,0.045951859956236324,1,robust_z_row_median
semi_arid_transition,felsic_intermediate_geology,geology,geological_control,concept_felsic_intermediate_geology,457,51,406,0.3333333333333333,0.06896551724137931,0.26436781609195403,0.0,0.0,0.0,0.9220726358205413,0.6321839080459769,0.2643678160919538,positive_higher,0.0,2,binary_max
semi_arid_transition,intrusive_geology,geology,geological_control,concept_intrusive_geology,457,51,406,0.35294117647058826,0.09113300492610837,0.2618081715444799,0.0,0.0,0.0,0.829963524509882,0.63090408577224,0.26180817154448,positive_higher,0.0,1,binary_max
semi_arid_transition,evapotranspiration_ratio,climate,environment,concept_evapotranspiration_ratio,457,51,406,0.11050961524389147,0.21147904829813402,-0.10096943305424255,0.07196805284985004,0.15705580691472826,-0.08508775406487822,-0.4342303830148906,0.3714865256447406,0.2570269487105188,negative_higher,0.0,1,robust_z_row_median
semi_arid_transition,runoff,climate,environment,concept_runoff,457,51,406,0.0739667725603883,0.2591769598513445,-0.18521018729095617,0.0,0.1497458554890328,-0.1497458554890328,-0.4511892329251446,0.3766299623297595,0.24674007534048104,negative_higher,0.0,18,robust_z_row_median
semi_arid_transition,shallow_gravity_source_strength,geophysics,geophysical_source_strength,concept_shallow_gravity_source_strength,457,51,406,0.8615348087965116,0.5139165681065013,0.34761824069001024,0.4725111441307577,0.3991816412074093,0.07332950292334839,0.4296211167220001,0.6209552786631894,0.2419105573263789,positive_higher,0.0,9,robust_z_row_max
semi_arid_transition,mean_temperature,climate,environment,concept_mean_temperature,457,51,406,0.20357812413307108,-0.06154698803801946,0.2651251121710905,0.2543129521215445,-0.16141879205707096,0.41573174417861547,0.5116144443933262,0.6109340287839273,0.22186805756785466,positive_higher,0.0,18,robust_z_row_median
semi_arid_transition,shallow_gravity_source_proximity,geophysics,geophysical_source_proximity,concept_shallow_gravity_source_proximity,457,51,406,0.0474387935855014,-0.17419493595207086,0.22163372953757227,0.3469960807130553,-0.0315402900353032,0.37853637074835855,0.3139988453069435,0.6084226794165941,0.21684535883318823,positive_higher,0.0,1,robust_z_row_median
semi_arid_transition,max_temperature,climate,environment,concept_max_temperature,457,51,406,0.17627316417256228,-0.02176146114627892,0.1980346253188412,0.3031463054632358,-0.10336533280358438,0.4065116382668202,0.43234689172366575,0.6076499565343377,0.21529991306867546,positive_higher,0.0,18,robust_z_row_median
semi_arid_transition,snow_influence,climate,environment,concept_snow_influence,457,51,406,0.18595508408847963,0.345884858836486,-0.15992977474800638,-0.10050011557862026,0.13130884711478663,-0.2318089626934069,-0.31235857595427946,0.39474065488264276,0.21051869023471448,negative_higher,0.0,16,robust_z_row_median
semi_arid_transition,shallow_gravity_source_density,geophysics,geophysical_source_density,concept_shallow_gravity_source_density,457,51,406,0.5377749556822956,0.3714441885765832,0.16633076710571243,0.5309734513274337,0.4,0.13097345132743365,0.3211201219110974,0.6048005409060176,0.2096010818120353,positive_higher,0.0,4,robust_z_row_max
semi_arid_transition,min_temperature,climate,environment,concept_min_temperature,457,51,406,0.17734416503682876,-0.13338468034671763,0.3107288453835464,0.21646783431165129,-0.254818672896245,0.4712865072078963,0.5450744427406494,0.6044383270549599,0.20887665410991985,positive_higher,0.0,18,robust_z_row_median
semi_arid_transition,fault_density,structure,structural_control,concept_fault_density,457,51,406,0.9648823134894019,0.7316612647855191,0.23322104870388283,0.6666666666666666,0.3333333333333333,0.3333333333333333,0.25355198936353013,0.6020477156379793,0.20409543127595864,positive_higher,0.0,8,robust_z_row_max
semi_arid_transition,deep_gravity_source_density,geophysics,geophysical_source_density,concept_deep_gravity_source_density,457,51,406,0.7179235703539883,0.9944302337324686,-0.2765066633784803,0.0,0.5,-0.5,-0.21514264301679403,0.4006085192697769,0.19878296146044616,negative_higher,0.0,4,robust_z_row_max
semi_arid_transition,precipitation,climate,environment,concept_precipitation,457,51,406,0.12961529423619328,0.23523903743747426,-0.10562374320128098,0.09159686279032886,0.19221969057496888,-0.10062282778464002,-0.35544499559046916,0.4018641939534435,0.19627161209311295,negative_higher,0.0,18,robust_z_row_median
semi_arid_transition,diurnal_temperature_range,climate,environment,concept_diurnal_temperature_range,457,51,406,-0.031758749538059905,0.08358427315665322,-0.11534302269471312,0.010540890247821816,0.09434118520227838,-0.08380029495445657,-0.3569703047611785,0.41355162754757074,0.1728967449048585,negative_higher,0.0,18,robust_z_row_median
semi_arid_transition,terrain_elevation,terrain,terrain_context,concept_terrain_elevation,457,51,406,0.3238410713967694,0.4490321667433384,-0.12519109534656903,0.4214350590372389,0.4514078110808356,-0.02997275204359673,-0.30921811446988456,0.4219251336898396,0.15614973262032084,negative_higher,0.045951859956236324,1,robust_z_row_median
semi_arid_transition,deep_regional_gravity_anomaly,geophysics,deep_geophysical_context,concept_deep_regional_gravity_anomaly,457,51,406,-0.18549155079091184,-0.2593824055675901,0.07389085477667828,-0.14016817174606097,-0.2609835165801866,0.12081534483412562,0.21301484197399995,0.5762097942625326,0.1524195885250652,positive_higher,0.0,1,robust_z_row_median
semi_arid_transition,regional_gravity_anomaly,geophysics,geophysical_context,concept_regional_gravity_anomaly,457,51,406,-0.22959624589411753,-0.2871312996451421,0.05753505375102458,-0.0782753192233687,-0.29749543823847346,0.21922011901510477,0.15572138183502043,0.5691586979619434,0.1383173959238868,positive_higher,0.0,17,robust_z_row_median
semi_arid_transition,deep_gravity_gradient,geophysics,deep_geophysical_boundary,concept_deep_gravity_gradient,457,51,406,0.03835084793087671,0.22054111630202988,-0.18219026837115318,-0.047465123452767315,0.19985192945183755,-0.24731705290460487,-0.27151300361060293,0.4343668501883512,0.1312662996232976,negative_higher,0.0,1,robust_z_row_median
semi_arid_transition,deep_gravity_source_strength,geophysics,geophysical_source_strength,concept_deep_gravity_source_strength,457,51,406,0.1881748773463835,0.3410016166734061,-0.15282673932702262,0.07905138339920947,0.3225108225108224,-0.24345943911161294,-0.23515101309900233,0.43567082005215885,0.1286583598956823,negative_higher,0.0,7,robust_z_row_max
semi_arid_transition,unconsolidated_cover,geology,cover_context,concept_unconsolidated_cover,457,51,406,0.0,0.1206896551724138,-0.1206896551724138,0.0,0.0,0.0,-0.3921991187511196,0.4396551724137931,0.12068965517241381,negative_higher,0.0,1,binary_max
semi_arid_transition,deep_gravity_source_proximity,geophysics,geophysical_source_proximity,concept_deep_gravity_source_proximity,457,51,406,-0.17683620422533136,-0.053782582334402584,-0.12305362189092878,-0.09272948753615132,0.03951611644707033,-0.13224560398322166,-0.18851296770742929,0.45643774751279825,0.0871245049744035,negative_higher,0.0,1,robust_z_row_median
semi_arid_transition,actual_evapotranspiration,climate,environment,concept_actual_evapotranspiration,457,51,406,0.3110603088380072,0.24716894974707518,0.06389135909093205,0.49915824915824913,0.2336220531014811,0.26553619605676804,0.18715408643177114,0.541968511542548,0.08393702308509599,positive_higher,0.0,18,robust_z_row_median
semi_arid_transition,soil_moisture,climate,environment,concept_soil_moisture,457,51,406,0.08693440340002108,0.10189124931041472,-0.014956845910393646,0.052002241640909413,0.036097902993064285,0.01590433864784513,-0.04455133173171141,0.5401815898773302,0.08036317975466045,negative_higher,0.0,18,robust_z_row_median
semi_arid_transition,vapor_pressure,climate,environment,concept_vapor_pressure,457,51,406,-0.22491400068799444,-0.26764756719384675,0.042733566505852305,-0.08333333333333331,-0.32499999999999996,0.24166666666666664,0.09992904789156369,0.5356176953540036,0.07123539070800722,positive_higher,0.0,18,robust_z_row_median
semi_arid_transition,igneous_geology,geology,geological_control,concept_igneous_geology,457,51,406,0.4117647058823529,0.35714285714285715,0.05462184873949577,0.0,0.0,0.0,0.11339855927452082,0.5273109243697478,0.054621848739495604,positive_higher,0.0,1,binary_max
semi_arid_transition,carbonate_geology,geology,geological_context,concept_carbonate_geology,457,51,406,0.0784313725490196,0.024630541871921183,0.05380083067709843,0.0,0.0,0.0,0.31303690751054786,0.5269004153385493,0.05380083067709851,positive_higher,0.0,1,binary_max
semi_arid_transition,wind_speed,climate,environment,concept_wind_speed,457,51,406,0.44699151007312543,0.504474887859568,-0.057483377786442524,0.31666666666666665,0.38749999999999996,-0.0708333333333333,-0.07928740631625107,0.4742828165749058,0.05143436685018843,negative_higher,0.0,18,robust_z_row_median
semi_arid_transition,sedimentary_geology,geology,geological_context,concept_sedimentary_geology,457,51,406,0.5490196078431373,0.5024630541871922,0.04655655365594513,1.0,1.0,0.0,0.09296000753702742,0.5232782768279726,0.04655655365594513,positive_higher,0.0,1,binary_max
semi_arid_transition,metamorphic_geology,geology,geological_context,concept_metamorphic_geology,457,51,406,0.0392156862745098,0.017241379310344827,0.021974306964164976,0.0,0.0,0.0,0.15800028158796442,0.5109871534820826,0.021974306964165136,positive_higher,0.0,1,binary_max
semi_arid_transition,gravity_gradient,geophysics,geophysical_boundary,concept_gravity_gradient,457,51,406,0.06647139049002518,0.09398324495494427,-0.02751185446491909,0.09684145497833356,-0.04837424403760625,0.1452156990159398,-0.03808117450421568,0.5026079397276153,0.00521587945523061,negative_higher,0.0,1,robust_z_row_median
semi_arid_transition,mafic_geology,geology,geological_context,concept_mafic_geology,457,51,406,0.0196078431372549,0.022167487684729065,-0.002559644547474163,0.0,0.0,0.0,-0.01745807227401052,0.49872017772626287,0.00255964454747426,negative_higher,0.0,1,binary_max
snow_influenced_mountain,deep_gravity_gradient,geophysics,deep_geophysical_boundary,concept_deep_gravity_gradient,72,17,55,0.3752845295835055,-0.012509298997298036,0.3877938285808035,0.25899787221563286,-0.05785076671923674,0.3168486389348696,0.713755210425834,0.7411764705882353,0.48235294117647065,positive_higher,0.0,1,robust_z_row_median
snow_influenced_mountain,Cu_anomaly,geochemistry,mineralization_signal,concept_Cu_anomaly,72,17,55,7.186393427512868,4.912125120093663,2.274268307419205,8.0,6.66406858924396,1.3359314107560403,0.740326646310694,0.7310160427807487,0.46203208556149744,positive_higher,0.0,30,robust_z_row_max
snow_influenced_mountain,terrain_relief,terrain,erosion_exposure,concept_terrain_relief,72,17,55,1.6100728337023185,1.1915969681873944,0.4184758655149241,1.5361216730038023,1.1901140684410647,0.3460076045627376,0.8078259974413868,0.7310160427807486,0.4620320855614972,positive_higher,0.0,3,robust_z_row_median
snow_influenced_mountain,deep_gravity_source_strength,geophysics,geophysical_source_strength,concept_deep_gravity_source_strength,72,17,55,0.46185087386577156,0.10473776014400976,0.3571131137217618,0.494224199936154,0.04979253112033181,0.4444316688158222,0.6264792643172876,0.6962566844919786,0.3925133689839573,positive_higher,0.0,7,robust_z_row_max
snow_influenced_mountain,intrusive_geology,geology,geological_control,concept_intrusive_geology,72,17,55,0.5294117647058824,0.14545454545454545,0.3839572192513369,1.0,0.0,1.0,0.9654405401732102,0.6919786096256684,0.38395721925133675,positive_higher,0.0,1,binary_max
snow_influenced_mountain,shallow_gravity_source_strength,geophysics,geophysical_source_strength,concept_shallow_gravity_source_strength,72,17,55,1.1772531393766643,0.6055559197823089,0.5716972195943554,0.9550949913644213,0.5306923625981443,0.424402628766277,0.8537401265888381,0.6855614973262032,0.3711229946524064,positive_higher,0.0,9,robust_z_row_max
snow_influenced_mountain,Pb_Zn_background,geochemistry,geochemical_background,concept_Pb_Zn_background,72,17,55,7.549191775855131,5.483718249041956,2.065473526813175,8.0,8.0,0.0,0.7521635929284354,0.6631016042780749,0.3262032085561497,positive_higher,0.0,60,robust_z_row_max
snow_influenced_mountain,Mo_anomaly,geochemistry,mineralization_signal,concept_Mo_anomaly,72,17,55,6.462100003882752,4.6453083538954925,1.8167916499872598,8.0,5.09375,2.90625,0.5768780468365247,0.6545454545454545,0.3090909090909091,positive_higher,0.0,30,robust_z_row_max
snow_influenced_mountain,fault_density,structure,structural_control,concept_fault_density,72,17,55,0.823739218494933,1.574741507372835,-0.751002288877902,0.375,1.1019152087036712,-0.7269152087036712,-0.5704538526589209,0.353475935828877,0.29304812834224603,negative_higher,0.0,8,robust_z_row_max
snow_influenced_mountain,shallow_gravity_source_proximity,geophysics,geophysical_source_proximity,concept_shallow_gravity_source_proximity,72,17,55,-0.38613835032471283,-0.06916494354498698,-0.31697340677972585,-0.3869845533604667,0.05191162273956814,-0.43889617610003484,-0.4347594387026547,0.37433155080213903,0.25133689839572193,negative_higher,0.0,1,robust_z_row_median
snow_influenced_mountain,fault_proximity,structure,structural_control,concept_fault_proximity,72,17,55,-0.11279004493885564,0.03511208606986452,-0.14790213100872016,0.11977743743052122,0.2764370301439467,-0.1566595927134255,-0.22894418444446193,0.3786096256684492,0.24278074866310162,negative_higher,0.0,1,robust_z_row_max
snow_influenced_mountain,felsic_intermediate_geology,geology,geological_control,concept_felsic_intermediate_geology,72,17,55,0.35294117647058826,0.12727272727272726,0.225668449197861,0.0,0.0,0.0,0.5973181872073005,0.6128342245989306,0.2256684491978611,positive_higher,0.0,2,binary_max
snow_influenced_mountain,soil_moisture,climate,environment,concept_soil_moisture,72,17,55,0.9679471076416211,0.9942240431360403,-0.02627693549441923,0.541221031892624,0.5362622558191752,0.004958776073448856,-0.019938996910706552,0.6042780748663101,0.20855614973262027,negative_higher,0.0,18,robust_z_row_median
snow_influenced_mountain,terrain_roughness,terrain,erosion_exposure,concept_terrain_roughness,72,17,55,1.5999999999999999,1.4472727272727268,0.15272727272727304,1.6,1.3333333333333333,0.26666666666666683,0.22379304725674942,0.6016042780748663,0.20320855614973254,positive_higher,0.0,1,robust_z_row_median
snow_influenced_mountain,terrain_slope,terrain,erosion_exposure,concept_terrain_slope,72,17,55,1.5715391347456282,1.3882031246622675,0.18333601008336076,1.510232640672457,1.3996732652611927,0.11055937541126437,0.29670040122121966,0.5946524064171123,0.1893048128342245,positive_higher,0.0,1,robust_z_row_median
snow_influenced_mountain,snow_influence,climate,environment,concept_snow_influence,72,17,55,2.9024698417052024,2.5388662736286562,0.36360356807654615,2.2579735014394826,2.174474222923439,0.08349927851604377,0.24154541929491455,0.5914438502673797,0.18288770053475933,positive_higher,0.0,16,robust_z_row_median
snow_influenced_mountain,carbonate_geology,geology,geological_context,concept_carbonate_geology,72,17,55,0.0,0.18181818181818182,-0.18181818181818182,0.0,0.0,0.0,-0.5318160234783104,0.40909090909090906,0.18181818181818188,negative_higher,0.0,1,binary_max
snow_influenced_mountain,precipitation,climate,environment,concept_precipitation,72,17,55,0.6296974089773042,0.5390094146250233,0.09068799435228092,0.524873275963692,0.4141037513125717,0.11076952465112033,0.18535254380125907,0.5850267379679144,0.17005347593582876,positive_higher,0.0,18,robust_z_row_median
snow_influenced_mountain,igneous_geology,geology,geological_control,concept_igneous_geology,72,17,55,0.5294117647058824,0.36363636363636365,0.1657754010695187,1.0,0.0,1.0,0.3367621869999002,0.5828877005347594,0.1657754010695187,positive_higher,0.0,1,binary_max
snow_influenced_mountain,aridity,climate,environment,concept_aridity,72,17,55,1.3908138971479251,1.209302095330606,0.18151180181731918,1.0676029598267673,0.9198100158786482,0.14779294394811915,0.2088548033300631,0.5796791443850268,0.15935828877005354,positive_higher,0.0,1,robust_z_row_median
snow_influenced_mountain,Ag_anomaly,geochemistry,pathfinder_signal,concept_Ag_anomaly,72,17,55,6.466469145987079,5.674229988418342,0.7922391575687371,8.0,8.0,0.0,0.25955189959115643,0.574331550802139,0.1486631016042781,positive_higher,0.0,29,robust_z_row_max
snow_influenced_mountain,water_deficit,climate,environment,concept_water_deficit,72,17,55,-0.6000083834018226,-0.5479817664426587,-0.052026616959163885,-0.59807032025277,-0.5770818479202178,-0.020988472332552188,-0.21203326394723668,0.4299465240641711,0.14010695187165778,negative_higher,0.0,18,robust_z_row_median
snow_influenced_mountain,W_Re_pathfinder,geochemistry,pathfinder_signal,concept_W_Re_pathfinder,72,17,55,5.766518692347059,4.980903161161322,0.7856155311857371,8.0,8.0,0.0,0.23001561119007766,0.567379679144385,0.13475935828877006,positive_higher,0.0,45,robust_z_row_max
snow_influenced_mountain,evapotranspiration_ratio,climate,environment,concept_evapotranspiration_ratio,72,17,55,1.075874425311121,0.92495221102949,0.150922214281631,0.8440464215317083,0.8574498681416619,-0.013403446609953629,0.2617453356802685,0.5668449197860963,0.1336898395721926,positive_higher,0.0,1,robust_z_row_median
snow_influenced_mountain,deep_regional_gravity_anomaly,geophysics,deep_geophysical_context,concept_deep_regional_gravity_anomaly,72,17,55,-0.45328990251255236,-0.37662310702459684,-0.07666679548795552,-0.4705889529904385,-0.36713363161728557,-0.10345532137315294,-0.19368448807866645,0.43315508021390375,0.1336898395721925,negative_higher,0.0,1,robust_z_row_median
snow_influenced_mountain,sedimentary_geology,geology,geological_context,concept_sedimentary_geology,72,17,55,0.4117647058823529,0.5454545454545454,-0.1336898395721925,0.0,1.0,-1.0,-0.2654600571520577,0.43315508021390375,0.1336898395721925,negative_higher,0.0,1,binary_max
snow_influenced_mountain,Au_anomaly,geochemistry,mineralization_signal,concept_Au_anomaly,72,17,55,6.419355647131659,5.483789418380285,0.935566228751374,8.0,8.0,0.0,0.30733952336387044,0.5647058823529412,0.12941176470588234,positive_higher,0.0,29,robust_z_row_max
snow_influenced_mountain,min_temperature,climate,environment,concept_min_temperature,72,17,55,-0.9823527706026238,-0.8990850265821226,-0.08326774402050119,-1.0264340753424674,-0.8527943197434713,-0.17363975559899614,-0.21979613892791,0.4374331550802139,0.12513368983957218,negative_higher,0.0,18,robust_z_row_median
snow_influenced_mountain,actual_evapotranspiration,climate,environment,concept_actual_evapotranspiration,72,17,55,0.23973832052760655,0.13659587610236334,0.1031424444252432,0.138616578113697,0.04678206496873566,0.09183451314496133,0.3122299896284829,0.5604278074866309,0.1208556149732618,positive_higher,0.0,18,robust_z_row_median
snow_influenced_mountain,As_Sb_Bi_pathfinder,geochemistry,pathfinder_signal,concept_As_Sb_Bi_pathfinder,72,17,55,7.061400922477638,6.445999343415976,0.615401579061662,8.0,8.0,0.0,0.2372679774629207,0.5593582887700534,0.1187165775401069,positive_higher,0.0,89,robust_z_row_max
snow_influenced_mountain,runoff,climate,environment,concept_runoff,72,17,55,1.8968262037443437,1.7673546356456882,0.12947156809865557,1.3545741324921132,1.0666666666666667,0.2879074658254466,0.07381706378765379,0.5593582887700534,0.1187165775401069,positive_higher,0.0,18,robust_z_row_median
snow_influenced_mountain,solar_radiation,climate,environment,concept_solar_radiation,72,17,55,-0.3406750887855933,-0.3746363465183116,0.0339612577327183,-0.44248575498575504,-0.43051598607154173,-0.011969768914213308,0.15488421354477164,0.5593582887700534,0.1187165775401069,positive_higher,0.0,18,robust_z_row_median
snow_influenced_mountain,water_balance,climate,environment,concept_water_balance,72,17,55,0.8149273104456192,0.7645549792452501,0.0503723312003691,0.8083817358196927,0.7407942639579803,0.06758747186171243,0.16228614861873633,0.5561497326203209,0.11229946524064172,positive_higher,0.0,1,robust_z_row_median
snow_influenced_mountain,deep_gravity_source_proximity,geophysics,geophysical_source_proximity,concept_deep_gravity_source_proximity,72,17,55,-0.08599583982218854,-0.23752488620303625,0.1515290463808477,0.005033074429493276,-0.24162148235053163,0.2466545567800249,0.21717046591753894,0.5550802139037434,0.1101604278074868,positive_higher,0.0,1,robust_z_row_median
snow_influenced_mountain,wind_speed,climate,environment,concept_wind_speed,72,17,55,0.6765799460191366,0.45246888963126924,0.22411105638786738,0.3743569131832798,0.6036977491961418,-0.22934083601286204,0.24297638720217207,0.5508021390374331,0.10160427807486627,positive_higher,0.0,18,robust_z_row_median
snow_influenced_mountain,mafic_geology,geology,geological_context,concept_mafic_geology,72,17,55,0.11764705882352941,0.01818181818181818,0.09946524064171122,0.0,0.0,0.0,0.5021444343365554,0.5497326203208557,0.09946524064171136,positive_higher,0.0,1,binary_max
snow_influenced_mountain,deep_gravity_source_density,geophysics,geophysical_source_density,concept_deep_gravity_source_density,72,17,55,0.8654188948306595,0.9089807162534437,-0.0435618214227842,0.5,0.06666666666666667,0.43333333333333335,-0.03428248119025762,0.5368983957219251,0.07379679144385021,negative_higher,0.0,4,robust_z_row_max
snow_influenced_mountain,mean_temperature,climate,environment,concept_mean_temperature,72,17,55,-0.957970788858281,-0.908533083156876,-0.049437705701405044,-0.9420861770425786,-0.9126852659110718,-0.02940091113150678,-0.13840399573670115,0.4631016042780749,0.07379679144385021,negative_higher,0.0,18,robust_z_row_median
snow_influenced_mountain,gravity_gradient,geophysics,geophysical_boundary,concept_gravity_gradient,72,17,55,0.32977714430496485,0.29027093976270474,0.039506204542260115,0.2610701717859339,0.07061685120290721,0.19045332058302666,0.05019125578266533,0.532620320855615,0.0652406417112299,positive_higher,0.0,1,robust_z_row_median
snow_influenced_mountain,vapor_pressure,climate,environment,concept_vapor_pressure,72,17,55,-0.784752321981424,-0.7996730462519938,0.014920724270569785,-0.8666666666666668,-0.85,-0.01666666666666683,0.04196057835962518,0.5315508021390375,0.06310160427807499,positive_higher,0.0,18,robust_z_row_median
snow_influenced_mountain,shallow_gravity_source_density,geophysics,geophysical_source_density,concept_shallow_gravity_source_density,72,17,55,0.28003462787429473,0.3627518204509355,-0.08271719257664079,0.2,0.2857142857142857,-0.08571428571428569,-0.16899287816870173,0.46844919786096256,0.06310160427807487,negative_higher,0.0,4,robust_z_row_max
snow_influenced_mountain,terrain_elevation,terrain,terrain_context,concept_terrain_elevation,72,17,55,0.883795480044879,0.8448022458921643,0.038993234152714606,0.818346957311535,0.8274296094459582,-0.009082652134423275,0.065754321706724,0.4684491978609626,0.06310160427807476,positive_higher,0.0,1,robust_z_row_median
snow_influenced_mountain,potential_evapotranspiration,climate,environment,concept_potential_evapotranspiration,72,17,55,-0.6204350833275507,-0.5869352632234635,-0.03349982010408725,-0.6701585398935511,-0.6493371077783733,-0.02082143211517784,-0.13082841798087866,0.4695187165775401,0.06096256684491985,negative_higher,0.0,18,robust_z_row_median
snow_influenced_mountain,diurnal_temperature_range,climate,environment,concept_diurnal_temperature_range,72,17,55,-0.39479941725942885,-0.37929583120373667,-0.015503586055692187,-0.4995132594830478,-0.3885223079038644,-0.11099095157918343,-0.05728401544364463,0.4716577540106952,0.056684491978609586,negative_higher,0.0,18,robust_z_row_median
snow_influenced_mountain,regional_gravity_anomaly,geophysics,geophysical_context,concept_regional_gravity_anomaly,72,17,55,-0.5162193856714791,-0.4683188174234039,-0.04790056824807515,-0.5157894736842106,-0.46842105263157896,-0.047368421052631615,-0.10954175474639018,0.4727272727272728,0.05454545454545445,negative_higher,0.0,17,robust_z_row_median
snow_influenced_mountain,metamorphic_geology,geology,geological_context,concept_metamorphic_geology,72,17,55,0.0,0.03636363636363636,-0.03636363636363636,0.0,0.0,0.0,-0.21915164670578985,0.4818181818181818,0.036363636363636376,negative_higher,0.0,1,binary_max
snow_influenced_mountain,vapor_pressure_deficit,climate,environment,concept_vapor_pressure_deficit,72,17,55,-0.48044641066859256,-0.47366361165132953,-0.00678279901726303,-0.5227272727272727,-0.5227272727272727,0.0,-0.038618436144478005,0.48235294117647065,0.0352941176470587,negative_higher,0.0,18,robust_z_row_median
snow_influenced_mountain,max_temperature,climate,environment,concept_max_temperature,72,17,55,-0.878607926717008,-0.8415022573214379,-0.03710566939557014,-0.952311974551239,-0.8007109588197882,-0.1516010157314508,-0.12063314305047933,0.4844919786096257,0.031016042780748654,negative_higher,0.0,18,robust_z_row_median
snow_influenced_mountain,unconsolidated_cover,geology,cover_context,concept_unconsolidated_cover,72,17,55,0.058823529411764705,0.05454545454545454,0.004278074866310162,0.0,0.0,0.0,0.01841589620110356,0.502139037433155,0.004278074866310044,positive_higher,0.0,1,binary_max
subhumid_humid_mountain,diurnal_temperature_range,climate,environment,concept_diurnal_temperature_range,73,1,72,0.16110650960181444,-0.6174999732414557,0.7786064828432702,0.16110650960181444,-0.5837978516453415,0.744904361247156,,1.0,1.0,positive_higher,0.0,18,robust_z_row_median
subhumid_humid_mountain,terrain_roughness,terrain,erosion_exposure,concept_terrain_roughness,73,1,72,2.066666666666667,0.3403508771929824,1.7263157894736845,2.066666666666667,0.06666666666666667,2.0,,0.9824561403508772,0.9649122807017545,positive_higher,0.2054794520547945,1,robust_z_row_median
subhumid_humid_mountain,terrain_slope,terrain,erosion_exposure,concept_terrain_slope,73,1,72,2.039999255825175,0.3217970525808584,1.7182022032443167,2.039999255825175,0.10163194206028614,1.9383673137648891,,0.9824561403508771,0.9649122807017543,positive_higher,0.2054794520547945,1,robust_z_row_median
subhumid_humid_mountain,evapotranspiration_ratio,climate,environment,concept_evapotranspiration_ratio,73,1,72,0.5609002508530077,1.615393469177413,-1.0544932183244053,0.5609002508530077,1.578752804707103,-1.0178525538540955,,0.02777777777777779,0.9444444444444444,negative_higher,0.0,1,robust_z_row_median
subhumid_humid_mountain,Cu_anomaly,geochemistry,mineralization_signal,concept_Cu_anomaly,73,1,72,8.0,2.9566358319033292,5.043364168096671,8.0,1.901598781991788,6.098401218008212,,0.951388888888889,0.9027777777777779,positive_higher,0.0,30,robust_z_row_max
subhumid_humid_mountain,felsic_intermediate_geology,geology,geological_control,concept_felsic_intermediate_geology,73,1,72,1.0,0.09722222222222222,0.9027777777777778,1.0,0.0,1.0,,0.951388888888889,0.9027777777777779,positive_higher,0.0,2,binary_max
subhumid_humid_mountain,terrain_relief,terrain,erosion_exposure,concept_terrain_relief,73,1,72,1.59375,0.32347250744980566,1.2702774925501943,1.59375,0.2708333333333333,1.3229166666666667,,0.9473684210526315,0.894736842105263,positive_higher,0.2054794520547945,3,robust_z_row_median
subhumid_humid_mountain,intrusive_geology,geology,geological_control,concept_intrusive_geology,73,1,72,1.0,0.1388888888888889,0.8611111111111112,1.0,0.0,1.0,,0.9305555555555556,0.8611111111111112,positive_higher,0.0,1,binary_max
subhumid_humid_mountain,Ag_anomaly,geochemistry,pathfinder_signal,concept_Ag_anomaly,73,1,72,8.0,2.6301814188679087,5.369818581132091,8.0,0.9991218789674141,7.000878121032586,,0.923611111111111,0.8472222222222221,positive_higher,0.0,29,robust_z_row_max
subhumid_humid_mountain,shallow_gravity_source_density,geophysics,geophysical_source_density,concept_shallow_gravity_source_density,73,1,72,0.8571428571428571,0.1728952136031782,0.6842476435396789,0.8571428571428571,0.14835164835164835,0.7087912087912087,,0.923611111111111,0.8472222222222221,positive_higher,0.0,4,robust_z_row_max
subhumid_humid_mountain,Pb_Zn_background,geochemistry,geochemical_background,concept_Pb_Zn_background,73,1,72,8.0,3.522401730314801,4.477598269685199,8.0,2.6995053299778835,5.3004946700221165,,0.9097222222222222,0.8194444444444444,positive_higher,0.0,60,robust_z_row_max
subhumid_humid_mountain,water_balance,climate,environment,concept_water_balance,73,1,72,0.6768751910624462,1.3471407794421442,-0.670265588379698,0.6768751910624462,1.1489870216491123,-0.47211183058666606,,0.09722222222222221,0.8055555555555556,negative_higher,0.0,1,robust_z_row_median
subhumid_humid_mountain,water_deficit,climate,environment,concept_water_deficit,73,1,72,-0.3565076231926264,-0.6873043833905528,0.33079676019792636,-0.3565076231926264,-0.7003768370531415,0.34386921386051506,,0.9027777777777778,0.8055555555555556,positive_higher,0.0,18,robust_z_row_median
subhumid_humid_mountain,deep_gravity_source_density,geophysics,geophysical_source_density,concept_deep_gravity_source_density,73,1,72,0.0,1.0370628795756849,-1.0370628795756849,0.0,0.5,-0.5,,0.10416666666666669,0.7916666666666666,negative_higher,0.0,4,robust_z_row_max
subhumid_humid_mountain,potential_evapotranspiration,climate,environment,concept_potential_evapotranspiration,73,1,72,-0.24946830456958347,-0.5110993439644582,0.26163103939487475,-0.24946830456958347,-0.5670694926284909,0.31760118805890747,,0.875,0.75,positive_higher,0.0,18,robust_z_row_median
subhumid_humid_mountain,shallow_gravity_source_strength,geophysics,geophysical_source_strength,concept_shallow_gravity_source_strength,73,1,72,1.9839400428265526,0.8396382316159163,1.1443018112106362,1.9839400428265526,0.6970165529624497,1.2869234898641029,,0.875,0.75,positive_higher,0.0,9,robust_z_row_max
subhumid_humid_mountain,Au_anomaly,geochemistry,mineralization_signal,concept_Au_anomaly,73,1,72,8.0,3.243496518223899,4.756503481776101,8.0,1.251329584924075,6.7486704150759245,,0.8680555555555556,0.7361111111111112,positive_higher,0.0,29,robust_z_row_max
subhumid_humid_mountain,solar_radiation,climate,environment,concept_solar_radiation,73,1,72,-0.21575714946896632,-0.5479135556780981,0.3321564062091318,-0.21575714946896632,-0.582739499769918,0.3669823503009517,,0.8611111111111112,0.7222222222222223,positive_higher,0.0,18,robust_z_row_median
subhumid_humid_mountain,vapor_pressure_deficit,climate,environment,concept_vapor_pressure_deficit,73,1,72,-0.26136363636363646,-0.44945792690568237,0.1880942905420459,-0.26136363636363646,-0.5227272727272727,0.26136363636363624,,0.8472222222222222,0.6944444444444444,positive_higher,0.0,18,robust_z_row_median
subhumid_humid_mountain,W_Re_pathfinder,geochemistry,pathfinder_signal,concept_W_Re_pathfinder,73,1,72,8.0,3.277689089572531,4.722310910427469,8.0,0.8778280542986422,7.122171945701358,,0.8333333333333334,0.6666666666666667,positive_higher,0.0,45,robust_z_row_max
subhumid_humid_mountain,aridity,climate,environment,concept_aridity,73,1,72,1.220215572104941,3.1353909900637347,-1.9151754179587936,1.220215572104941,2.4467226636413075,-1.2265070915363665,,0.16666666666666663,0.6666666666666667,negative_higher,0.0,1,robust_z_row_median
subhumid_humid_mountain,As_Sb_Bi_pathfinder,geochemistry,pathfinder_signal,concept_As_Sb_Bi_pathfinder,73,1,72,8.0,4.029468443208889,3.9705315567911112,8.0,2.7458727982926083,5.254127201707392,,0.7986111111111112,0.5972222222222223,positive_higher,0.0,89,robust_z_row_max
subhumid_humid_mountain,actual_evapotranspiration,climate,environment,concept_actual_evapotranspiration,73,1,72,0.4196781050713635,0.8735557182042949,-0.4538776131329314,0.4196781050713635,0.9020600653913189,-0.4823819603199554,,0.20833333333333337,0.5833333333333333,negative_higher,0.0,18,robust_z_row_median
subhumid_humid_mountain,Mo_anomaly,geochemistry,mineralization_signal,concept_Mo_anomaly,73,1,72,3.9702233250620345,2.426645304082738,1.5435780209792966,3.9702233250620345,1.237248144027805,2.7329751810342295,,0.7638888888888888,0.5277777777777777,positive_higher,0.0,30,robust_z_row_max
subhumid_humid_mountain,regional_gravity_anomaly,geophysics,geophysical_context,concept_regional_gravity_anomaly,73,1,72,0.1,0.5544299681805406,-0.4544299681805406,0.1,0.7492203362572118,-0.6492203362572119,,0.23611111111111116,0.5277777777777777,negative_higher,0.0,17,robust_z_row_median
subhumid_humid_mountain,igneous_geology,geology,geological_control,concept_igneous_geology,73,1,72,1.0,0.4861111111111111,0.5138888888888888,1.0,0.0,1.0,,0.7569444444444444,0.5138888888888888,positive_higher,0.0,1,binary_max
subhumid_humid_mountain,deep_regional_gravity_anomaly,geophysics,deep_geophysical_context,concept_deep_regional_gravity_anomaly,73,1,72,0.1482861492468326,0.5649546528388494,-0.4166685035920168,0.1482861492468326,0.768718228643517,-0.6204320793966844,,0.25,0.5,negative_higher,0.0,1,robust_z_row_median
subhumid_humid_mountain,deep_gravity_source_strength,geophysics,geophysical_source_strength,concept_deep_gravity_source_strength,73,1,72,0.33549783549783546,1.1537699475905794,-0.8182721120927439,0.33549783549783546,1.0924493901672325,-0.756951554669397,,0.2777777777777778,0.4444444444444444,negative_higher,0.0,7,robust_z_row_max
subhumid_humid_mountain,soil_moisture,climate,environment,concept_soil_moisture,73,1,72,1.4010353404753109,4.306572367058745,-2.9055370265834344,1.4010353404753109,4.86562253320964,-3.4645871927343292,,0.2777777777777778,0.4444444444444444,negative_higher,0.0,18,robust_z_row_median
subhumid_humid_mountain,min_temperature,climate,environment,concept_min_temperature,73,1,72,-0.508340668663696,-0.1990525494894952,-0.3092881191742008,-0.508340668663696,-0.04011788450405622,-0.46822278415963975,,0.29166666666666663,0.41666666666666674,negative_higher,0.0,18,robust_z_row_median
subhumid_humid_mountain,vapor_pressure,climate,environment,concept_vapor_pressure,73,1,72,0.0,0.4630726120857699,-0.4630726120857699,0.0,0.5000000000000001,-0.5000000000000001,,0.2986111111111111,0.4027777777777778,negative_higher,0.0,18,robust_z_row_median
subhumid_humid_mountain,wind_speed,climate,environment,concept_wind_speed,73,1,72,-0.5000000000000002,-0.010245510017750056,-0.4897544899822502,-0.5000000000000002,-0.2902599142550909,-0.20974008574490932,,0.3055555555555556,0.38888888888888884,negative_higher,0.0,18,robust_z_row_median
subhumid_humid_mountain,deep_gravity_source_proximity,geophysics,geophysical_source_proximity,concept_deep_gravity_source_proximity,73,1,72,-0.3330910622175246,-0.12685887512146451,-0.2062321870960601,-0.3330910622175246,0.08587311362382617,-0.41896417584135076,,0.3194444444444444,0.36111111111111116,negative_higher,0.0,1,robust_z_row_median
subhumid_humid_mountain,max_temperature,climate,environment,concept_max_temperature,73,1,72,-0.1571289219287454,-0.3885202117756205,0.23139128984687513,-0.1571289219287454,-0.3515587106601412,0.19442978873139583,,0.6805555555555556,0.36111111111111116,positive_higher,0.0,18,robust_z_row_median
subhumid_humid_mountain,sedimentary_geology,geology,geological_context,concept_sedimentary_geology,73,1,72,0.0,0.2777777777777778,-0.2777777777777778,0.0,0.0,0.0,,0.3611111111111111,0.2777777777777778,negative_higher,0.0,1,binary_max
subhumid_humid_mountain,precipitation,climate,environment,concept_precipitation,73,1,72,1.297546913035978,2.9557904226541902,-1.6582435096182122,1.297546913035978,2.060584232619655,-0.763037319583677,,0.36111111111111116,0.2777777777777777,negative_higher,0.0,18,robust_z_row_median
subhumid_humid_mountain,terrain_elevation,terrain,terrain_context,concept_terrain_elevation,73,1,72,-0.1080835603996367,-0.17833867138327197,0.07025511098363528,-0.1080835603996367,-0.4014532243415077,0.29336966394187103,,0.631578947368421,0.26315789473684204,positive_higher,0.2054794520547945,1,robust_z_row_median
subhumid_humid_mountain,deep_gravity_gradient,geophysics,deep_geophysical_boundary,concept_deep_gravity_gradient,73,1,72,0.48634196503438776,0.9456264535288924,-0.45928448849450465,0.48634196503438776,0.6748901758056037,-0.18854821077121597,,0.4027777777777778,0.19444444444444442,negative_higher,0.0,1,robust_z_row_median
subhumid_humid_mountain,snow_influence,climate,environment,concept_snow_influence,73,1,72,1.0267710049423395,1.206875477727153,-0.18010447278481356,1.0267710049423395,-0.03498353405216732,1.061754538994507,,0.5972222222222222,0.19444444444444442,negative_higher,0.0,16,robust_z_row_median
subhumid_humid_mountain,unconsolidated_cover,geology,cover_context,concept_unconsolidated_cover,73,1,72,0.0,0.16666666666666666,-0.16666666666666666,0.0,0.0,0.0,,0.4166666666666667,0.16666666666666663,negative_higher,0.0,1,binary_max
subhumid_humid_mountain,mean_temperature,climate,environment,concept_mean_temperature,73,1,72,-0.34468843843843844,-0.3132220767444011,-0.031466361694037326,-0.34468843843843844,-0.1577586125114207,-0.18692982592701773,,0.4305555555555556,0.13888888888888884,negative_higher,0.0,18,robust_z_row_median
subhumid_humid_mountain,shallow_gravity_source_proximity,geophysics,geophysical_source_proximity,concept_shallow_gravity_source_proximity,73,1,72,-0.22765827164956895,-0.16430018143517972,-0.06335809021438923,-0.22765827164956895,0.0063740463073714915,-0.23403231795694043,,0.4444444444444444,0.11111111111111116,negative_higher,0.0,1,robust_z_row_median
subhumid_humid_mountain,gravity_gradient,geophysics,geophysical_boundary,concept_gravity_gradient,73,1,72,0.2610701717859339,0.3813029638816354,-0.12023279209570154,0.2610701717859339,0.21838645761043604,0.04268371417549785,,0.5416666666666667,0.08333333333333348,negative_higher,0.0,1,robust_z_row_median
subhumid_humid_mountain,fault_density,structure,structural_control,concept_fault_density,73,1,72,1.3167210089015549,1.8420941962313597,-0.5253731873298049,1.3167210089015549,1.4375,-0.12077899109844514,,0.45833333333333337,0.08333333333333326,negative_higher,0.0,8,robust_z_row_max
subhumid_humid_mountain,runoff,climate,environment,concept_runoff,73,1,72,3.7164220133047445,4.723971778884171,-1.0075497655794265,3.7164220133047445,4.6954285324976155,-0.979006519192871,,0.45833333333333337,0.08333333333333326,negative_higher,0.0,18,robust_z_row_median
subhumid_humid_mountain,metamorphic_geology,geology,geological_context,concept_metamorphic_geology,73,1,72,0.0,0.06944444444444445,-0.06944444444444445,0.0,0.0,0.0,,0.4652777777777778,0.06944444444444442,negative_higher,0.0,1,binary_max
subhumid_humid_mountain,mafic_geology,geology,geological_context,concept_mafic_geology,73,1,72,0.0,0.041666666666666664,-0.041666666666666664,0.0,0.0,0.0,,0.4791666666666667,0.04166666666666663,negative_higher,0.0,1,binary_max
subhumid_humid_mountain,carbonate_geology,geology,geological_context,concept_carbonate_geology,73,1,72,0.0,0.013888888888888888,-0.013888888888888888,0.0,0.0,0.0,,0.4930555555555556,0.01388888888888884,negative_higher,0.0,1,binary_max
subhumid_humid_mountain,fault_proximity,structure,structural_control,concept_fault_proximity,73,1,72,0.2673818049851724,0.034625027750196644,0.23275677723497573,0.2673818049851724,0.24512122041354012,0.02226058457163227,,0.5,0.0,positive_higher,0.0,1,robust_z_row_max
