environment,concept,bootstrap_runs,bootstrap_selected_count,bootstrap_selection_rate,reason
arid_basin_or_range,Ag_anomaly,100,50,0.5,ok
arid_basin_or_range,As_Sb_Bi_pathfinder,100,73,0.73,ok
arid_basin_or_range,Au_anomaly,100,1,0.01,ok
arid_basin_or_range,Cu_anomaly,100,100,1.0,ok
arid_basin_or_range,Mo_anomaly,100,100,1.0,ok
arid_basin_or_range,Pb_Zn_background,100,98,0.98,ok
arid_basin_or_range,W_Re_pathfinder,100,65,0.65,ok
arid_basin_or_range,actual_evapotranspiration,100,75,0.75,ok
arid_basin_or_range,aridity,100,16,0.16,ok
arid_basin_or_range,carbonate_geology,100,0,0.0,ok
arid_basin_or_range,deep_gravity_gradient,100,13,0.13,ok
arid_basin_or_range,deep_gravity_source_density,100,1,0.01,ok
arid_basin_or_range,deep_gravity_source_proximity,100,0,0.0,ok
arid_basin_or_range,deep_gravity_source_strength,100,0,0.0,ok
arid_basin_or_range,deep_regional_gravity_anomaly,100,0,0.0,ok
arid_basin_or_range,diurnal_temperature_range,100,2,0.02,ok
arid_basin_or_range,evapotranspiration_ratio,100,29,0.29,ok
arid_basin_or_range,fault_density,100,33,0.33,ok
arid_basin_or_range,fault_proximity,100,18,0.18,ok
arid_basin_or_range,felsic_intermediate_geology,100,1,0.01,ok
arid_basin_or_range,gravity_gradient,100,0,0.0,ok
arid_basin_or_range,igneous_geology,100,39,0.39,ok
arid_basin_or_range,intrusive_geology,100,1,0.01,ok
arid_basin_or_range,mafic_geology,100,0,0.0,ok
arid_basin_or_range,max_temperature,100,0,0.0,ok
arid_basin_or_range,mean_temperature,100,0,0.0,ok
arid_basin_or_range,metamorphic_geology,100,0,0.0,ok
arid_basin_or_range,min_temperature,100,0,0.0,ok
arid_basin_or_range,potential_evapotranspiration,100,0,0.0,ok
arid_basin_or_range,precipitation,100,68,0.68,ok
arid_basin_or_range,regional_gravity_anomaly,100,0,0.0,ok
arid_basin_or_range,runoff,100,93,0.93,ok
arid_basin_or_range,sedimentary_geology,100,0,0.0,ok
arid_basin_or_range,shallow_gravity_source_density,100,0,0.0,ok
arid_basin_or_range,shallow_gravity_source_proximity,100,1,0.01,ok
arid_basin_or_range,shallow_gravity_source_strength,100,0,0.0,ok
arid_basin_or_range,snow_influence,100,0,0.0,ok
arid_basin_or_range,soil_moisture,100,3,0.03,ok
arid_basin_or_range,solar_radiation,100,3,0.03,ok
arid_basin_or_range,terrain_elevation,100,0,0.0,ok
arid_basin_or_range,terrain_relief,100,100,1.0,ok
arid_basin_or_range,terrain_roughness,100,99,0.99,ok
arid_basin_or_range,terrain_slope,100,89,0.89,ok
arid_basin_or_range,unconsolidated_cover,100,28,0.28,ok
arid_basin_or_range,vapor_pressure,100,0,0.0,ok
arid_basin_or_range,vapor_pressure_deficit,100,0,0.0,ok
arid_basin_or_range,water_balance,100,0,0.0,ok
arid_basin_or_range,water_deficit,100,0,0.0,ok
arid_basin_or_range,wind_speed,100,1,0.01,ok
semi_arid_transition,Ag_anomaly,100,100,1.0,ok
semi_arid_transition,As_Sb_Bi_pathfinder,100,42,0.42,ok
semi_arid_transition,Au_anomaly,100,100,1.0,ok
semi_arid_transition,Cu_anomaly,100,100,1.0,ok
semi_arid_transition,Mo_anomaly,100,100,1.0,ok
semi_arid_transition,Pb_Zn_background,100,100,1.0,ok
semi_arid_transition,W_Re_pathfinder,100,100,1.0,ok
semi_arid_transition,actual_evapotranspiration,100,0,0.0,ok
semi_arid_transition,aridity,100,37,0.37,ok
semi_arid_transition,carbonate_geology,100,0,0.0,ok
semi_arid_transition,deep_gravity_gradient,100,1,0.01,ok
semi_arid_transition,deep_gravity_source_density,100,13,0.13,ok
semi_arid_transition,deep_gravity_source_proximity,100,0,0.0,ok
semi_arid_transition,deep_gravity_source_strength,100,2,0.02,ok
semi_arid_transition,deep_regional_gravity_anomaly,100,2,0.02,ok
semi_arid_transition,diurnal_temperature_range,100,4,0.04,ok
semi_arid_transition,evapotranspiration_ratio,100,12,0.12,ok
semi_arid_transition,fault_density,100,1,0.01,ok
semi_arid_transition,fault_proximity,100,21,0.21,ok
semi_arid_transition,felsic_intermediate_geology,100,19,0.19,ok
semi_arid_transition,gravity_gradient,100,0,0.0,ok
semi_arid_transition,igneous_geology,100,0,0.0,ok
semi_arid_transition,intrusive_geology,100,17,0.17,ok
semi_arid_transition,mafic_geology,100,0,0.0,ok
semi_arid_transition,max_temperature,100,0,0.0,ok
semi_arid_transition,mean_temperature,100,1,0.01,ok
semi_arid_transition,metamorphic_geology,100,0,0.0,ok
semi_arid_transition,min_temperature,100,1,0.01,ok
semi_arid_transition,potential_evapotranspiration,100,38,0.38,ok
semi_arid_transition,precipitation,100,8,0.08,ok
semi_arid_transition,regional_gravity_anomaly,100,0,0.0,ok
semi_arid_transition,runoff,100,22,0.22,ok
semi_arid_transition,sedimentary_geology,100,0,0.0,ok
semi_arid_transition,shallow_gravity_source_density,100,8,0.08,ok
semi_arid_transition,shallow_gravity_source_proximity,100,10,0.1,ok
semi_arid_transition,shallow_gravity_source_strength,100,13,0.13,ok
semi_arid_transition,snow_influence,100,2,0.02,ok
semi_arid_transition,soil_moisture,100,1,0.01,ok
semi_arid_transition,solar_radiation,100,35,0.35,ok
semi_arid_transition,terrain_elevation,100,0,0.0,ok
semi_arid_transition,terrain_relief,100,100,1.0,ok
semi_arid_transition,terrain_roughness,100,47,0.47,ok
semi_arid_transition,terrain_slope,100,25,0.25,ok
semi_arid_transition,unconsolidated_cover,100,0,0.0,ok
semi_arid_transition,vapor_pressure,100,0,0.0,ok
semi_arid_transition,vapor_pressure_deficit,100,15,0.15,ok
semi_arid_transition,water_balance,100,56,0.56,ok
semi_arid_transition,water_deficit,100,47,0.47,ok
semi_arid_transition,wind_speed,100,0,0.0,ok
snow_influenced_mountain,Ag_anomaly,100,14,0.14,ok
snow_influenced_mountain,As_Sb_Bi_pathfinder,100,4,0.04,ok
snow_influenced_mountain,Au_anomaly,100,7,0.07,ok
snow_influenced_mountain,Cu_anomaly,100,91,0.91,ok
snow_influenced_mountain,Mo_anomaly,100,54,0.54,ok
snow_influenced_mountain,Pb_Zn_background,100,62,0.62,ok
snow_influenced_mountain,W_Re_pathfinder,100,12,0.12,ok
snow_influenced_mountain,actual_evapotranspiration,100,9,0.09,ok
snow_influenced_mountain,aridity,100,15,0.15,ok
snow_influenced_mountain,carbonate_geology,100,4,0.04,ok
snow_influenced_mountain,deep_gravity_gradient,100,98,0.98,ok
snow_influenced_mountain,deep_gravity_source_density,100,7,0.07,ok
snow_influenced_mountain,deep_gravity_source_proximity,100,15,0.15,ok
snow_influenced_mountain,deep_gravity_source_strength,100,78,0.78,ok
snow_influenced_mountain,deep_regional_gravity_anomaly,100,13,0.13,ok
snow_influenced_mountain,diurnal_temperature_range,100,4,0.04,ok
snow_influenced_mountain,evapotranspiration_ratio,100,7,0.07,ok
snow_influenced_mountain,fault_density,100,45,0.45,ok
snow_influenced_mountain,fault_proximity,100,35,0.35,ok
snow_influenced_mountain,felsic_intermediate_geology,100,28,0.28,ok
snow_influenced_mountain,gravity_gradient,100,10,0.1,ok
snow_influenced_mountain,igneous_geology,100,6,0.06,ok
snow_influenced_mountain,intrusive_geology,100,86,0.86,ok
snow_influenced_mountain,mafic_geology,100,2,0.02,ok
snow_influenced_mountain,max_temperature,100,12,0.12,ok
snow_influenced_mountain,mean_temperature,100,11,0.11,ok
snow_influenced_mountain,metamorphic_geology,100,0,0.0,ok
snow_influenced_mountain,min_temperature,100,14,0.14,ok
snow_influenced_mountain,potential_evapotranspiration,100,7,0.07,ok
snow_influenced_mountain,precipitation,100,17,0.17,ok
snow_influenced_mountain,regional_gravity_anomaly,100,5,0.05,ok
snow_influenced_mountain,runoff,100,13,0.13,ok
snow_influenced_mountain,sedimentary_geology,100,12,0.12,ok
snow_influenced_mountain,shallow_gravity_source_density,100,19,0.19,ok
snow_influenced_mountain,shallow_gravity_source_proximity,100,47,0.47,ok
snow_influenced_mountain,shallow_gravity_source_strength,100,83,0.83,ok
snow_influenced_mountain,snow_influence,100,17,0.17,ok
snow_influenced_mountain,soil_moisture,100,25,0.25,ok
snow_influenced_mountain,solar_radiation,100,8,0.08,ok
snow_influenced_mountain,terrain_elevation,100,15,0.15,ok
snow_influenced_mountain,terrain_relief,100,96,0.96,ok
snow_influenced_mountain,terrain_roughness,100,24,0.24,ok
snow_influenced_mountain,terrain_slope,100,30,0.3,ok
snow_influenced_mountain,unconsolidated_cover,100,0,0.0,ok
snow_influenced_mountain,vapor_pressure,100,10,0.1,ok
snow_influenced_mountain,vapor_pressure_deficit,100,4,0.04,ok
snow_influenced_mountain,water_balance,100,8,0.08,ok
snow_influenced_mountain,water_deficit,100,11,0.11,ok
snow_influenced_mountain,wind_speed,100,6,0.06,ok
subhumid_humid_mountain,Ag_anomaly,0,0,,too_few_positive_or_negative_samples
subhumid_humid_mountain,As_Sb_Bi_pathfinder,0,0,,too_few_positive_or_negative_samples
subhumid_humid_mountain,Au_anomaly,0,0,,too_few_positive_or_negative_samples
subhumid_humid_mountain,Cu_anomaly,0,0,,too_few_positive_or_negative_samples
subhumid_humid_mountain,Mo_anomaly,0,0,,too_few_positive_or_negative_samples
subhumid_humid_mountain,Pb_Zn_background,0,0,,too_few_positive_or_negative_samples
subhumid_humid_mountain,W_Re_pathfinder,0,0,,too_few_positive_or_negative_samples
subhumid_humid_mountain,actual_evapotranspiration,0,0,,too_few_positive_or_negative_samples
subhumid_humid_mountain,aridity,0,0,,too_few_positive_or_negative_samples
subhumid_humid_mountain,carbonate_geology,0,0,,too_few_positive_or_negative_samples
subhumid_humid_mountain,deep_gravity_gradient,0,0,,too_few_positive_or_negative_samples
subhumid_humid_mountain,deep_gravity_source_density,0,0,,too_few_positive_or_negative_samples
subhumid_humid_mountain,deep_gravity_source_proximity,0,0,,too_few_positive_or_negative_samples
subhumid_humid_mountain,deep_gravity_source_strength,0,0,,too_few_positive_or_negative_samples
subhumid_humid_mountain,deep_regional_gravity_anomaly,0,0,,too_few_positive_or_negative_samples
subhumid_humid_mountain,diurnal_temperature_range,0,0,,too_few_positive_or_negative_samples
subhumid_humid_mountain,evapotranspiration_ratio,0,0,,too_few_positive_or_negative_samples
subhumid_humid_mountain,fault_density,0,0,,too_few_positive_or_negative_samples
subhumid_humid_mountain,fault_proximity,0,0,,too_few_positive_or_negative_samples
subhumid_humid_mountain,felsic_intermediate_geology,0,0,,too_few_positive_or_negative_samples
subhumid_humid_mountain,gravity_gradient,0,0,,too_few_positive_or_negative_samples
subhumid_humid_mountain,igneous_geology,0,0,,too_few_positive_or_negative_samples
subhumid_humid_mountain,intrusive_geology,0,0,,too_few_positive_or_negative_samples
subhumid_humid_mountain,mafic_geology,0,0,,too_few_positive_or_negative_samples
subhumid_humid_mountain,max_temperature,0,0,,too_few_positive_or_negative_samples
subhumid_humid_mountain,mean_temperature,0,0,,too_few_positive_or_negative_samples
subhumid_humid_mountain,metamorphic_geology,0,0,,too_few_positive_or_negative_samples
subhumid_humid_mountain,min_temperature,0,0,,too_few_positive_or_negative_samples
subhumid_humid_mountain,potential_evapotranspiration,0,0,,too_few_positive_or_negative_samples
subhumid_humid_mountain,precipitation,0,0,,too_few_positive_or_negative_samples
subhumid_humid_mountain,regional_gravity_anomaly,0,0,,too_few_positive_or_negative_samples
subhumid_humid_mountain,runoff,0,0,,too_few_positive_or_negative_samples
subhumid_humid_mountain,sedimentary_geology,0,0,,too_few_positive_or_negative_samples
subhumid_humid_mountain,shallow_gravity_source_density,0,0,,too_few_positive_or_negative_samples
subhumid_humid_mountain,shallow_gravity_source_proximity,0,0,,too_few_positive_or_negative_samples
subhumid_humid_mountain,shallow_gravity_source_strength,0,0,,too_few_positive_or_negative_samples
subhumid_humid_mountain,snow_influence,0,0,,too_few_positive_or_negative_samples
subhumid_humid_mountain,soil_moisture,0,0,,too_few_positive_or_negative_samples
subhumid_humid_mountain,solar_radiation,0,0,,too_few_positive_or_negative_samples
subhumid_humid_mountain,terrain_elevation,0,0,,too_few_positive_or_negative_samples
subhumid_humid_mountain,terrain_relief,0,0,,too_few_positive_or_negative_samples
subhumid_humid_mountain,terrain_roughness,0,0,,too_few_positive_or_negative_samples
subhumid_humid_mountain,terrain_slope,0,0,,too_few_positive_or_negative_samples
subhumid_humid_mountain,unconsolidated_cover,0,0,,too_few_positive_or_negative_samples
subhumid_humid_mountain,vapor_pressure,0,0,,too_few_positive_or_negative_samples
subhumid_humid_mountain,vapor_pressure_deficit,0,0,,too_few_positive_or_negative_samples
subhumid_humid_mountain,water_balance,0,0,,too_few_positive_or_negative_samples
subhumid_humid_mountain,water_deficit,0,0,,too_few_positive_or_negative_samples
subhumid_humid_mountain,wind_speed,0,0,,too_few_positive_or_negative_samples
