concept,rf_gini_importance,rf_rank,environment,reason
Ag_anomaly,0.014612948493045567,24.0,arid_basin_or_range,ok
As_Sb_Bi_pathfinder,0.029374238506610334,7.0,arid_basin_or_range,ok
Au_anomaly,0.005702467452939807,41.0,arid_basin_or_range,ok
Cu_anomaly,0.11538900582637342,2.0,arid_basin_or_range,ok
Mo_anomaly,0.11859167777292137,1.0,arid_basin_or_range,ok
Pb_Zn_background,0.034075001207886445,5.0,arid_basin_or_range,ok
W_Re_pathfinder,0.03241758139251391,6.0,arid_basin_or_range,ok
actual_evapotranspiration,0.014072103038132916,26.0,arid_basin_or_range,ok
aridity,0.018101473978812645,20.0,arid_basin_or_range,ok
carbonate_geology,0.0009126379144807768,46.0,arid_basin_or_range,ok
deep_gravity_gradient,0.039215932287310976,4.0,arid_basin_or_range,ok
deep_gravity_source_density,0.0052638594440261146,43.0,arid_basin_or_range,ok
deep_gravity_source_proximity,0.0057589123545913655,40.0,arid_basin_or_range,ok
deep_gravity_source_strength,0.018070044400625228,21.0,arid_basin_or_range,ok
deep_regional_gravity_anomaly,0.01838322567995407,19.0,arid_basin_or_range,ok
diurnal_temperature_range,0.016461083532254676,22.0,arid_basin_or_range,ok
evapotranspiration_ratio,0.023220161033508005,14.0,arid_basin_or_range,ok
fault_density,0.00962917644518998,32.0,arid_basin_or_range,ok
fault_proximity,0.014102828443220534,25.0,arid_basin_or_range,ok
felsic_intermediate_geology,0.0014263487832371629,45.0,arid_basin_or_range,ok
gravity_gradient,0.0055125906262275684,42.0,arid_basin_or_range,ok
igneous_geology,0.0058350803368762225,39.0,arid_basin_or_range,ok
intrusive_geology,0.0019446499739434332,44.0,arid_basin_or_range,ok
mafic_geology,0.0,48.0,arid_basin_or_range,ok
max_temperature,0.012122693267041892,28.0,arid_basin_or_range,ok
mean_temperature,0.014940664640465597,23.0,arid_basin_or_range,ok
metamorphic_geology,0.0,48.0,arid_basin_or_range,ok
min_temperature,0.011661104461607927,30.0,arid_basin_or_range,ok
potential_evapotranspiration,0.025668508871063502,10.0,arid_basin_or_range,ok
precipitation,0.007980417307954851,35.0,arid_basin_or_range,ok
regional_gravity_anomaly,0.025236669322039516,11.0,arid_basin_or_range,ok
runoff,0.02854109210752506,8.0,arid_basin_or_range,ok
sedimentary_geology,0.0008076209673624192,47.0,arid_basin_or_range,ok
shallow_gravity_source_density,0.010386553515024776,31.0,arid_basin_or_range,ok
shallow_gravity_source_proximity,0.008132666346534378,34.0,arid_basin_or_range,ok
shallow_gravity_source_strength,0.011665845665109262,29.0,arid_basin_or_range,ok
snow_influence,0.0061318957103474216,38.0,arid_basin_or_range,ok
soil_moisture,0.013423909257836535,27.0,arid_basin_or_range,ok
solar_radiation,0.0210650182742372,15.0,arid_basin_or_range,ok
terrain_elevation,0.019059450295295197,18.0,arid_basin_or_range,ok
terrain_relief,0.09826921687797902,3.0,arid_basin_or_range,ok
terrain_roughness,0.023854397425182305,12.0,arid_basin_or_range,ok
terrain_slope,0.025965926569128453,9.0,arid_basin_or_range,ok
unconsolidated_cover,0.0069919836294728525,37.0,arid_basin_or_range,ok
vapor_pressure,0.009604574476504247,33.0,arid_basin_or_range,ok
vapor_pressure_deficit,0.007487279655876728,36.0,arid_basin_or_range,ok
water_balance,0.02355431723892433,13.0,arid_basin_or_range,ok
water_deficit,0.020137479958525318,16.0,arid_basin_or_range,ok
wind_speed,0.01923768523427867,17.0,arid_basin_or_range,ok
Ag_anomaly,0.09968924180788938,2.0,semi_arid_transition,ok
As_Sb_Bi_pathfinder,0.015963214711603925,12.0,semi_arid_transition,ok
Au_anomaly,0.06278761194103417,5.0,semi_arid_transition,ok
Cu_anomaly,0.16673733088283332,1.0,semi_arid_transition,ok
Mo_anomaly,0.09651058703251147,3.0,semi_arid_transition,ok
Pb_Zn_background,0.08763858992070024,4.0,semi_arid_transition,ok
W_Re_pathfinder,0.061311104744578834,6.0,semi_arid_transition,ok
actual_evapotranspiration,0.009511820188307273,23.0,semi_arid_transition,ok
aridity,0.01061976320332775,21.0,semi_arid_transition,ok
carbonate_geology,3.39466495849373e-05,48.0,semi_arid_transition,ok
deep_gravity_gradient,0.012593687291281824,18.0,semi_arid_transition,ok
deep_gravity_source_density,0.00539594939148564,41.0,semi_arid_transition,ok
deep_gravity_source_proximity,0.005588412917906962,39.0,semi_arid_transition,ok
deep_gravity_source_strength,0.009421328154100248,24.0,semi_arid_transition,ok
deep_regional_gravity_anomaly,0.009050145841802784,26.0,semi_arid_transition,ok
diurnal_temperature_range,0.017319323084525627,11.0,semi_arid_transition,ok
evapotranspiration_ratio,0.00755485336458533,33.0,semi_arid_transition,ok
fault_density,0.007204956524450585,34.0,semi_arid_transition,ok
fault_proximity,0.013856684632152259,16.0,semi_arid_transition,ok
felsic_intermediate_geology,0.004847204229868181,43.0,semi_arid_transition,ok
gravity_gradient,0.01591956915375847,13.0,semi_arid_transition,ok
igneous_geology,0.0005983436373437033,47.0,semi_arid_transition,ok
intrusive_geology,0.005797245158966265,36.0,semi_arid_transition,ok
mafic_geology,2.499866435217555e-05,49.0,semi_arid_transition,ok
max_temperature,0.008502761943019804,31.0,semi_arid_transition,ok
mean_temperature,0.010474252731491556,22.0,semi_arid_transition,ok
metamorphic_geology,0.0028643223055060756,45.0,semi_arid_transition,ok
min_temperature,0.014247592500787302,15.0,semi_arid_transition,ok
potential_evapotranspiration,0.011820550860292782,20.0,semi_arid_transition,ok
precipitation,0.012100083862794916,19.0,semi_arid_transition,ok
regional_gravity_anomaly,0.013145080304150467,17.0,semi_arid_transition,ok
runoff,0.019397521394553797,8.0,semi_arid_transition,ok
sedimentary_geology,0.0009072199527091502,46.0,semi_arid_transition,ok
shallow_gravity_source_density,0.005739320668797916,38.0,semi_arid_transition,ok
shallow_gravity_source_proximity,0.005745262372231234,37.0,semi_arid_transition,ok
shallow_gravity_source_strength,0.01755962758933931,9.0,semi_arid_transition,ok
snow_influence,0.00896398308568469,27.0,semi_arid_transition,ok
soil_moisture,0.01742244124541094,10.0,semi_arid_transition,ok
solar_radiation,0.015294978021634719,14.0,semi_arid_transition,ok
terrain_elevation,0.00888938132518827,28.0,semi_arid_transition,ok
terrain_relief,0.04398677607157086,7.0,semi_arid_transition,ok
terrain_roughness,0.005120308340128164,42.0,semi_arid_transition,ok
terrain_slope,0.005558812240381157,40.0,semi_arid_transition,ok
unconsolidated_cover,0.006459572524686001,35.0,semi_arid_transition,ok
vapor_pressure,0.0047773168032061,44.0,semi_arid_transition,ok
vapor_pressure_deficit,0.008632395169096146,30.0,semi_arid_transition,ok
water_balance,0.009340760589208701,25.0,semi_arid_transition,ok
water_deficit,0.008886538775857126,29.0,semi_arid_transition,ok
wind_speed,0.008187226193321559,32.0,semi_arid_transition,ok
Ag_anomaly,0.005843473039482026,41.0,snow_influenced_mountain,ok
As_Sb_Bi_pathfinder,0.002499992240728629,45.0,snow_influenced_mountain,ok
Au_anomaly,0.012889549216925438,31.0,snow_influenced_mountain,ok
Cu_anomaly,0.05068456479819498,3.0,snow_influenced_mountain,ok
Mo_anomaly,0.022959685011635658,14.0,snow_influenced_mountain,ok
Pb_Zn_background,0.04631022150429833,4.0,snow_influenced_mountain,ok
W_Re_pathfinder,0.016569885673736566,25.0,snow_influenced_mountain,ok
actual_evapotranspiration,0.03579987035968091,9.0,snow_influenced_mountain,ok
aridity,0.02166133770922815,16.0,snow_influenced_mountain,ok
carbonate_geology,0.003656861525325048,42.0,snow_influenced_mountain,ok
deep_gravity_gradient,0.08097399368406807,1.0,snow_influenced_mountain,ok
deep_gravity_source_density,0.01202048339169427,35.0,snow_influenced_mountain,ok
deep_gravity_source_proximity,0.016710590107528043,24.0,snow_influenced_mountain,ok
deep_gravity_source_strength,0.04009588925950313,6.0,snow_influenced_mountain,ok
deep_regional_gravity_anomaly,0.014358317724571242,29.0,snow_influenced_mountain,ok
diurnal_temperature_range,0.02886457363805039,12.0,snow_influenced_mountain,ok
evapotranspiration_ratio,0.012354081627754162,34.0,snow_influenced_mountain,ok
fault_density,0.04039915126953868,5.0,snow_influenced_mountain,ok
fault_proximity,0.03097678253311696,11.0,snow_influenced_mountain,ok
felsic_intermediate_geology,0.00273923703962505,43.0,snow_influenced_mountain,ok
gravity_gradient,0.023728509409192935,13.0,snow_influenced_mountain,ok
igneous_geology,0.0009400152266545045,46.0,snow_influenced_mountain,ok
intrusive_geology,0.019633054370262783,19.0,snow_influenced_mountain,ok
mafic_geology,0.0,47.0,snow_influenced_mountain,ok
max_temperature,0.022915111308017544,15.0,snow_influenced_mountain,ok
mean_temperature,0.013850500989507266,30.0,snow_influenced_mountain,ok
metamorphic_geology,0.0,47.0,snow_influenced_mountain,ok
min_temperature,0.01020732068738922,38.0,snow_influenced_mountain,ok
potential_evapotranspiration,0.016160585759875234,26.0,snow_influenced_mountain,ok
precipitation,0.017801407815362724,23.0,snow_influenced_mountain,ok
regional_gravity_anomaly,0.01782168784958208,22.0,snow_influenced_mountain,ok
runoff,0.014589485155499888,28.0,snow_influenced_mountain,ok
sedimentary_geology,0.002656729330082351,44.0,snow_influenced_mountain,ok
shallow_gravity_source_density,0.011864062384185511,36.0,snow_influenced_mountain,ok
shallow_gravity_source_proximity,0.021643304271208044,17.0,snow_influenced_mountain,ok
shallow_gravity_source_strength,0.03939437193389851,7.0,snow_influenced_mountain,ok
snow_influence,0.019534960453935164,20.0,snow_influenced_mountain,ok
soil_moisture,0.03556190555850174,10.0,snow_influenced_mountain,ok
solar_radiation,0.037949275386625535,8.0,snow_influenced_mountain,ok
terrain_elevation,0.016042849694698404,27.0,snow_influenced_mountain,ok
terrain_relief,0.06590078235078871,2.0,snow_influenced_mountain,ok
terrain_roughness,0.020698197771945922,18.0,snow_influenced_mountain,ok
terrain_slope,0.012571340755665072,32.0,snow_influenced_mountain,ok
unconsolidated_cover,0.0,47.0,snow_influenced_mountain,ok
vapor_pressure,0.012395181919331063,33.0,snow_influenced_mountain,ok
vapor_pressure_deficit,0.008033579027514483,40.0,snow_influenced_mountain,ok
water_balance,0.011210287533263363,37.0,snow_influenced_mountain,ok
water_deficit,0.010007472411133906,39.0,snow_influenced_mountain,ok
wind_speed,0.018519479291192322,21.0,snow_influenced_mountain,ok
Ag_anomaly,,,subhumid_humid_mountain,too_few_positive_or_negative_samples
As_Sb_Bi_pathfinder,,,subhumid_humid_mountain,too_few_positive_or_negative_samples
Au_anomaly,,,subhumid_humid_mountain,too_few_positive_or_negative_samples
Cu_anomaly,,,subhumid_humid_mountain,too_few_positive_or_negative_samples
Mo_anomaly,,,subhumid_humid_mountain,too_few_positive_or_negative_samples
Pb_Zn_background,,,subhumid_humid_mountain,too_few_positive_or_negative_samples
W_Re_pathfinder,,,subhumid_humid_mountain,too_few_positive_or_negative_samples
actual_evapotranspiration,,,subhumid_humid_mountain,too_few_positive_or_negative_samples
aridity,,,subhumid_humid_mountain,too_few_positive_or_negative_samples
carbonate_geology,,,subhumid_humid_mountain,too_few_positive_or_negative_samples
deep_gravity_gradient,,,subhumid_humid_mountain,too_few_positive_or_negative_samples
deep_gravity_source_density,,,subhumid_humid_mountain,too_few_positive_or_negative_samples
deep_gravity_source_proximity,,,subhumid_humid_mountain,too_few_positive_or_negative_samples
deep_gravity_source_strength,,,subhumid_humid_mountain,too_few_positive_or_negative_samples
deep_regional_gravity_anomaly,,,subhumid_humid_mountain,too_few_positive_or_negative_samples
diurnal_temperature_range,,,subhumid_humid_mountain,too_few_positive_or_negative_samples
evapotranspiration_ratio,,,subhumid_humid_mountain,too_few_positive_or_negative_samples
fault_density,,,subhumid_humid_mountain,too_few_positive_or_negative_samples
fault_proximity,,,subhumid_humid_mountain,too_few_positive_or_negative_samples
felsic_intermediate_geology,,,subhumid_humid_mountain,too_few_positive_or_negative_samples
gravity_gradient,,,subhumid_humid_mountain,too_few_positive_or_negative_samples
igneous_geology,,,subhumid_humid_mountain,too_few_positive_or_negative_samples
intrusive_geology,,,subhumid_humid_mountain,too_few_positive_or_negative_samples
mafic_geology,,,subhumid_humid_mountain,too_few_positive_or_negative_samples
max_temperature,,,subhumid_humid_mountain,too_few_positive_or_negative_samples
mean_temperature,,,subhumid_humid_mountain,too_few_positive_or_negative_samples
metamorphic_geology,,,subhumid_humid_mountain,too_few_positive_or_negative_samples
min_temperature,,,subhumid_humid_mountain,too_few_positive_or_negative_samples
potential_evapotranspiration,,,subhumid_humid_mountain,too_few_positive_or_negative_samples
precipitation,,,subhumid_humid_mountain,too_few_positive_or_negative_samples
regional_gravity_anomaly,,,subhumid_humid_mountain,too_few_positive_or_negative_samples
runoff,,,subhumid_humid_mountain,too_few_positive_or_negative_samples
sedimentary_geology,,,subhumid_humid_mountain,too_few_positive_or_negative_samples
shallow_gravity_source_density,,,subhumid_humid_mountain,too_few_positive_or_negative_samples
shallow_gravity_source_proximity,,,subhumid_humid_mountain,too_few_positive_or_negative_samples
shallow_gravity_source_strength,,,subhumid_humid_mountain,too_few_positive_or_negative_samples
snow_influence,,,subhumid_humid_mountain,too_few_positive_or_negative_samples
soil_moisture,,,subhumid_humid_mountain,too_few_positive_or_negative_samples
solar_radiation,,,subhumid_humid_mountain,too_few_positive_or_negative_samples
terrain_elevation,,,subhumid_humid_mountain,too_few_positive_or_negative_samples
terrain_relief,,,subhumid_humid_mountain,too_few_positive_or_negative_samples
terrain_roughness,,,subhumid_humid_mountain,too_few_positive_or_negative_samples
terrain_slope,,,subhumid_humid_mountain,too_few_positive_or_negative_samples
unconsolidated_cover,,,subhumid_humid_mountain,too_few_positive_or_negative_samples
vapor_pressure,,,subhumid_humid_mountain,too_few_positive_or_negative_samples
vapor_pressure_deficit,,,subhumid_humid_mountain,too_few_positive_or_negative_samples
water_balance,,,subhumid_humid_mountain,too_few_positive_or_negative_samples
water_deficit,,,subhumid_humid_mountain,too_few_positive_or_negative_samples
wind_speed,,,subhumid_humid_mountain,too_few_positive_or_negative_samples
