concept,logistic_l1_coefficient,logistic_abs_coefficient,logistic_abs_rank,logistic_selected,environment,reason
Ag_anomaly,0.32358086027757516,0.32358086027757516,10.0,True,arid_basin_or_range,ok
As_Sb_Bi_pathfinder,0.5729497408654317,0.5729497408654317,5.0,True,arid_basin_or_range,ok
Au_anomaly,-0.15306919632252633,0.15306919632252633,21.0,True,arid_basin_or_range,ok
Cu_anomaly,1.0208752875805214,1.0208752875805214,2.0,True,arid_basin_or_range,ok
Mo_anomaly,0.7798078833694178,0.7798078833694178,3.0,True,arid_basin_or_range,ok
Pb_Zn_background,0.21339446173004517,0.21339446173004517,17.0,True,arid_basin_or_range,ok
W_Re_pathfinder,-0.22442646254405732,0.22442646254405732,16.0,True,arid_basin_or_range,ok
actual_evapotranspiration,0.4570647578603587,0.4570647578603587,7.0,True,arid_basin_or_range,ok
aridity,0.0,0.0,29.0,False,arid_basin_or_range,ok
carbonate_geology,0.44354695554915163,0.44354695554915163,8.0,True,arid_basin_or_range,ok
deep_gravity_gradient,0.010737734988062282,0.010737734988062282,27.0,True,arid_basin_or_range,ok
deep_gravity_source_density,-0.6464005977242341,0.6464005977242341,4.0,True,arid_basin_or_range,ok
deep_gravity_source_proximity,0.4169815875240354,0.4169815875240354,9.0,True,arid_basin_or_range,ok
deep_gravity_source_strength,0.0,0.0,29.0,False,arid_basin_or_range,ok
deep_regional_gravity_anomaly,0.0,0.0,29.0,False,arid_basin_or_range,ok
diurnal_temperature_range,0.0,0.0,29.0,False,arid_basin_or_range,ok
evapotranspiration_ratio,0.0,0.0,29.0,False,arid_basin_or_range,ok
fault_density,-0.055949497431057406,0.055949497431057406,26.0,True,arid_basin_or_range,ok
fault_proximity,0.1523070337094382,0.1523070337094382,22.0,True,arid_basin_or_range,ok
felsic_intermediate_geology,0.11766117573552684,0.11766117573552684,23.0,True,arid_basin_or_range,ok
gravity_gradient,-0.24548938612497553,0.24548938612497553,14.0,True,arid_basin_or_range,ok
igneous_geology,0.27172700075753786,0.27172700075753786,12.0,True,arid_basin_or_range,ok
intrusive_geology,0.0,0.0,29.0,False,arid_basin_or_range,ok
mafic_geology,0.0,0.0,29.0,False,arid_basin_or_range,ok
max_temperature,0.0,0.0,29.0,False,arid_basin_or_range,ok
mean_temperature,0.0,0.0,29.0,False,arid_basin_or_range,ok
metamorphic_geology,0.0,0.0,29.0,False,arid_basin_or_range,ok
min_temperature,0.0,0.0,29.0,False,arid_basin_or_range,ok
potential_evapotranspiration,0.0,0.0,29.0,False,arid_basin_or_range,ok
precipitation,0.3119485260377433,0.3119485260377433,11.0,True,arid_basin_or_range,ok
regional_gravity_anomaly,0.0,0.0,29.0,False,arid_basin_or_range,ok
runoff,0.0,0.0,29.0,False,arid_basin_or_range,ok
sedimentary_geology,0.0,0.0,29.0,False,arid_basin_or_range,ok
shallow_gravity_source_density,0.0,0.0,29.0,False,arid_basin_or_range,ok
shallow_gravity_source_proximity,0.0,0.0,29.0,False,arid_basin_or_range,ok
shallow_gravity_source_strength,0.201327881288778,0.201327881288778,18.0,True,arid_basin_or_range,ok
snow_influence,0.0,0.0,29.0,False,arid_basin_or_range,ok
soil_moisture,-0.26523818248523284,0.26523818248523284,13.0,True,arid_basin_or_range,ok
solar_radiation,-0.4982264222218862,0.4982264222218862,6.0,True,arid_basin_or_range,ok
terrain_elevation,-0.07748787139024647,0.07748787139024647,25.0,True,arid_basin_or_range,ok
terrain_relief,0.24056348186423324,0.24056348186423324,15.0,True,arid_basin_or_range,ok
terrain_roughness,0.0,0.0,29.0,False,arid_basin_or_range,ok
terrain_slope,0.18619377136379026,0.18619377136379026,19.0,True,arid_basin_or_range,ok
unconsolidated_cover,-0.16836282408903974,0.16836282408903974,20.0,True,arid_basin_or_range,ok
vapor_pressure,-0.09659326348201144,0.09659326348201144,24.0,True,arid_basin_or_range,ok
vapor_pressure_deficit,0.0,0.0,29.0,False,arid_basin_or_range,ok
water_balance,0.0,0.0,29.0,False,arid_basin_or_range,ok
water_deficit,-0.007583438466016967,0.007583438466016967,28.0,True,arid_basin_or_range,ok
wind_speed,-1.2997849825462242,1.2997849825462242,1.0,True,arid_basin_or_range,ok
Ag_anomaly,0.32878727225888327,0.32878727225888327,10.0,True,semi_arid_transition,ok
As_Sb_Bi_pathfinder,0.0,0.0,25.0,False,semi_arid_transition,ok
Au_anomaly,0.622165533681479,0.622165533681479,4.0,True,semi_arid_transition,ok
Cu_anomaly,1.6699698157967575,1.6699698157967575,1.0,True,semi_arid_transition,ok
Mo_anomaly,0.6195182809050424,0.6195182809050424,5.0,True,semi_arid_transition,ok
Pb_Zn_background,0.0,0.0,25.0,False,semi_arid_transition,ok
W_Re_pathfinder,0.12138097438154234,0.12138097438154234,19.0,True,semi_arid_transition,ok
actual_evapotranspiration,0.3870636684509372,0.3870636684509372,8.0,True,semi_arid_transition,ok
aridity,0.0,0.0,25.0,False,semi_arid_transition,ok
carbonate_geology,0.0,0.0,25.0,False,semi_arid_transition,ok
deep_gravity_gradient,-0.18511869157464014,0.18511869157464014,17.0,True,semi_arid_transition,ok
deep_gravity_source_density,-0.22976900426532307,0.22976900426532307,15.0,True,semi_arid_transition,ok
deep_gravity_source_proximity,-0.1011132912537005,0.1011132912537005,21.0,True,semi_arid_transition,ok
deep_gravity_source_strength,0.0,0.0,25.0,False,semi_arid_transition,ok
deep_regional_gravity_anomaly,0.0,0.0,25.0,False,semi_arid_transition,ok
diurnal_temperature_range,-0.5084500981323546,0.5084500981323546,6.0,True,semi_arid_transition,ok
evapotranspiration_ratio,0.0,0.0,25.0,False,semi_arid_transition,ok
fault_density,-0.2391804892594702,0.2391804892594702,14.0,True,semi_arid_transition,ok
fault_proximity,0.0,0.0,25.0,False,semi_arid_transition,ok
felsic_intermediate_geology,0.0,0.0,25.0,False,semi_arid_transition,ok
gravity_gradient,-0.07509516506713934,0.07509516506713934,23.0,True,semi_arid_transition,ok
igneous_geology,0.0,0.0,25.0,False,semi_arid_transition,ok
intrusive_geology,0.290102418870454,0.290102418870454,13.0,True,semi_arid_transition,ok
mafic_geology,0.0,0.0,25.0,False,semi_arid_transition,ok
max_temperature,0.0,0.0,25.0,False,semi_arid_transition,ok
mean_temperature,0.0,0.0,25.0,False,semi_arid_transition,ok
metamorphic_geology,0.08844918426783667,0.08844918426783667,22.0,True,semi_arid_transition,ok
min_temperature,0.0,0.0,25.0,False,semi_arid_transition,ok
potential_evapotranspiration,0.0,0.0,25.0,False,semi_arid_transition,ok
precipitation,-0.8706827891576148,0.8706827891576148,2.0,True,semi_arid_transition,ok
regional_gravity_anomaly,0.0,0.0,25.0,False,semi_arid_transition,ok
runoff,0.0,0.0,25.0,False,semi_arid_transition,ok
sedimentary_geology,0.16348370636560966,0.16348370636560966,18.0,True,semi_arid_transition,ok
shallow_gravity_source_density,-0.05294849421221913,0.05294849421221913,24.0,True,semi_arid_transition,ok
shallow_gravity_source_proximity,0.11145448870451072,0.11145448870451072,20.0,True,semi_arid_transition,ok
shallow_gravity_source_strength,0.43625101501153374,0.43625101501153374,7.0,True,semi_arid_transition,ok
snow_influence,0.0,0.0,25.0,False,semi_arid_transition,ok
soil_moisture,0.0,0.0,25.0,False,semi_arid_transition,ok
solar_radiation,0.0,0.0,25.0,False,semi_arid_transition,ok
terrain_elevation,-0.295028602907537,0.295028602907537,11.0,True,semi_arid_transition,ok
terrain_relief,0.18988358854295717,0.18988358854295717,16.0,True,semi_arid_transition,ok
terrain_roughness,0.0,0.0,25.0,False,semi_arid_transition,ok
terrain_slope,0.0,0.0,25.0,False,semi_arid_transition,ok
unconsolidated_cover,-0.6524654636638199,0.6524654636638199,3.0,True,semi_arid_transition,ok
vapor_pressure,0.0,0.0,25.0,False,semi_arid_transition,ok
vapor_pressure_deficit,0.0,0.0,25.0,False,semi_arid_transition,ok
water_balance,0.0,0.0,25.0,False,semi_arid_transition,ok
water_deficit,0.2941297733180208,0.2941297733180208,12.0,True,semi_arid_transition,ok
wind_speed,0.34155025541827083,0.34155025541827083,9.0,True,semi_arid_transition,ok
Ag_anomaly,0.0,0.0,10.0,False,snow_influenced_mountain,ok
As_Sb_Bi_pathfinder,0.0,0.0,10.0,False,snow_influenced_mountain,ok
Au_anomaly,0.0,0.0,10.0,False,snow_influenced_mountain,ok
Cu_anomaly,0.08387494425009855,0.08387494425009855,9.0,True,snow_influenced_mountain,ok
Mo_anomaly,0.0,0.0,10.0,False,snow_influenced_mountain,ok
Pb_Zn_background,0.22654536665536998,0.22654536665536998,4.0,True,snow_influenced_mountain,ok
W_Re_pathfinder,0.0,0.0,10.0,False,snow_influenced_mountain,ok
actual_evapotranspiration,0.0,0.0,10.0,False,snow_influenced_mountain,ok
aridity,0.0,0.0,10.0,False,snow_influenced_mountain,ok
carbonate_geology,-0.29721709590803186,0.29721709590803186,2.0,True,snow_influenced_mountain,ok
deep_gravity_gradient,0.0,0.0,10.0,False,snow_influenced_mountain,ok
deep_gravity_source_density,0.0,0.0,10.0,False,snow_influenced_mountain,ok
deep_gravity_source_proximity,0.0,0.0,10.0,False,snow_influenced_mountain,ok
deep_gravity_source_strength,0.23239976646095975,0.23239976646095975,3.0,True,snow_influenced_mountain,ok
deep_regional_gravity_anomaly,0.0,0.0,10.0,False,snow_influenced_mountain,ok
diurnal_temperature_range,0.0,0.0,10.0,False,snow_influenced_mountain,ok
evapotranspiration_ratio,0.0,0.0,10.0,False,snow_influenced_mountain,ok
fault_density,-0.08860381251196078,0.08860381251196078,8.0,True,snow_influenced_mountain,ok
fault_proximity,0.0,0.0,10.0,False,snow_influenced_mountain,ok
felsic_intermediate_geology,0.0,0.0,10.0,False,snow_influenced_mountain,ok
gravity_gradient,0.0,0.0,10.0,False,snow_influenced_mountain,ok
igneous_geology,0.0,0.0,10.0,False,snow_influenced_mountain,ok
intrusive_geology,0.1497684414296881,0.1497684414296881,7.0,True,snow_influenced_mountain,ok
mafic_geology,0.0,0.0,10.0,False,snow_influenced_mountain,ok
max_temperature,0.0,0.0,10.0,False,snow_influenced_mountain,ok
mean_temperature,0.0,0.0,10.0,False,snow_influenced_mountain,ok
metamorphic_geology,0.0,0.0,10.0,False,snow_influenced_mountain,ok
min_temperature,0.0,0.0,10.0,False,snow_influenced_mountain,ok
potential_evapotranspiration,0.0,0.0,10.0,False,snow_influenced_mountain,ok
precipitation,0.0,0.0,10.0,False,snow_influenced_mountain,ok
regional_gravity_anomaly,0.0,0.0,10.0,False,snow_influenced_mountain,ok
runoff,0.0,0.0,10.0,False,snow_influenced_mountain,ok
sedimentary_geology,0.0,0.0,10.0,False,snow_influenced_mountain,ok
shallow_gravity_source_density,0.0,0.0,10.0,False,snow_influenced_mountain,ok
shallow_gravity_source_proximity,-0.15342642051461072,0.15342642051461072,6.0,True,snow_influenced_mountain,ok
shallow_gravity_source_strength,0.3561310776028421,0.3561310776028421,1.0,True,snow_influenced_mountain,ok
snow_influence,0.0,0.0,10.0,False,snow_influenced_mountain,ok
soil_moisture,0.0,0.0,10.0,False,snow_influenced_mountain,ok
solar_radiation,0.0,0.0,10.0,False,snow_influenced_mountain,ok
terrain_elevation,0.0,0.0,10.0,False,snow_influenced_mountain,ok
terrain_relief,0.2001279611254182,0.2001279611254182,5.0,True,snow_influenced_mountain,ok
terrain_roughness,0.0,0.0,10.0,False,snow_influenced_mountain,ok
terrain_slope,0.0,0.0,10.0,False,snow_influenced_mountain,ok
unconsolidated_cover,0.0,0.0,10.0,False,snow_influenced_mountain,ok
vapor_pressure,0.0,0.0,10.0,False,snow_influenced_mountain,ok
vapor_pressure_deficit,0.0,0.0,10.0,False,snow_influenced_mountain,ok
water_balance,0.0,0.0,10.0,False,snow_influenced_mountain,ok
water_deficit,0.0,0.0,10.0,False,snow_influenced_mountain,ok
wind_speed,0.0,0.0,10.0,False,snow_influenced_mountain,ok
Ag_anomaly,,,,False,subhumid_humid_mountain,too_few_positive_or_negative_samples
As_Sb_Bi_pathfinder,,,,False,subhumid_humid_mountain,too_few_positive_or_negative_samples
Au_anomaly,,,,False,subhumid_humid_mountain,too_few_positive_or_negative_samples
Cu_anomaly,,,,False,subhumid_humid_mountain,too_few_positive_or_negative_samples
Mo_anomaly,,,,False,subhumid_humid_mountain,too_few_positive_or_negative_samples
Pb_Zn_background,,,,False,subhumid_humid_mountain,too_few_positive_or_negative_samples
W_Re_pathfinder,,,,False,subhumid_humid_mountain,too_few_positive_or_negative_samples
actual_evapotranspiration,,,,False,subhumid_humid_mountain,too_few_positive_or_negative_samples
aridity,,,,False,subhumid_humid_mountain,too_few_positive_or_negative_samples
carbonate_geology,,,,False,subhumid_humid_mountain,too_few_positive_or_negative_samples
deep_gravity_gradient,,,,False,subhumid_humid_mountain,too_few_positive_or_negative_samples
deep_gravity_source_density,,,,False,subhumid_humid_mountain,too_few_positive_or_negative_samples
deep_gravity_source_proximity,,,,False,subhumid_humid_mountain,too_few_positive_or_negative_samples
deep_gravity_source_strength,,,,False,subhumid_humid_mountain,too_few_positive_or_negative_samples
deep_regional_gravity_anomaly,,,,False,subhumid_humid_mountain,too_few_positive_or_negative_samples
diurnal_temperature_range,,,,False,subhumid_humid_mountain,too_few_positive_or_negative_samples
evapotranspiration_ratio,,,,False,subhumid_humid_mountain,too_few_positive_or_negative_samples
fault_density,,,,False,subhumid_humid_mountain,too_few_positive_or_negative_samples
fault_proximity,,,,False,subhumid_humid_mountain,too_few_positive_or_negative_samples
felsic_intermediate_geology,,,,False,subhumid_humid_mountain,too_few_positive_or_negative_samples
gravity_gradient,,,,False,subhumid_humid_mountain,too_few_positive_or_negative_samples
igneous_geology,,,,False,subhumid_humid_mountain,too_few_positive_or_negative_samples
intrusive_geology,,,,False,subhumid_humid_mountain,too_few_positive_or_negative_samples
mafic_geology,,,,False,subhumid_humid_mountain,too_few_positive_or_negative_samples
max_temperature,,,,False,subhumid_humid_mountain,too_few_positive_or_negative_samples
mean_temperature,,,,False,subhumid_humid_mountain,too_few_positive_or_negative_samples
metamorphic_geology,,,,False,subhumid_humid_mountain,too_few_positive_or_negative_samples
min_temperature,,,,False,subhumid_humid_mountain,too_few_positive_or_negative_samples
potential_evapotranspiration,,,,False,subhumid_humid_mountain,too_few_positive_or_negative_samples
precipitation,,,,False,subhumid_humid_mountain,too_few_positive_or_negative_samples
regional_gravity_anomaly,,,,False,subhumid_humid_mountain,too_few_positive_or_negative_samples
runoff,,,,False,subhumid_humid_mountain,too_few_positive_or_negative_samples
sedimentary_geology,,,,False,subhumid_humid_mountain,too_few_positive_or_negative_samples
shallow_gravity_source_density,,,,False,subhumid_humid_mountain,too_few_positive_or_negative_samples
shallow_gravity_source_proximity,,,,False,subhumid_humid_mountain,too_few_positive_or_negative_samples
shallow_gravity_source_strength,,,,False,subhumid_humid_mountain,too_few_positive_or_negative_samples
snow_influence,,,,False,subhumid_humid_mountain,too_few_positive_or_negative_samples
soil_moisture,,,,False,subhumid_humid_mountain,too_few_positive_or_negative_samples
solar_radiation,,,,False,subhumid_humid_mountain,too_few_positive_or_negative_samples
terrain_elevation,,,,False,subhumid_humid_mountain,too_few_positive_or_negative_samples
terrain_relief,,,,False,subhumid_humid_mountain,too_few_positive_or_negative_samples
terrain_roughness,,,,False,subhumid_humid_mountain,too_few_positive_or_negative_samples
terrain_slope,,,,False,subhumid_humid_mountain,too_few_positive_or_negative_samples
unconsolidated_cover,,,,False,subhumid_humid_mountain,too_few_positive_or_negative_samples
vapor_pressure,,,,False,subhumid_humid_mountain,too_few_positive_or_negative_samples
vapor_pressure_deficit,,,,False,subhumid_humid_mountain,too_few_positive_or_negative_samples
water_balance,,,,False,subhumid_humid_mountain,too_few_positive_or_negative_samples
water_deficit,,,,False,subhumid_humid_mountain,too_few_positive_or_negative_samples
wind_speed,,,,False,subhumid_humid_mountain,too_few_positive_or_negative_samples
