source,relation,target,edge_class,evidence_type,environments,stable_edge_score,mean_edge_weight,confidence,note
solar_radiation,associated_with,terrain_elevation,undirected_cross_environment_association,cross_environment_causal_graph_comparison,arid_basin_or_range;semi_arid_transition;snow_influenced_mountain,1.0,0.7386556635439381,context,跨环境重复出现的无向统计关联，需要结合领域知识再解释方向。
terrain_elevation,associated_with,water_deficit,undirected_cross_environment_association,cross_environment_causal_graph_comparison,arid_basin_or_range;semi_arid_transition;snow_influenced_mountain,1.0,0.6967908622806274,context,跨环境重复出现的无向统计关联，需要结合领域知识再解释方向。
solar_radiation,covaries_with,water_deficit,within_variable_family_edge,cross_environment_causal_graph_comparison,arid_basin_or_range;semi_arid_transition;snow_influenced_mountain,1.0,0.7576453528749375,context,同类变量之间的稳定关联，主要用于理解变量簇结构，不直接解释为成矿因果。
shallow_gravity_source_strength,covaries_with,gravity_gradient,within_variable_family_edge,cross_environment_causal_graph_comparison,arid_basin_or_range;semi_arid_transition;snow_influenced_mountain,1.0,0.6598535878963411,context,同类变量之间的稳定关联，主要用于理解变量簇结构，不直接解释为成矿因果。
deep_gravity_source_density,covaries_with,deep_gravity_source_proximity,within_variable_family_edge,cross_environment_causal_graph_comparison,arid_basin_or_range;semi_arid_transition;snow_influenced_mountain,1.0,0.6595494578440294,context,同类变量之间的稳定关联，主要用于理解变量簇结构，不直接解释为成矿因果。
aridity,covaries_with,water_deficit,within_variable_family_edge,cross_environment_causal_graph_comparison,arid_basin_or_range;semi_arid_transition;snow_influenced_mountain,1.0,0.6487462029296598,context,同类变量之间的稳定关联，主要用于理解变量簇结构，不直接解释为成矿因果。
runoff,covaries_with,precipitation,within_variable_family_edge,cross_environment_causal_graph_comparison,arid_basin_or_range;semi_arid_transition;snow_influenced_mountain,1.0,0.5327106223564898,context,同类变量之间的稳定关联，主要用于理解变量簇结构，不直接解释为成矿因果。
actual_evapotranspiration,covaries_with,aridity,within_variable_family_edge,cross_environment_causal_graph_comparison,arid_basin_or_range;semi_arid_transition;snow_influenced_mountain,1.0,0.49716626122716995,context,同类变量之间的稳定关联，主要用于理解变量簇结构，不直接解释为成矿因果。
fault_density,covaries_with,fault_proximity,within_variable_family_edge,cross_environment_causal_graph_comparison,arid_basin_or_range;semi_arid_transition;snow_influenced_mountain,1.0,0.45555771479927626,context,同类变量之间的稳定关联，主要用于理解变量簇结构，不直接解释为成矿因果。
actual_evapotranspiration,covaries_with,water_deficit,within_variable_family_edge,cross_environment_causal_graph_comparison,arid_basin_or_range;semi_arid_transition;snow_influenced_mountain,1.0,0.449818647884426,context,同类变量之间的稳定关联，主要用于理解变量簇结构，不直接解释为成矿因果。
soil_moisture,covaries_with,wind_speed,within_variable_family_edge,cross_environment_causal_graph_comparison,arid_basin_or_range;semi_arid_transition;snow_influenced_mountain,1.0,0.35213886675297396,context,同类变量之间的稳定关联，主要用于理解变量簇结构，不直接解释为成矿因果。
shallow_gravity_source_strength,mostly_stable_signal_for,Y_label,mostly_stable_direct_signal_edge,cross_environment_causal_graph_comparison,semi_arid_transition;snow_influenced_mountain,0.6666666666666666,0.4451713245977489,medium,在两个以上主要环境中指向 Y_label，可作为较稳定的直接候选信号。
Cu_anomaly,mostly_stable_signal_for,Y_label,mostly_stable_direct_signal_edge,cross_environment_causal_graph_comparison,arid_basin_or_range;semi_arid_transition,0.6666666666666666,0.3313421059685394,medium,在两个以上主要环境中指向 Y_label，可作为较稳定的直接候选信号。
terrain_elevation,mostly_stable_signal_for,Y_label,mostly_stable_direct_signal_edge,cross_environment_causal_graph_comparison,arid_basin_or_range;semi_arid_transition,0.6666666666666666,0.27702826986631524,medium,在两个以上主要环境中指向 Y_label，可作为较稳定的直接候选信号。
terrain_elevation,associated_with,wind_speed,undirected_cross_environment_association,cross_environment_causal_graph_comparison,arid_basin_or_range;semi_arid_transition,0.6666666666666666,0.6836752872269125,context,跨环境重复出现的无向统计关联，需要结合领域知识再解释方向。
deep_gravity_gradient,associated_with,precipitation,undirected_cross_environment_association,cross_environment_causal_graph_comparison,arid_basin_or_range;semi_arid_transition,0.6666666666666666,0.3446528326818,context,跨环境重复出现的无向统计关联，需要结合领域知识再解释方向。
terrain_relief,associated_with,diurnal_temperature_range,undirected_cross_environment_association,cross_environment_causal_graph_comparison,arid_basin_or_range;semi_arid_transition,0.6666666666666666,0.3308297072546275,context,跨环境重复出现的无向统计关联，需要结合领域知识再解释方向。
terrain_relief,covaries_with,terrain_roughness,within_variable_family_edge,cross_environment_causal_graph_comparison,arid_basin_or_range;semi_arid_transition,0.6666666666666666,0.7138817575514034,context,同类变量之间的稳定关联，主要用于理解变量簇结构，不直接解释为成矿因果。
aridity,covaries_with,precipitation,within_variable_family_edge,cross_environment_causal_graph_comparison,arid_basin_or_range;snow_influenced_mountain,0.6666666666666666,0.5240753558939782,context,同类变量之间的稳定关联，主要用于理解变量簇结构，不直接解释为成矿因果。
Mo_anomaly,covaries_with,W_Re_pathfinder,within_variable_family_edge,cross_environment_causal_graph_comparison,semi_arid_transition;snow_influenced_mountain,0.6666666666666666,0.5236869884176877,context,同类变量之间的稳定关联，主要用于理解变量簇结构，不直接解释为成矿因果。
wind_speed,covaries_with,water_deficit,within_variable_family_edge,cross_environment_causal_graph_comparison,arid_basin_or_range;semi_arid_transition,0.6666666666666666,0.5117919255745672,context,同类变量之间的稳定关联，主要用于理解变量簇结构，不直接解释为成矿因果。
aridity,covaries_with,runoff,within_variable_family_edge,cross_environment_causal_graph_comparison,semi_arid_transition;snow_influenced_mountain,0.6666666666666666,0.4951318562716085,context,同类变量之间的稳定关联，主要用于理解变量簇结构，不直接解释为成矿因果。
actual_evapotranspiration,covaries_with,precipitation,within_variable_family_edge,cross_environment_causal_graph_comparison,arid_basin_or_range;semi_arid_transition,0.6666666666666666,0.4840430490165338,context,同类变量之间的稳定关联，主要用于理解变量簇结构，不直接解释为成矿因果。
gravity_gradient,covaries_with,shallow_gravity_source_proximity,within_variable_family_edge,cross_environment_causal_graph_comparison,arid_basin_or_range;semi_arid_transition,0.6666666666666666,0.4779435005285615,context,同类变量之间的稳定关联，主要用于理解变量簇结构，不直接解释为成矿因果。
solar_radiation,covaries_with,wind_speed,within_variable_family_edge,cross_environment_causal_graph_comparison,arid_basin_or_range;semi_arid_transition,0.6666666666666666,0.4770662030727951,context,同类变量之间的稳定关联，主要用于理解变量簇结构，不直接解释为成矿因果。
wind_speed,covaries_with,precipitation,within_variable_family_edge,cross_environment_causal_graph_comparison,arid_basin_or_range;semi_arid_transition,0.6666666666666666,0.4125732510534324,context,同类变量之间的稳定关联，主要用于理解变量簇结构，不直接解释为成矿因果。
soil_moisture,covaries_with,precipitation,within_variable_family_edge,cross_environment_causal_graph_comparison,semi_arid_transition;snow_influenced_mountain,0.6666666666666666,0.3936149179308325,context,同类变量之间的稳定关联，主要用于理解变量簇结构，不直接解释为成矿因果。
Ag_anomaly,covaries_with,Au_anomaly,within_variable_family_edge,cross_environment_causal_graph_comparison,arid_basin_or_range;snow_influenced_mountain,0.6666666666666666,0.36800731042093676,context,同类变量之间的稳定关联，主要用于理解变量簇结构，不直接解释为成矿因果。
actual_evapotranspiration,covaries_with,wind_speed,within_variable_family_edge,cross_environment_causal_graph_comparison,arid_basin_or_range;snow_influenced_mountain,0.6666666666666666,0.355281243290335,context,同类变量之间的稳定关联，主要用于理解变量簇结构，不直接解释为成矿因果。
shallow_gravity_source_strength,covaries_with,shallow_gravity_source_proximity,within_variable_family_edge,cross_environment_causal_graph_comparison,arid_basin_or_range;semi_arid_transition,0.6666666666666666,0.3535451855282288,context,同类变量之间的稳定关联，主要用于理解变量簇结构，不直接解释为成矿因果。
Cu_anomaly,covaries_with,Pb_Zn_background,within_variable_family_edge,cross_environment_causal_graph_comparison,arid_basin_or_range;semi_arid_transition,0.6666666666666666,0.34847129073553623,context,同类变量之间的稳定关联，主要用于理解变量簇结构，不直接解释为成矿因果。
W_Re_pathfinder,covaries_with,As_Sb_Bi_pathfinder,within_variable_family_edge,cross_environment_causal_graph_comparison,arid_basin_or_range;semi_arid_transition,0.6666666666666666,0.3092018920415246,context,同类变量之间的稳定关联，主要用于理解变量簇结构，不直接解释为成矿因果。
