concept_feature,concept_group,best_climate_concept_spearman,spearman_abs_max,n_pair_at_best,is_climate_sensitive
concept_terrain_elevation,terrain,concept_vapor_pressure,0.8737649820108393,1265,True
concept_regional_gravity_anomaly,geophysics,concept_vapor_pressure,0.7985684279149098,1331,True
concept_deep_regional_gravity_anomaly,geophysics,concept_vapor_pressure,0.7888804140141262,1331,True
concept_terrain_relief,terrain,concept_soil_moisture,0.5459187648026828,1265,True
concept_unconsolidated_cover,geology,concept_aridity,0.4613153077541062,1331,True
concept_terrain_roughness,terrain,concept_soil_moisture,0.41698286469089313,1265,True
concept_terrain_slope,terrain,concept_soil_moisture,0.4085898152172684,1265,True
concept_shallow_gravity_source_density,geophysics,concept_evapotranspiration_ratio,0.38941024065290547,1331,True
concept_deep_gravity_source_strength,geophysics,concept_precipitation,0.37882965632260596,1331,True
concept_deep_gravity_gradient,geophysics,concept_precipitation,0.37754289316382256,1331,True
concept_Ag_anomaly,geochemistry,concept_vapor_pressure,0.2848215201010695,1331,False
concept_igneous_geology,geology,concept_soil_moisture,0.2848024335317893,1331,False
concept_fault_density,structure,concept_soil_moisture,0.28300536643950797,1331,False
concept_fault_proximity,structure,concept_soil_moisture,0.2673270879960084,1331,False
concept_shallow_gravity_source_strength,geophysics,concept_actual_evapotranspiration,0.22237165708361697,1331,False
concept_sedimentary_geology,geology,concept_evapotranspiration_ratio,0.22056650019683743,1331,False
concept_Au_anomaly,geochemistry,concept_precipitation,0.21323636139331018,1329,False
concept_As_Sb_Bi_pathfinder,geochemistry,concept_vapor_pressure,0.20953668545654408,1331,False
concept_W_Re_pathfinder,geochemistry,concept_vapor_pressure,0.19437939355538142,1331,False
concept_carbonate_geology,geology,concept_wind_speed,0.17313265940952532,1331,False
concept_intrusive_geology,geology,concept_soil_moisture,0.1717559315631096,1331,False
concept_Cu_anomaly,geochemistry,concept_solar_radiation,0.1633746851061307,1331,False
concept_metamorphic_geology,geology,concept_mean_temperature,0.15207368256117226,1331,False
concept_Mo_anomaly,geochemistry,concept_vapor_pressure,0.14817690533942712,1331,False
concept_mafic_geology,geology,concept_actual_evapotranspiration,0.1349995664211246,1331,False
concept_felsic_intermediate_geology,geology,concept_soil_moisture,0.1349160576333691,1331,False
concept_Pb_Zn_background,geochemistry,concept_solar_radiation,0.129446988672741,1331,False
concept_gravity_gradient,geophysics,concept_diurnal_temperature_range,0.0870670133270546,1331,False
concept_deep_gravity_source_density,geophysics,concept_actual_evapotranspiration,0.08246980745441637,1331,False
concept_deep_gravity_source_proximity,geophysics,concept_actual_evapotranspiration,0.07984692016334653,1331,False
concept_shallow_gravity_source_proximity,geophysics,concept_actual_evapotranspiration,0.06759151775767439,1331,False
