protocol,metric,baseline_value,candidate_value,candidate_minus_baseline,cluster_count,row_count
state_grouped_oof,roc_auc,0.9454654702771993,0.9561768947284088,0.010711424451209539,11,1738
state_grouped_oof,average_precision,0.6758180063373332,0.7473060971196848,0.07148809078235152,11,1738
state_grouped_oof,f1,0.6602564102564102,0.671280276816609,0.011023866560198714,11,1738
state_grouped_oof,top05_f1,0.5387755102040817,0.5795918367346939,0.04081632653061229,11,1738
state_grouped_oof,top05_ndcg,0.7872604314396807,0.8479384046445212,0.060677973204840474,11,1738
state_grouped_oof,top10_f1,0.6626506024096386,0.6686746987951807,0.0060240963855421326,11,1738
state_grouped_oof,top10_ndcg,0.7274977207802849,0.7483721090323441,0.02087438825205923,11,1738
spatial_2deg_oof,roc_auc,0.9516583880788334,0.9618049991988463,0.010146611120012916,90,1738
spatial_2deg_oof,average_precision,0.7906431503003852,0.8122266543316278,0.02158350403124254,90,1738
spatial_2deg_oof,f1,0.72,0.759581881533101,0.03958188153310105,90,1738
spatial_2deg_oof,top05_f1,0.6367346938775511,0.6448979591836734,0.008163265306122325,90,1738
spatial_2deg_oof,top05_ndcg,0.916514459052759,0.9205307863286691,0.00401632727591017,90,1738
spatial_2deg_oof,top10_f1,0.7409638554216867,0.753012048192771,0.012048192771084265,90,1738
spatial_2deg_oof,top10_ndcg,0.8159835141637485,0.8257604358640713,0.00977692170032285,90,1738
spatial_3deg_oof,roc_auc,0.9551273834321422,0.9554037814452812,0.0002763980131389454,46,1738
spatial_3deg_oof,average_precision,0.737731292438211,0.7514275697340704,0.013696277295859427,46,1738
spatial_3deg_oof,f1,0.6855345911949685,0.7111111111111111,0.025576519916142626,46,1738
spatial_3deg_oof,top05_f1,0.5551020408163265,0.5959183673469388,0.04081632653061229,46,1738
spatial_3deg_oof,top05_ndcg,0.8206209922138649,0.8644252566334851,0.043804264419620265,46,1738
spatial_3deg_oof,top10_f1,0.7048192771084337,0.6927710843373495,-0.012048192771084265,46,1738
spatial_3deg_oof,top10_ndcg,0.7724778314329422,0.7679555752376416,-0.004522256195300667,46,1738
