dataset,experiment,cv,fold,test_group,model,n_features,n_train,n_test,positive_test,negative_test,roc_auc,average_precision,balanced_accuracy,precision,recall,f1,tn,fp,fn,tp,top01_precision,top01_recall,top01_f1,top01_lift,top01_ndcg,top05_precision,top05_recall,top05_f1,top05_lift,top05_ndcg,top10_precision,top10_recall,top10_f1,top10_lift,top10_ndcg,top20_precision,top20_recall,top20_f1,top20_lift,top20_ndcg,buffer_km,n_train_removed
known_mining_neutral_ratio_1_10,full_feature_graph_guided_m4,state_groupkfold_buffered,1,Arizona,NoClimate_XGB,385,1100,638,58,580,0.9684304399524376,0.7274608227721706,0.8155172413793104,0.7307692307692307,0.6551724137931034,0.6909090909090909,566,14,20,38,0.7142857142857143,0.08620689655172414,0.15384615384615388,7.857142857142857,0.7837042816946693,0.75,0.41379310344827586,0.5333333333333333,8.25,0.779999436821883,0.703125,0.7758620689655172,0.7377049180327868,7.734375,0.7859427274022304,0.4375,0.9655172413793104,0.6021505376344085,4.8125,0.9054540875343834,0.0,0
known_mining_neutral_ratio_1_10,full_feature_graph_guided_m4,state_groupkfold_buffered,1,Arizona,M4_Spearman_XGB,385,1100,638,58,580,0.9779131985731272,0.8398451706661393,0.7637931034482759,0.8857142857142857,0.5344827586206896,0.6666666666666666,576,4,27,31,0.8571428571428571,0.10344827586206896,0.1846153846153846,9.428571428571427,0.9083745556952364,0.90625,0.5,0.6444444444444445,9.96875,0.9201424380648029,0.75,0.8275862068965517,0.7868852459016394,8.25,0.8559599507172324,0.4296875,0.9482758620689655,0.5913978494623656,4.7265625,0.9336916945159635,0.0,0
known_mining_neutral_ratio_1_10,full_feature_graph_guided_m4,state_groupkfold_buffered,2,Washington,NoClimate_XGB,385,1331,407,37,370,0.9330898466033601,0.7058040395076951,0.7121621621621621,0.8421052631578947,0.43243243243243246,0.5714285714285714,367,3,21,16,1.0,0.13513513513513514,0.2380952380952381,11.0,1.0,0.8095238095238095,0.4594594594594595,0.5862068965517242,8.904761904761905,0.8626512516038791,0.6097560975609756,0.6756756756756757,0.6410256410256411,6.7073170731707314,0.7508742319934619,0.35365853658536583,0.7837837837837838,0.48739495798319327,3.8902439024390243,0.8127341802244553,0.0,0
known_mining_neutral_ratio_1_10,full_feature_graph_guided_m4,state_groupkfold_buffered,2,Washington,M4_Spearman_XGB,385,1331,407,37,370,0.9626004382761141,0.8454727706237108,0.768918918918919,0.9523809523809523,0.5405405405405406,0.6896551724137931,369,1,17,20,1.0,0.13513513513513514,0.2380952380952381,11.0,1.0,0.9523809523809523,0.5405405405405406,0.6896551724137931,10.476190476190474,0.9691316061072882,0.7073170731707317,0.7837837837837838,0.7435897435897435,7.780487804878049,0.8423635186398144,0.4146341463414634,0.918918918918919,0.5714285714285714,4.560975609756097,0.9247746324458658,0.0,0
known_mining_neutral_ratio_1_10,full_feature_graph_guided_m4,state_groupkfold_buffered,3,Nevada,NoClimate_XGB,385,1430,308,28,280,0.9415816326530613,0.7234917089454681,0.8214285714285714,0.6551724137931034,0.6785714285714286,0.6666666666666666,270,10,9,19,1.0,0.14285714285714285,0.25,11.0,1.0,0.75,0.42857142857142855,0.5454545454545454,8.25,0.8047834560902084,0.6129032258064516,0.6785714285714286,0.6440677966101694,6.741935483870968,0.7393099545695472,0.41935483870967744,0.9285714285714286,0.5777777777777778,4.612903225806452,0.8882254426810589,0.0,0
known_mining_neutral_ratio_1_10,full_feature_graph_guided_m4,state_groupkfold_buffered,3,Nevada,M4_Spearman_XGB,385,1430,308,28,280,0.9401785714285714,0.7298788948715137,0.8035714285714286,0.6428571428571429,0.6428571428571429,0.6428571428571429,270,10,10,18,1.0,0.14285714285714285,0.25,11.0,1.0,0.8125,0.4642857142857143,0.5909090909090908,8.9375,0.8546574539234342,0.6129032258064516,0.6785714285714286,0.6440677966101694,6.741935483870968,0.7456289988172768,0.41935483870967744,0.9285714285714286,0.5777777777777778,4.612903225806452,0.8913582354580029,0.0,0
known_mining_neutral_ratio_1_10,full_feature_graph_guided_m4,state_groupkfold_buffered,4,California;Colorado;New Mexico;Oregon,NoClimate_XGB,385,1540,198,18,180,0.895679012345679,0.5564243290618842,0.8166666666666667,0.4482758620689655,0.7222222222222222,0.5531914893617021,164,16,5,13,1.0,0.1111111111111111,0.19999999999999998,11.0,1.0,0.6,0.3333333333333333,0.42857142857142855,6.6,0.6804503724350792,0.55,0.6111111111111112,0.5789473684210527,6.050000000000001,0.6580758640018008,0.325,0.7222222222222222,0.44827586206896547,3.575,0.7232734006812405,0.0,0
known_mining_neutral_ratio_1_10,full_feature_graph_guided_m4,state_groupkfold_buffered,4,California;Colorado;New Mexico;Oregon,M4_Spearman_XGB,385,1540,198,18,180,0.921604938271605,0.7458584351317044,0.8416666666666667,0.65,0.7222222222222222,0.6842105263157895,173,7,5,13,1.0,0.1111111111111111,0.19999999999999998,11.0,1.0,0.9,0.5,0.6428571428571429,9.9,0.9363792118010483,0.65,0.7222222222222222,0.6842105263157895,7.15,0.7996578351164114,0.325,0.7222222222222222,0.44827586206896547,3.575,0.7996578351164115,0.0,0
known_mining_neutral_ratio_1_10,full_feature_graph_guided_m4,state_groupkfold_buffered,5,Idaho;Montana;Utah;Wyoming,NoClimate_XGB,385,1551,187,17,170,0.985121107266436,0.7917145762733998,0.9764705882352941,0.68,1.0,0.8095238095238095,162,8,0,17,0.5,0.058823529411764705,0.10526315789473684,5.5,0.6131471927654584,0.8,0.47058823529411764,0.5925925925925927,8.8,0.7877736340270853,0.7368421052631579,0.8235294117647058,0.7777777777777778,8.105263157894736,0.8047680913872917,0.4473684210526316,1.0,0.6181818181818182,4.921052631578947,0.9108189652096409,0.0,0
known_mining_neutral_ratio_1_10,full_feature_graph_guided_m4,state_groupkfold_buffered,5,Idaho;Montana;Utah;Wyoming,M4_Spearman_XGB,385,1551,187,17,170,0.9705882352941176,0.7731366019601313,0.9058823529411765,0.5555555555555556,0.8823529411764706,0.6818181818181818,158,12,2,15,1.0,0.11764705882352941,0.21052631578947367,11.0,1.0,0.8,0.47058823529411764,0.5925925925925927,8.8,0.8389574121760603,0.631578947368421,0.7058823529411765,0.6666666666666667,6.947368421052631,0.7689547386652877,0.4473684210526316,1.0,0.6181818181818182,4.921052631578947,0.9302862647681132,0.0,0
known_mining_neutral_ratio_1_10,full_feature_graph_guided_m4,state_groupkfold_buffered,1,Arizona,NoClimate_XGB,385,1100,638,58,580,0.9684304399524376,0.7274608227721706,0.8155172413793104,0.7307692307692307,0.6551724137931034,0.6909090909090909,566,14,20,38,0.7142857142857143,0.08620689655172414,0.15384615384615388,7.857142857142857,0.7837042816946693,0.75,0.41379310344827586,0.5333333333333333,8.25,0.779999436821883,0.703125,0.7758620689655172,0.7377049180327868,7.734375,0.7859427274022304,0.4375,0.9655172413793104,0.6021505376344085,4.8125,0.9054540875343834,10.0,0
known_mining_neutral_ratio_1_10,full_feature_graph_guided_m4,state_groupkfold_buffered,1,Arizona,M4_Spearman_XGB,385,1100,638,58,580,0.9779131985731272,0.8398451706661393,0.7637931034482759,0.8857142857142857,0.5344827586206896,0.6666666666666666,576,4,27,31,0.8571428571428571,0.10344827586206896,0.1846153846153846,9.428571428571427,0.9083745556952364,0.90625,0.5,0.6444444444444445,9.96875,0.9201424380648029,0.75,0.8275862068965517,0.7868852459016394,8.25,0.8559599507172324,0.4296875,0.9482758620689655,0.5913978494623656,4.7265625,0.9336916945159635,10.0,0
known_mining_neutral_ratio_1_10,full_feature_graph_guided_m4,state_groupkfold_buffered,2,Washington,NoClimate_XGB,385,1331,407,37,370,0.9330898466033601,0.7058040395076951,0.7121621621621621,0.8421052631578947,0.43243243243243246,0.5714285714285714,367,3,21,16,1.0,0.13513513513513514,0.2380952380952381,11.0,1.0,0.8095238095238095,0.4594594594594595,0.5862068965517242,8.904761904761905,0.8626512516038791,0.6097560975609756,0.6756756756756757,0.6410256410256411,6.7073170731707314,0.7508742319934619,0.35365853658536583,0.7837837837837838,0.48739495798319327,3.8902439024390243,0.8127341802244553,10.0,0
known_mining_neutral_ratio_1_10,full_feature_graph_guided_m4,state_groupkfold_buffered,2,Washington,M4_Spearman_XGB,385,1331,407,37,370,0.9626004382761141,0.8454727706237108,0.768918918918919,0.9523809523809523,0.5405405405405406,0.6896551724137931,369,1,17,20,1.0,0.13513513513513514,0.2380952380952381,11.0,1.0,0.9523809523809523,0.5405405405405406,0.6896551724137931,10.476190476190474,0.9691316061072882,0.7073170731707317,0.7837837837837838,0.7435897435897435,7.780487804878049,0.8423635186398144,0.4146341463414634,0.918918918918919,0.5714285714285714,4.560975609756097,0.9247746324458658,10.0,0
known_mining_neutral_ratio_1_10,full_feature_graph_guided_m4,state_groupkfold_buffered,3,Nevada,NoClimate_XGB,385,1430,308,28,280,0.9415816326530613,0.7234917089454681,0.8214285714285714,0.6551724137931034,0.6785714285714286,0.6666666666666666,270,10,9,19,1.0,0.14285714285714285,0.25,11.0,1.0,0.75,0.42857142857142855,0.5454545454545454,8.25,0.8047834560902084,0.6129032258064516,0.6785714285714286,0.6440677966101694,6.741935483870968,0.7393099545695472,0.41935483870967744,0.9285714285714286,0.5777777777777778,4.612903225806452,0.8882254426810589,10.0,0
known_mining_neutral_ratio_1_10,full_feature_graph_guided_m4,state_groupkfold_buffered,3,Nevada,M4_Spearman_XGB,385,1430,308,28,280,0.9401785714285714,0.7298788948715137,0.8035714285714286,0.6428571428571429,0.6428571428571429,0.6428571428571429,270,10,10,18,1.0,0.14285714285714285,0.25,11.0,1.0,0.8125,0.4642857142857143,0.5909090909090908,8.9375,0.8546574539234342,0.6129032258064516,0.6785714285714286,0.6440677966101694,6.741935483870968,0.7456289988172768,0.41935483870967744,0.9285714285714286,0.5777777777777778,4.612903225806452,0.8913582354580029,10.0,0
known_mining_neutral_ratio_1_10,full_feature_graph_guided_m4,state_groupkfold_buffered,4,California;Colorado;New Mexico;Oregon,NoClimate_XGB,385,1540,198,18,180,0.895679012345679,0.5564243290618842,0.8166666666666667,0.4482758620689655,0.7222222222222222,0.5531914893617021,164,16,5,13,1.0,0.1111111111111111,0.19999999999999998,11.0,1.0,0.6,0.3333333333333333,0.42857142857142855,6.6,0.6804503724350792,0.55,0.6111111111111112,0.5789473684210527,6.050000000000001,0.6580758640018008,0.325,0.7222222222222222,0.44827586206896547,3.575,0.7232734006812405,10.0,0
known_mining_neutral_ratio_1_10,full_feature_graph_guided_m4,state_groupkfold_buffered,4,California;Colorado;New Mexico;Oregon,M4_Spearman_XGB,385,1540,198,18,180,0.921604938271605,0.7458584351317044,0.8416666666666667,0.65,0.7222222222222222,0.6842105263157895,173,7,5,13,1.0,0.1111111111111111,0.19999999999999998,11.0,1.0,0.9,0.5,0.6428571428571429,9.9,0.9363792118010483,0.65,0.7222222222222222,0.6842105263157895,7.15,0.7996578351164114,0.325,0.7222222222222222,0.44827586206896547,3.575,0.7996578351164115,10.0,0
known_mining_neutral_ratio_1_10,full_feature_graph_guided_m4,state_groupkfold_buffered,5,Idaho;Montana;Utah;Wyoming,NoClimate_XGB,385,1551,187,17,170,0.985121107266436,0.7917145762733998,0.9764705882352941,0.68,1.0,0.8095238095238095,162,8,0,17,0.5,0.058823529411764705,0.10526315789473684,5.5,0.6131471927654584,0.8,0.47058823529411764,0.5925925925925927,8.8,0.7877736340270853,0.7368421052631579,0.8235294117647058,0.7777777777777778,8.105263157894736,0.8047680913872917,0.4473684210526316,1.0,0.6181818181818182,4.921052631578947,0.9108189652096409,10.0,0
known_mining_neutral_ratio_1_10,full_feature_graph_guided_m4,state_groupkfold_buffered,5,Idaho;Montana;Utah;Wyoming,M4_Spearman_XGB,385,1551,187,17,170,0.9705882352941176,0.7731366019601313,0.9058823529411765,0.5555555555555556,0.8823529411764706,0.6818181818181818,158,12,2,15,1.0,0.11764705882352941,0.21052631578947367,11.0,1.0,0.8,0.47058823529411764,0.5925925925925927,8.8,0.8389574121760603,0.631578947368421,0.7058823529411765,0.6666666666666667,6.947368421052631,0.7689547386652877,0.4473684210526316,1.0,0.6181818181818182,4.921052631578947,0.9302862647681132,10.0,0
known_mining_neutral_ratio_1_10,full_feature_graph_guided_m4,state_groupkfold_buffered,1,Arizona,NoClimate_XGB,385,1099,638,58,580,0.9692627824019026,0.7319743748823895,0.8155172413793104,0.7307692307692307,0.6551724137931034,0.6909090909090909,566,14,20,38,0.8571428571428571,0.10344827586206896,0.1846153846153846,9.428571428571427,0.8816172070446371,0.75,0.41379310344827586,0.5333333333333333,8.25,0.7835444219167322,0.6875,0.7586206896551724,0.7213114754098361,7.5625,0.7761843396687196,0.4375,0.9655172413793104,0.6021505376344085,4.8125,0.9081912853061074,20.0,1
known_mining_neutral_ratio_1_10,full_feature_graph_guided_m4,state_groupkfold_buffered,1,Arizona,M4_Spearman_XGB,385,1099,638,58,580,0.9781510107015458,0.8433623897687693,0.7706896551724138,0.8421052631578947,0.5517241379310345,0.6666666666666666,574,6,26,32,1.0,0.1206896551724138,0.21538461538461542,11.0,1.0,0.90625,0.5,0.6444444444444445,9.96875,0.9208436402593994,0.78125,0.8620689655172413,0.8196721311475409,8.59375,0.8804919553210165,0.4375,0.9655172413793104,0.6021505376344085,4.8125,0.9448259591109971,20.0,1
known_mining_neutral_ratio_1_10,full_feature_graph_guided_m4,state_groupkfold_buffered,2,Washington,NoClimate_XGB,385,1329,407,37,370,0.9317019722425127,0.7070764734652005,0.7108108108108109,0.8,0.43243243243243246,0.5614035087719298,366,4,21,16,1.0,0.13513513513513514,0.2380952380952381,11.0,1.0,0.8095238095238095,0.4594594594594595,0.5862068965517242,8.904761904761905,0.8659115469778729,0.6097560975609756,0.6756756756756757,0.6410256410256411,6.7073170731707314,0.7513444149216744,0.35365853658536583,0.7837837837837838,0.48739495798319327,3.8902439024390243,0.8143742896915477,20.0,2
known_mining_neutral_ratio_1_10,full_feature_graph_guided_m4,state_groupkfold_buffered,2,Washington,M4_Spearman_XGB,385,1329,407,37,370,0.9547114682249818,0.851153827033651,0.7824324324324324,0.9545454545454546,0.5675675675675675,0.711864406779661,369,1,16,21,1.0,0.13513513513513514,0.2380952380952381,11.0,1.0,0.9523809523809523,0.5405405405405406,0.6896551724137931,10.476190476190474,0.9691316061072882,0.7073170731707317,0.7837837837837838,0.7435897435897435,7.780487804878049,0.8433964418773708,0.4146341463414634,0.918918918918919,0.5714285714285714,4.560975609756097,0.9271879220109629,20.0,2
known_mining_neutral_ratio_1_10,full_feature_graph_guided_m4,state_groupkfold_buffered,3,Nevada,NoClimate_XGB,385,1430,308,28,280,0.9415816326530613,0.7234917089454681,0.8214285714285714,0.6551724137931034,0.6785714285714286,0.6666666666666666,270,10,9,19,1.0,0.14285714285714285,0.25,11.0,1.0,0.75,0.42857142857142855,0.5454545454545454,8.25,0.8047834560902084,0.6129032258064516,0.6785714285714286,0.6440677966101694,6.741935483870968,0.7393099545695472,0.41935483870967744,0.9285714285714286,0.5777777777777778,4.612903225806452,0.8882254426810589,20.0,0
known_mining_neutral_ratio_1_10,full_feature_graph_guided_m4,state_groupkfold_buffered,3,Nevada,M4_Spearman_XGB,385,1430,308,28,280,0.9401785714285714,0.7298788948715137,0.8035714285714286,0.6428571428571429,0.6428571428571429,0.6428571428571429,270,10,10,18,1.0,0.14285714285714285,0.25,11.0,1.0,0.8125,0.4642857142857143,0.5909090909090908,8.9375,0.8546574539234342,0.6129032258064516,0.6785714285714286,0.6440677966101694,6.741935483870968,0.7456289988172768,0.41935483870967744,0.9285714285714286,0.5777777777777778,4.612903225806452,0.8913582354580029,20.0,0
known_mining_neutral_ratio_1_10,full_feature_graph_guided_m4,state_groupkfold_buffered,4,California;Colorado;New Mexico;Oregon,NoClimate_XGB,385,1538,198,18,180,0.9046296296296296,0.5815569572710022,0.7916666666666666,0.4444444444444444,0.6666666666666666,0.5333333333333333,165,15,6,12,1.0,0.1111111111111111,0.19999999999999998,11.0,1.0,0.6,0.3333333333333333,0.42857142857142855,6.6,0.6968404678259547,0.5,0.5555555555555556,0.5263157894736842,5.5,0.6367891519624231,0.325,0.7222222222222222,0.44827586206896547,3.575,0.735730593525571,20.0,2
known_mining_neutral_ratio_1_10,full_feature_graph_guided_m4,state_groupkfold_buffered,4,California;Colorado;New Mexico;Oregon,M4_Spearman_XGB,385,1538,198,18,180,0.9194444444444443,0.7080309671096031,0.8083333333333333,0.5714285714285714,0.6666666666666666,0.6153846153846154,171,9,6,12,1.0,0.1111111111111111,0.19999999999999998,11.0,1.0,0.8,0.4444444444444444,0.5714285714285714,8.8,0.8643145546088339,0.6,0.6666666666666666,0.631578947368421,6.6,0.753767331080632,0.325,0.7222222222222222,0.44827586206896547,3.575,0.7864874470548923,20.0,2
known_mining_neutral_ratio_1_10,full_feature_graph_guided_m4,state_groupkfold_buffered,5,Idaho;Montana;Utah;Wyoming,NoClimate_XGB,385,1549,187,17,170,0.9826989619377163,0.8080146387018107,0.9735294117647059,0.6538461538461539,1.0,0.7906976744186046,161,9,0,17,1.0,0.11764705882352941,0.21052631578947367,11.0,1.0,0.8,0.47058823529411764,0.5925925925925927,8.8,0.8357804136936722,0.7368421052631579,0.8235294117647058,0.7777777777777778,8.105263157894736,0.8362061321664432,0.4473684210526316,1.0,0.6181818181818182,4.921052631578947,0.9393461878328785,20.0,2
known_mining_neutral_ratio_1_10,full_feature_graph_guided_m4,state_groupkfold_buffered,5,Idaho;Montana;Utah;Wyoming,M4_Spearman_XGB,385,1549,187,17,170,0.9688581314878892,0.7842218187729024,0.9029411764705882,0.5357142857142857,0.8823529411764706,0.6666666666666666,157,13,2,15,1.0,0.11764705882352941,0.21052631578947367,11.0,1.0,0.8,0.47058823529411764,0.5925925925925927,8.8,0.8553475075669357,0.631578947368421,0.7058823529411765,0.6666666666666667,6.947368421052631,0.7789080587700139,0.4473684210526316,1.0,0.6181818181818182,4.921052631578947,0.9389901508993947,20.0,2
known_mining_neutral_ratio_1_10,full_feature_graph_guided_m4,state_groupkfold_buffered,1,Arizona,NoClimate_XGB,385,1099,638,58,580,0.9692627824019026,0.7319743748823895,0.8155172413793104,0.7307692307692307,0.6551724137931034,0.6909090909090909,566,14,20,38,0.8571428571428571,0.10344827586206896,0.1846153846153846,9.428571428571427,0.8816172070446371,0.75,0.41379310344827586,0.5333333333333333,8.25,0.7835444219167322,0.6875,0.7586206896551724,0.7213114754098361,7.5625,0.7761843396687196,0.4375,0.9655172413793104,0.6021505376344085,4.8125,0.9081912853061074,30.0,1
known_mining_neutral_ratio_1_10,full_feature_graph_guided_m4,state_groupkfold_buffered,1,Arizona,M4_Spearman_XGB,385,1099,638,58,580,0.9781510107015458,0.8433623897687693,0.7706896551724138,0.8421052631578947,0.5517241379310345,0.6666666666666666,574,6,26,32,1.0,0.1206896551724138,0.21538461538461542,11.0,1.0,0.90625,0.5,0.6444444444444445,9.96875,0.9208436402593994,0.78125,0.8620689655172413,0.8196721311475409,8.59375,0.8804919553210165,0.4375,0.9655172413793104,0.6021505376344085,4.8125,0.9448259591109971,30.0,1
known_mining_neutral_ratio_1_10,full_feature_graph_guided_m4,state_groupkfold_buffered,2,Washington,NoClimate_XGB,385,1325,407,37,370,0.929145361577794,0.6924772889509316,0.6972972972972973,0.7894736842105263,0.40540540540540543,0.5357142857142857,366,4,22,15,1.0,0.13513513513513514,0.2380952380952381,11.0,1.0,0.8095238095238095,0.4594594594594595,0.5862068965517242,8.904761904761905,0.8593640003372105,0.6097560975609756,0.6756756756756757,0.6410256410256411,6.7073170731707314,0.7474754342958438,0.35365853658536583,0.7837837837837838,0.48739495798319327,3.8902439024390243,0.8095823089138394,30.0,6
known_mining_neutral_ratio_1_10,full_feature_graph_guided_m4,state_groupkfold_buffered,2,Washington,M4_Spearman_XGB,385,1325,407,37,370,0.9570489408327247,0.8575041007326369,0.7675675675675676,0.9090909090909091,0.5405405405405406,0.6779661016949152,368,2,17,20,1.0,0.13513513513513514,0.2380952380952381,11.0,1.0,0.9523809523809523,0.5405405405405406,0.6896551724137931,10.476190476190474,0.9686599399606638,0.7317073170731707,0.8108108108108109,0.7692307692307694,8.048780487804878,0.8619989531353116,0.4146341463414634,0.918918918918919,0.5714285714285714,4.560975609756097,0.9285036358465437,30.0,6
known_mining_neutral_ratio_1_10,full_feature_graph_guided_m4,state_groupkfold_buffered,3,Nevada,NoClimate_XGB,385,1429,308,28,280,0.9474489795918367,0.7271187571130506,0.8214285714285714,0.6551724137931034,0.6785714285714286,0.6666666666666666,270,10,9,19,1.0,0.14285714285714285,0.25,11.0,1.0,0.75,0.42857142857142855,0.5454545454545454,8.25,0.7988021360989644,0.6129032258064516,0.6785714285714286,0.6440677966101694,6.741935483870968,0.7360941029429541,0.41935483870967744,0.9285714285714286,0.5777777777777778,4.612903225806452,0.8876208647817693,30.0,1
known_mining_neutral_ratio_1_10,full_feature_graph_guided_m4,state_groupkfold_buffered,3,Nevada,M4_Spearman_XGB,385,1429,308,28,280,0.939030612244898,0.7390002038895145,0.8214285714285714,0.6551724137931034,0.6785714285714286,0.6666666666666666,270,10,9,19,1.0,0.14285714285714285,0.25,11.0,1.0,0.75,0.42857142857142855,0.5454545454545454,8.25,0.8204075176089287,0.6129032258064516,0.6785714285714286,0.6440677966101694,6.741935483870968,0.7514337637675736,0.41935483870967744,0.9285714285714286,0.5777777777777778,4.612903225806452,0.896823336219409,30.0,1
known_mining_neutral_ratio_1_10,full_feature_graph_guided_m4,state_groupkfold_buffered,4,California;Colorado;New Mexico;Oregon,NoClimate_XGB,385,1529,198,18,180,0.8993827160493827,0.5836671885429329,0.8166666666666667,0.4482758620689655,0.7222222222222222,0.5531914893617021,164,16,5,13,1.0,0.1111111111111111,0.19999999999999998,11.0,1.0,0.6,0.3333333333333333,0.42857142857142855,6.6,0.6968404678259547,0.55,0.6111111111111112,0.5789473684210527,6.050000000000001,0.6719824740703987,0.325,0.7222222222222222,0.44827586206896547,3.575,0.7374491125921094,30.0,11
known_mining_neutral_ratio_1_10,full_feature_graph_guided_m4,state_groupkfold_buffered,4,California;Colorado;New Mexico;Oregon,M4_Spearman_XGB,385,1529,198,18,180,0.9169753086419753,0.7251361885353114,0.8083333333333333,0.5714285714285714,0.6666666666666666,0.6153846153846154,171,9,6,12,1.0,0.1111111111111111,0.19999999999999998,11.0,1.0,0.9,0.5,0.6428571428571429,9.9,0.9337457765456111,0.6,0.6666666666666666,0.631578947368421,6.6,0.7606394190685305,0.325,0.7222222222222222,0.44827586206896547,3.575,0.792965652827211,30.0,11
known_mining_neutral_ratio_1_10,full_feature_graph_guided_m4,state_groupkfold_buffered,5,Idaho;Montana;Utah;Wyoming,NoClimate_XGB,385,1543,187,17,170,0.9820069204152249,0.8112212969652417,0.9764705882352941,0.68,1.0,0.8095238095238095,162,8,0,17,1.0,0.11764705882352941,0.21052631578947367,11.0,1.0,0.8,0.47058823529411764,0.5925925925925927,8.8,0.841492960259019,0.6842105263157895,0.7647058823529411,0.7222222222222222,7.526315789473684,0.8045286420151017,0.4473684210526316,1.0,0.6181818181818182,4.921052631578947,0.9427015737048,30.0,8
known_mining_neutral_ratio_1_10,full_feature_graph_guided_m4,state_groupkfold_buffered,5,Idaho;Montana;Utah;Wyoming,M4_Spearman_XGB,385,1543,187,17,170,0.9660899653979239,0.7280297749155881,0.9029411764705882,0.5357142857142857,0.8823529411764706,0.6666666666666666,157,13,2,15,0.5,0.058823529411764705,0.10526315789473684,5.5,0.6131471927654584,0.8,0.47058823529411764,0.5925925925925927,8.8,0.7948833326720566,0.631578947368421,0.7058823529411765,0.6666666666666667,6.947368421052631,0.734853698859459,0.42105263157894735,0.9411764705882353,0.5818181818181818,4.63157894736842,0.8645239889482147,30.0,8
