dataset,experiment,cv,fold,test_group,model,n_features,n_train,n_test,positive_test,negative_test,roc_auc,average_precision,balanced_accuracy,precision,recall,f1,tn,fp,fn,tp,top01_precision,top01_recall,top01_f1,top01_lift,top01_ndcg,top05_precision,top05_recall,top05_f1,top05_lift,top05_ndcg,top10_precision,top10_recall,top10_f1,top10_lift,top10_ndcg,top20_precision,top20_recall,top20_f1,top20_lift,top20_ndcg
known_mining_neutral_ratio_1_10_supervised_all_features_v1,full_feature_graph_guided_m4,groupkfold_state,1,Arizona,M1_Full_XGB,662,1100,638,58,580,0.9684304399524376,0.6906782018892104,0.725,0.75,0.46551724137931033,0.574468085106383,571,9,31,27,0.5714285714285714,0.06896551724137931,0.12307692307692308,6.285714285714286,0.5208740607055113,0.75,0.41379310344827586,0.5333333333333333,8.25,0.7004759866245495,0.703125,0.7758620689655172,0.7377049180327868,7.734375,0.7333070020280578,0.4296875,0.9482758620689655,0.5913978494623656,4.7265625,0.843561644822947
known_mining_neutral_ratio_1_10_supervised_all_features_v1,full_feature_graph_guided_m4,groupkfold_state,1,Arizona,M2_NoClimate_XGB,385,1100,638,58,580,0.9684304399524376,0.7274608227721706,0.8155172413793104,0.7307692307692307,0.6551724137931034,0.6909090909090909,566,14,20,38,0.7142857142857143,0.08620689655172414,0.15384615384615388,7.857142857142857,0.7837042816946693,0.75,0.41379310344827586,0.5333333333333333,8.25,0.779999436821883,0.703125,0.7758620689655172,0.7377049180327868,7.734375,0.7859427274022304,0.4375,0.9655172413793104,0.6021505376344085,4.8125,0.9054540875343834
known_mining_neutral_ratio_1_10_supervised_all_features_v1,full_feature_graph_guided_m4,groupkfold_state,1,Arizona,M4_Spearman_XGB,385,1100,638,58,580,0.9779131985731272,0.8398451706661393,0.7637931034482759,0.8857142857142857,0.5344827586206896,0.6666666666666666,576,4,27,31,0.8571428571428571,0.10344827586206896,0.1846153846153846,9.428571428571427,0.9083745556952364,0.90625,0.5,0.6444444444444445,9.96875,0.9201424380648029,0.75,0.8275862068965517,0.7868852459016394,8.25,0.8559599507172324,0.4296875,0.9482758620689655,0.5913978494623656,4.7265625,0.9336916945159635
known_mining_neutral_ratio_1_10_supervised_all_features_v1,full_feature_graph_guided_m4,groupkfold_state,1,Arizona,M4_GraphUnion_XGB,385,1100,638,58,580,0.9725326991676576,0.8431334269077648,0.8163793103448276,0.925,0.6379310344827587,0.7551020408163265,577,3,21,37,0.8571428571428571,0.10344827586206896,0.1846153846153846,9.428571428571427,0.9020870746500321,0.90625,0.5,0.6444444444444445,9.96875,0.9184545326144586,0.75,0.8275862068965517,0.7868852459016394,8.25,0.8585375416323096,0.421875,0.9310344827586207,0.5806451612903226,4.640625,0.9242957690537392
known_mining_neutral_ratio_1_10_supervised_all_features_v1,full_feature_graph_guided_m4,groupkfold_state,1,Arizona,M3_Broad_XGB,385,1100,638,58,580,0.9503567181926279,0.7438679808580085,0.7129310344827586,0.8928571428571429,0.43103448275862066,0.5813953488372093,577,3,33,25,0.8571428571428571,0.10344827586206896,0.1846153846153846,9.428571428571427,0.8816172070446371,0.90625,0.5,0.6444444444444445,9.96875,0.898493364183423,0.671875,0.7413793103448276,0.7049180327868853,7.390625,0.7832452083083039,0.3671875,0.8103448275862069,0.5053763440860215,4.0390625,0.8253979248401953
known_mining_neutral_ratio_1_10_supervised_all_features_v1,full_feature_graph_guided_m4,groupkfold_state,2,Washington,M1_Full_XGB,662,1331,407,37,370,0.9443389335281228,0.7511602310420811,0.7148648648648649,0.9411764705882353,0.43243243243243246,0.5925925925925926,369,1,21,16,1.0,0.13513513513513514,0.2380952380952381,11.0,1.0,0.9047619047619048,0.5135135135135135,0.6551724137931034,9.952380952380953,0.9314601739255991,0.6097560975609756,0.6756756756756757,0.6410256410256411,6.7073170731707314,0.7607738107324287,0.36585365853658536,0.8108108108108109,0.504201680672269,4.024390243902439,0.8389377245182582
known_mining_neutral_ratio_1_10_supervised_all_features_v1,full_feature_graph_guided_m4,groupkfold_state,2,Washington,M2_NoClimate_XGB,385,1331,407,37,370,0.9330898466033601,0.7058040395076951,0.7121621621621621,0.8421052631578947,0.43243243243243246,0.5714285714285714,367,3,21,16,1.0,0.13513513513513514,0.2380952380952381,11.0,1.0,0.8095238095238095,0.4594594594594595,0.5862068965517242,8.904761904761905,0.8626512516038791,0.6097560975609756,0.6756756756756757,0.6410256410256411,6.7073170731707314,0.7508742319934619,0.35365853658536583,0.7837837837837838,0.48739495798319327,3.8902439024390243,0.8127341802244553
known_mining_neutral_ratio_1_10_supervised_all_features_v1,full_feature_graph_guided_m4,groupkfold_state,2,Washington,M4_Spearman_XGB,385,1331,407,37,370,0.9626004382761141,0.8454727706237108,0.768918918918919,0.9523809523809523,0.5405405405405406,0.6896551724137931,369,1,17,20,1.0,0.13513513513513514,0.2380952380952381,11.0,1.0,0.9523809523809523,0.5405405405405406,0.6896551724137931,10.476190476190474,0.9691316061072882,0.7073170731707317,0.7837837837837838,0.7435897435897435,7.780487804878049,0.8423635186398144,0.4146341463414634,0.918918918918919,0.5714285714285714,4.560975609756097,0.9247746324458658
known_mining_neutral_ratio_1_10_supervised_all_features_v1,full_feature_graph_guided_m4,groupkfold_state,2,Washington,M4_GraphUnion_XGB,385,1331,407,37,370,0.9604090577063549,0.8376900708496271,0.7675675675675676,0.9090909090909091,0.5405405405405406,0.6779661016949152,368,2,17,20,1.0,0.13513513513513514,0.2380952380952381,11.0,1.0,0.9523809523809523,0.5405405405405406,0.6896551724137931,10.476190476190474,0.9691316061072882,0.6829268292682927,0.7567567567567568,0.7179487179487181,7.51219512195122,0.8247310773092956,0.4146341463414634,0.918918918918919,0.5714285714285714,4.560975609756097,0.9227854132084043
known_mining_neutral_ratio_1_10_supervised_all_features_v1,full_feature_graph_guided_m4,groupkfold_state,2,Washington,M3_Broad_XGB,385,1331,407,37,370,0.9705624543462381,0.8341727259924694,0.5135135135135135,1.0,0.02702702702702703,0.05263157894736842,370,0,36,1,1.0,0.13513513513513514,0.2380952380952381,11.0,1.0,0.8571428571428571,0.4864864864864865,0.6206896551724138,9.428571428571427,0.9044041285199731,0.7073170731707317,0.7837837837837838,0.7435897435897435,7.780487804878049,0.8390009209798195,0.4024390243902439,0.8918918918918919,0.5546218487394957,4.426829268292683,0.9040098599053457
known_mining_neutral_ratio_1_10_supervised_all_features_v1,full_feature_graph_guided_m4,groupkfold_state,3,Nevada,M1_Full_XGB,662,1430,308,28,280,0.9477040816326531,0.7486481525279327,0.825,0.7037037037037037,0.6785714285714286,0.6909090909090909,272,8,9,19,1.0,0.14285714285714285,0.25,11.0,1.0,0.75,0.42857142857142855,0.5454545454545454,8.25,0.8108816719592749,0.6129032258064516,0.6785714285714286,0.6440677966101694,6.741935483870968,0.7473291348317831,0.43548387096774194,0.9642857142857143,0.6,4.790322580645161,0.9161161390562691
known_mining_neutral_ratio_1_10_supervised_all_features_v1,full_feature_graph_guided_m4,groupkfold_state,3,Nevada,M2_NoClimate_XGB,385,1430,308,28,280,0.9415816326530613,0.7234917089454681,0.8214285714285714,0.6551724137931034,0.6785714285714286,0.6666666666666666,270,10,9,19,1.0,0.14285714285714285,0.25,11.0,1.0,0.75,0.42857142857142855,0.5454545454545454,8.25,0.8047834560902084,0.6129032258064516,0.6785714285714286,0.6440677966101694,6.741935483870968,0.7393099545695472,0.41935483870967744,0.9285714285714286,0.5777777777777778,4.612903225806452,0.8882254426810589
known_mining_neutral_ratio_1_10_supervised_all_features_v1,full_feature_graph_guided_m4,groupkfold_state,3,Nevada,M4_Spearman_XGB,385,1430,308,28,280,0.9401785714285714,0.7298788948715137,0.8035714285714286,0.6428571428571429,0.6428571428571429,0.6428571428571429,270,10,10,18,1.0,0.14285714285714285,0.25,11.0,1.0,0.8125,0.4642857142857143,0.5909090909090908,8.9375,0.8546574539234342,0.6129032258064516,0.6785714285714286,0.6440677966101694,6.741935483870968,0.7456289988172768,0.41935483870967744,0.9285714285714286,0.5777777777777778,4.612903225806452,0.8913582354580029
known_mining_neutral_ratio_1_10_supervised_all_features_v1,full_feature_graph_guided_m4,groupkfold_state,3,Nevada,M4_GraphUnion_XGB,385,1430,308,28,280,0.9401785714285714,0.6904124275591698,0.8089285714285714,0.72,0.6428571428571429,0.6792452830188679,273,7,10,18,0.75,0.10714285714285714,0.1875,8.25,0.8318724637288826,0.625,0.35714285714285715,0.45454545454545453,6.875,0.707531075160323,0.6129032258064516,0.6785714285714286,0.6440677966101694,6.741935483870968,0.7227770674461447,0.4032258064516129,0.8928571428571429,0.5555555555555555,4.435483870967741,0.853722348855835
known_mining_neutral_ratio_1_10_supervised_all_features_v1,full_feature_graph_guided_m4,groupkfold_state,3,Nevada,M3_Broad_XGB,385,1430,308,28,280,0.9173469387755101,0.705038417608602,0.8392857142857143,0.6666666666666666,0.7142857142857143,0.6896551724137931,270,10,8,20,1.0,0.14285714285714285,0.25,11.0,1.0,0.8125,0.4642857142857143,0.5909090909090908,8.9375,0.8469829966728517,0.6451612903225806,0.7142857142857143,0.6779661016949152,7.096774193548387,0.766059255416207,0.3709677419354839,0.8214285714285714,0.5111111111111112,4.080645161290322,0.8319403827548391
known_mining_neutral_ratio_1_10_supervised_all_features_v1,full_feature_graph_guided_m4,groupkfold_state,4,California;Colorado;New Mexico;Oregon,M1_Full_XGB,662,1540,198,18,180,0.8996913580246914,0.6229882336043987,0.8,0.5,0.6666666666666666,0.5714285714285714,168,12,6,12,1.0,0.1111111111111111,0.19999999999999998,11.0,1.0,0.6,0.3333333333333333,0.42857142857142855,6.6,0.7058075148678529,0.6,0.6666666666666666,0.631578947368421,6.6,0.721563551035849,0.325,0.7222222222222222,0.44827586206896547,3.575,0.7535196200339231
known_mining_neutral_ratio_1_10_supervised_all_features_v1,full_feature_graph_guided_m4,groupkfold_state,4,California;Colorado;New Mexico;Oregon,M2_NoClimate_XGB,385,1540,198,18,180,0.895679012345679,0.5564243290618842,0.8166666666666667,0.4482758620689655,0.7222222222222222,0.5531914893617021,164,16,5,13,1.0,0.1111111111111111,0.19999999999999998,11.0,1.0,0.6,0.3333333333333333,0.42857142857142855,6.6,0.6804503724350792,0.55,0.6111111111111112,0.5789473684210527,6.050000000000001,0.6580758640018008,0.325,0.7222222222222222,0.44827586206896547,3.575,0.7232734006812405
known_mining_neutral_ratio_1_10_supervised_all_features_v1,full_feature_graph_guided_m4,groupkfold_state,4,California;Colorado;New Mexico;Oregon,M4_Spearman_XGB,385,1540,198,18,180,0.921604938271605,0.7458584351317044,0.8416666666666667,0.65,0.7222222222222222,0.6842105263157895,173,7,5,13,1.0,0.1111111111111111,0.19999999999999998,11.0,1.0,0.9,0.5,0.6428571428571429,9.9,0.9363792118010483,0.65,0.7222222222222222,0.6842105263157895,7.15,0.7996578351164114,0.325,0.7222222222222222,0.44827586206896547,3.575,0.7996578351164115
known_mining_neutral_ratio_1_10_supervised_all_features_v1,full_feature_graph_guided_m4,groupkfold_state,4,California;Colorado;New Mexico;Oregon,M4_GraphUnion_XGB,385,1540,198,18,180,0.9154320987654321,0.7071529205757076,0.7944444444444445,0.7333333333333333,0.6111111111111112,0.6666666666666666,176,4,7,11,1.0,0.1111111111111111,0.19999999999999998,11.0,1.0,0.7,0.3888888888888889,0.5,7.699999999999999,0.8006937664098821,0.6,0.6666666666666666,0.631578947368421,6.6,0.7502848052944444,0.35,0.7777777777777778,0.48275862068965514,3.8499999999999996,0.8135257468340354
known_mining_neutral_ratio_1_10_supervised_all_features_v1,full_feature_graph_guided_m4,groupkfold_state,4,California;Colorado;New Mexico;Oregon,M3_Broad_XGB,385,1540,198,18,180,0.8984567901234568,0.708678975994833,0.8194444444444444,0.7058823529411765,0.6666666666666666,0.6857142857142857,175,5,6,12,1.0,0.1111111111111111,0.19999999999999998,11.0,1.0,0.8,0.4444444444444444,0.5714285714285714,8.8,0.8669479898642711,0.6,0.6666666666666666,0.631578947368421,6.6,0.7548278094582754,0.35,0.7777777777777778,0.48275862068965514,3.8499999999999996,0.8192906034949881
known_mining_neutral_ratio_1_10_supervised_all_features_v1,full_feature_graph_guided_m4,groupkfold_state,5,Idaho;Montana;Utah;Wyoming,M1_Full_XGB,662,1551,187,17,170,0.9768166089965398,0.7383707901095444,0.9676470588235294,0.6071428571428571,1.0,0.7555555555555555,159,11,0,17,1.0,0.11764705882352941,0.21052631578947367,11.0,1.0,0.7,0.4117647058823529,0.5185185185185185,7.699999999999999,0.7315449642824575,0.6842105263157895,0.7647058823529411,0.7222222222222222,7.526315789473684,0.7651536589632199,0.4473684210526316,1.0,0.6181818181818182,4.921052631578947,0.9016318015094982
known_mining_neutral_ratio_1_10_supervised_all_features_v1,full_feature_graph_guided_m4,groupkfold_state,5,Idaho;Montana;Utah;Wyoming,M2_NoClimate_XGB,385,1551,187,17,170,0.985121107266436,0.7917145762733998,0.9764705882352941,0.68,1.0,0.8095238095238095,162,8,0,17,0.5,0.058823529411764705,0.10526315789473684,5.5,0.6131471927654584,0.8,0.47058823529411764,0.5925925925925927,8.8,0.7877736340270853,0.7368421052631579,0.8235294117647058,0.7777777777777778,8.105263157894736,0.8047680913872917,0.4473684210526316,1.0,0.6181818181818182,4.921052631578947,0.9108189652096409
known_mining_neutral_ratio_1_10_supervised_all_features_v1,full_feature_graph_guided_m4,groupkfold_state,5,Idaho;Montana;Utah;Wyoming,M4_Spearman_XGB,385,1551,187,17,170,0.9705882352941176,0.7731366019601313,0.9058823529411765,0.5555555555555556,0.8823529411764706,0.6818181818181818,158,12,2,15,1.0,0.11764705882352941,0.21052631578947367,11.0,1.0,0.8,0.47058823529411764,0.5925925925925927,8.8,0.8389574121760603,0.631578947368421,0.7058823529411765,0.6666666666666667,6.947368421052631,0.7689547386652877,0.4473684210526316,1.0,0.6181818181818182,4.921052631578947,0.9302862647681132
known_mining_neutral_ratio_1_10_supervised_all_features_v1,full_feature_graph_guided_m4,groupkfold_state,5,Idaho;Montana;Utah;Wyoming,M4_GraphUnion_XGB,385,1551,187,17,170,0.9640138408304497,0.7066259096535914,0.8264705882352941,0.5714285714285714,0.7058823529411765,0.631578947368421,161,9,5,12,1.0,0.11764705882352941,0.21052631578947367,11.0,1.0,0.7,0.4117647058823529,0.5185185185185185,7.699999999999999,0.7624164915943119,0.631578947368421,0.7058823529411765,0.6666666666666667,6.947368421052631,0.746454070303612,0.4473684210526316,1.0,0.6181818181818182,4.921052631578947,0.9070399933823546
known_mining_neutral_ratio_1_10_supervised_all_features_v1,full_feature_graph_guided_m4,groupkfold_state,5,Idaho;Montana;Utah;Wyoming,M3_Broad_XGB,385,1551,187,17,170,0.9460207612456748,0.6049559972391376,0.8058823529411765,0.6470588235294118,0.6470588235294118,0.6470588235294118,164,6,6,11,0.5,0.058823529411764705,0.10526315789473684,5.5,0.38685280723454163,0.6,0.35294117647058826,0.4444444444444445,6.6,0.5806020001118019,0.5789473684210527,0.6470588235294118,0.6111111111111113,6.368421052631579,0.6143673083121889,0.42105263157894735,0.9411764705882353,0.5818181818181818,4.63157894736842,0.7768367777782677
