gamma,model,roc_auc_mean,roc_auc_std,roc_auc_count,average_precision_mean,average_precision_std,average_precision_count,f1_mean,f1_std,f1_count,top05_f1_mean,top05_f1_std,top05_f1_count,top05_ndcg_mean,top05_ndcg_std,top05_ndcg_count,top10_f1_mean,top10_f1_std,top10_f1_count,top10_ndcg_mean,top10_ndcg_std,top10_ndcg_count
0.0,M2_raw_XGB,0.9447804077641948,0.03444032691971474,5,0.7009790953121235,0.08712116232480244,5,0.6583439255779682,0.10319451166520664,5,0.5372317593007249,0.0658658966060566,5,0.783131630195627,0.06589190254437731,5,0.6759047003734856,0.08035585268684124,5,0.7477941738708663,0.05663961351090082,5
0.0,M3_broad_XGB,0.9365487325367015,0.02853514511762517,5,0.7193428195386101,0.08244705807883178,5,0.5312910418884137,0.2710872730204569,5,0.574383241279793,0.07781192206113266,5,0.8194860958704642,0.13557981307793238,5,0.6738327873102152,0.05377919062840112,5,0.7515001004949589,0.08320545472866087,5
0.0,M4_spearman_XGB,0.954577076368707,0.02323674343134758,5,0.78683837465064,0.053289748473562666,5,0.6730415380143148,0.018904531995009383,5,0.6320916886434128,0.04134678097829858,5,0.9038536244145268,0.05526354072248021,5,0.7050839958168018,0.05875522657742566,5,0.8025130083912047,0.04694342029962633,5
0.0,Selection_drop_XGB,0.9485218073276688,0.030035164905804133,5,0.7389717567463817,0.06577119147533775,5,0.6418986819534015,0.10757976951295449,5,0.5626564495530013,0.05811675256695571,5,0.8331277259388484,0.05680223424359833,5,0.6474876124559517,0.0863733668902898,5,0.7491364248547867,0.05951881161465346,5
0.5,M2_raw_XGB,0.945663697016174,0.03328056506714087,5,0.7238162657197238,0.08103934526900497,5,0.6453371801597015,0.0863072330548557,5,0.5131240151929808,0.07094171005502987,5,0.7819644660946178,0.06962352257802899,5,0.6899319886553182,0.06050133381211297,5,0.7704790528175308,0.04865704872034397,5
0.5,M3_broad_XGB,0.9351173453257495,0.03238005585813048,5,0.7052607431238516,0.07860324228726148,5,0.5083926485954884,0.29023595156486565,5,0.574383241279793,0.07781192206113266,5,0.8103412615887777,0.13110465541665578,5,0.6898740428346606,0.039360437370959525,5,0.7551498738828727,0.0642612912519029,5
0.5,M4_spearman_XGB,0.9560748427325894,0.020878964112015647,5,0.7851526082364383,0.05239660131138181,5,0.6623515335291065,0.028348861903297985,5,0.6320916886434128,0.04134678097829858,5,0.9051823185857687,0.05317845049454502,5,0.6945576800273281,0.0674944079138209,5,0.7952693681971066,0.049282539850878514,5
0.5,Selection_drop_XGB,0.948394064691408,0.0307475498583521,5,0.7345189214344996,0.07811437727057684,5,0.6469584438549956,0.11146652748323886,5,0.5791365212054866,0.021565184861085284,5,0.8449381308082234,0.019164658251225854,5,0.6835148389922377,0.10670853131027366,5,0.771051608602326,0.07493063800763708,5
1.0,M2_raw_XGB,0.9458593584487722,0.031969560231117994,5,0.7172472750397629,0.07056403144007402,5,0.6630260900965965,0.07195457140640991,5,0.5582120051085568,0.05532986555855286,5,0.808405530843379,0.058636329979742434,5,0.6798736391137788,0.06191939232910285,5,0.755819360024016,0.05016651599892535,5
1.0,M3_broad_XGB,0.9347734709685909,0.03155119485742586,5,0.7038044732698145,0.07212808181130417,5,0.4943723760554743,0.27836895245531895,5,0.5510066179031696,0.0830276316994324,5,0.7943973129009768,0.13138941000538248,5,0.6757299254791249,0.047723438416226525,5,0.7474224252196879,0.07853545259157206,5
1.0,M4_spearman_XGB,0.9554763803605468,0.020798059136844856,5,0.7920151089552918,0.04580581743866318,5,0.664223048928136,0.030068001141256923,5,0.637286493838218,0.06919762686438463,5,0.9130665509244993,0.07416963268778329,5,0.6912789915027379,0.062068194471927525,5,0.7964545436855105,0.04310739242691831,5
1.0,Selection_drop_XGB,0.9477020231689167,0.02966604575323587,5,0.7275212487375007,0.06698495406043194,5,0.6361647930613448,0.09284727656759632,5,0.5791365212054866,0.021565184861085284,5,0.8425822916997712,0.021728582738628367,5,0.6724037278811267,0.08855715534164775,5,0.7613950744615858,0.05939265057147222,5
2.0,M2_raw_XGB,0.9468177708726634,0.03184926622870127,5,0.7133372298284416,0.09248294704506813,5,0.6679625939816753,0.07078868001537927,5,0.5439262908228425,0.07849077887523669,5,0.8018697696102519,0.07949296906957716,5,0.6726260118488954,0.07748711436164023,5,0.7534914426495215,0.06536537053511361,5
2.0,M3_broad_XGB,0.9327237687152132,0.030848167094240507,5,0.7029446258911513,0.06778161919802825,5,0.5418405732198835,0.30552310030045476,5,0.574383241279793,0.07781192206113266,5,0.8126434920435995,0.1329569379498604,5,0.6849681216742243,0.04167687353330171,5,0.7537339174257669,0.0619097419744401,5
2.0,M4_spearman_XGB,0.9546730979258278,0.021243115879503463,5,0.7814797661766153,0.04695593307618737,5,0.6659801074631583,0.04014048759542095,5,0.646377402929127,0.05580721251026534,5,0.9170374150139985,0.06459414635879647,5,0.689429474899123,0.06370534780772998,5,0.7908869729720499,0.039383421971593204,5
2.0,Selection_drop_XGB,0.9477020231689167,0.02966604575323587,5,0.7275212487375007,0.06698495406043194,5,0.6361647930613448,0.09284727656759632,5,0.5791365212054866,0.021565184861085284,5,0.8425822916997712,0.021728582738628367,5,0.6724037278811267,0.08855715534164775,5,0.7613950744615858,0.05939265057147222,5
