gamma,model,contaminated_recovery_srmse_mean,contaminated_recovery_srmse_std,contaminated_recovery_srmse_count,contaminated_recovery_spearman_mean,contaminated_recovery_spearman_std,contaminated_recovery_spearman_count,uncontaminated_damage_srmse_mean,uncontaminated_damage_srmse_std,uncontaminated_damage_srmse_count,contaminated_available_fraction_mean,contaminated_available_fraction_std,contaminated_available_fraction_count,heldout_climate_r2_mean,heldout_climate_r2_std,heldout_climate_r2_count,heldout_climate_predictive_spearman_mean,heldout_climate_predictive_spearman_std,heldout_climate_predictive_spearman_count,heldout_geostructure_r2_mean,heldout_geostructure_r2_std,heldout_geostructure_r2_count,heldout_geostructure_predictive_spearman_mean,heldout_geostructure_predictive_spearman_std,heldout_geostructure_predictive_spearman_count,n_selected_mean,n_selected_std,n_selected_count
0.0,M2_raw_XGB,0.0,0.0,5,1.0,0.0,5,0.0,0.0,5,1.0,0.0,5,-4.48112273471392,9.711524345692048,5,0.08295588778071333,0.09103830395197542,5,-1.744155880187727,3.7425864680672607,5,0.20061689191545837,0.05657876210438035,5,158.4,34.23156438143019,5
0.0,M3_broad_XGB,0.9750234335000233,0.1584959617369806,5,0.5794686689091059,0.20948995039396004,5,0.7772277012577348,0.17321400785366525,5,1.0,0.0,5,-0.3011977530576807,0.3262669162499406,5,-0.36902072719660345,0.10935413865998192,5,-0.25665188870259753,0.310037660335992,5,0.05363659057281298,0.10128536834278265,5,158.4,34.23156438143019,5
0.0,M4_spearman_XGB,0.8020246705283924,0.12522598051514686,5,0.8137304555464405,0.09743658154471484,5,0.6395714839711066,0.2441254250422591,5,1.0,0.0,5,-3.0257573552415584,6.416637639218569,5,-0.16656524755197027,0.17614225213155812,5,-1.2162041128008794,2.4865911134796446,5,0.1402849692136831,0.03895453018749547,5,158.4,34.23156438143019,5
0.0,Selection_drop_XGB,0.0,0.0,5,1.0,0.0,5,0.0,0.0,5,0.4833333333333333,0.23357502363623267,5,-4.456458594472002,9.579393590336613,5,0.08386907935718381,0.06145656456169699,5,-1.7041071544339719,3.6618792992042675,5,0.19000902726952512,0.05101883990470449,5,158.4,34.23156438143019,5
0.5,M2_raw_XGB,0.6397159453948824,0.4999329132599067,5,0.5973293777638343,0.14459791163131236,5,0.0,0.0,5,1.0,0.0,5,-0.21117556488645875,0.2854609009544126,5,0.6163790777755499,0.1770082277804581,5,-0.13075646061829105,0.22157271662384265,5,0.35536966127596215,0.09128355718061479,5,181.4,24.151604501564695,5
0.5,M3_broad_XGB,0.9749868602127219,0.15836139557242326,5,0.579493444761524,0.2094517508679046,5,0.7772277012577348,0.17321400785366525,5,1.0,0.0,5,-0.30131904212524047,0.326496250055566,5,-0.3688366020367975,0.10996907181111942,5,-0.25671568313663407,0.310082151474399,5,0.05356471596469816,0.10124472961832612,5,181.4,24.151604501564695,5
0.5,M4_spearman_XGB,0.9594072932040009,0.15728159006465986,5,0.5796830834300538,0.2095242862482691,5,0.6395714839711066,0.2441254250422591,5,1.0,0.0,5,-0.30131904211375493,0.3264962500656592,5,-0.3658605214280908,0.1090331152244658,5,-0.2567156831315498,0.3100821514787462,5,0.05418698417458327,0.10158563007628053,5,181.4,24.151604501564695,5
0.5,Selection_drop_XGB,0.31901660582665875,,1,0.9599685906129117,,1,0.0,0.0,5,0.004166666666666667,0.009316949906249122,5,0.07346726793350365,,1,0.42515365935685234,,1,0.07249860003468067,,1,0.4638059225605346,,1,181.4,24.151604501564695,5
1.0,M2_raw_XGB,1.2794318907897648,0.9998658265198134,5,0.4851576279921096,0.15113873653204965,5,0.0,0.0,5,1.0,0.0,5,0.14914646306243534,0.2771564034717833,5,0.7672730289935447,0.14581221455280555,5,-0.12757882601703244,0.2223311525849467,5,0.43379441463428303,0.10563371330894214,5,181.6,24.32693979932536,5
1.0,M3_broad_XGB,0.9749503930066208,0.15822717343881965,5,0.5795192741809626,0.20942643214888623,5,0.7772277012577348,0.17321400785366525,5,1.0,0.0,5,-0.30144023791205193,0.32672546052067364,5,-0.3686294160716785,0.11052464875546839,5,-0.25677948131724576,0.31012659524436464,5,0.053522839245115715,0.10118720611363889,5,181.6,24.32693979932536,5
1.0,M4_spearman_XGB,0.9749503930066208,0.1582271734388197,5,0.5795192741870814,0.2094264321377929,5,0.6395714839711066,0.2441254250422591,5,1.0,0.0,5,-0.3014402379120518,0.3267254605206733,5,-0.3686294164085399,0.11052464830764075,5,-0.2567794813172458,0.31012659524436476,5,0.053522803935638276,0.10118727163292211,5,181.6,24.32693979932536,5
1.0,Selection_drop_XGB,,,0,,,0,0.0,0.0,5,0.0,0.0,5,,,0,,,0,,,0,,,0,181.6,24.32693979932536,5
2.0,M2_raw_XGB,2.5588637815795297,1.9997316530396267,5,0.36718506777748655,0.15054173103221055,5,0.0,0.0,5,1.0,0.0,5,0.46647937058237005,0.3100128224265068,5,0.8728047985097479,0.09290352352184104,5,-0.3252943583042015,0.5769795315427205,5,0.48762555625003634,0.11770227219067912,5,181.6,24.32693979932536,5
2.0,M3_broad_XGB,0.9748777770479569,0.15795976351776267,5,0.5795584561091933,0.20937287646641417,5,0.7772277012577348,0.17321400785366525,5,1.0,0.0,5,-0.3016823489450413,0.3271835098194499,5,-0.36830340327608496,0.11168961931996571,5,-0.2569070887237854,0.3102153403525166,5,0.053455564923604926,0.10108569419539697,5,181.6,24.32693979932536,5
2.0,M4_spearman_XGB,0.9748777770479569,0.1579597635177626,5,0.5795584562740353,0.20937287616764141,5,0.6395714839711066,0.2441254250422591,5,1.0,0.0,5,-0.30168234894504187,0.3271835098194508,5,-0.36830340377583204,0.111689618646752,5,-0.25690708872378554,0.3102153403525167,5,0.053455618914068234,0.10108559403233242,5,181.6,24.32693979932536,5
2.0,Selection_drop_XGB,,,0,,,0,0.0,0.0,5,0.0,0.0,5,,,0,,,0,,,0,,,0,181.6,24.32693979932536,5
