dataset,experiment,cv,fold,test_group,model,n_features,n_train,n_test,positive_test,negative_test,roc_auc,average_precision,balanced_accuracy,precision,recall,f1,tn,fp,fn,tp,top01_precision,top01_recall,top01_f1,top01_lift,top01_ndcg,top05_precision,top05_recall,top05_f1,top05_lift,top05_ndcg,top10_precision,top10_recall,top10_f1,top10_lift,top10_ndcg,top20_precision,top20_recall,top20_f1,top20_lift,top20_ndcg,gamma
known_mining_neutral_ratio_1_10,full_feature_graph_guided_m4,groupkfold_state_controlled_contamination,1,Arizona,M2_raw_XGB,385,1100,638,58,580,0.9684304399524376,0.7274608227721706,0.8155172413793104,0.7307692307692307,0.6551724137931034,0.6909090909090909,566,14,20,38,0.7142857142857143,0.08620689655172414,0.15384615384615388,7.857142857142857,0.7837042816946693,0.75,0.41379310344827586,0.5333333333333333,8.25,0.779999436821883,0.703125,0.7758620689655172,0.7377049180327868,7.734375,0.7859427274022304,0.4375,0.9655172413793104,0.6021505376344085,4.8125,0.9054540875343834,0.0
known_mining_neutral_ratio_1_10,full_feature_graph_guided_m4,groupkfold_state_controlled_contamination,1,Arizona,M3_broad_XGB,385,1100,638,58,580,0.9503567181926279,0.7438679808580085,0.7129310344827586,0.8928571428571429,0.43103448275862066,0.5813953488372093,577,3,33,25,0.8571428571428571,0.10344827586206896,0.1846153846153846,9.428571428571427,0.8816172070446371,0.90625,0.5,0.6444444444444445,9.96875,0.898493364183423,0.671875,0.7413793103448276,0.7049180327868853,7.390625,0.7832452083083039,0.3671875,0.8103448275862069,0.5053763440860215,4.0390625,0.8253979248401953,0.0
known_mining_neutral_ratio_1_10,full_feature_graph_guided_m4,groupkfold_state_controlled_contamination,1,Arizona,M4_spearman_XGB,385,1100,638,58,580,0.9779131985731272,0.8398451706661393,0.7637931034482759,0.8857142857142857,0.5344827586206896,0.6666666666666666,576,4,27,31,0.8571428571428571,0.10344827586206896,0.1846153846153846,9.428571428571427,0.9083745556952364,0.90625,0.5,0.6444444444444445,9.96875,0.9201424380648029,0.75,0.8275862068965517,0.7868852459016394,8.25,0.8559599507172324,0.4296875,0.9482758620689655,0.5913978494623656,4.7265625,0.9336916945159635,0.0
known_mining_neutral_ratio_1_10,full_feature_graph_guided_m4,groupkfold_state_controlled_contamination,1,Arizona,Selection_drop_XGB,184,1100,638,58,580,0.9739595719381688,0.798176153062659,0.7939655172413793,0.7954545454545454,0.603448275862069,0.6862745098039216,571,9,23,35,1.0,0.1206896551724138,0.21538461538461542,11.0,1.0,0.84375,0.46551724137931033,0.6,9.28125,0.8750322654734658,0.703125,0.7758620689655172,0.7377049180327868,7.734375,0.8127872030612129,0.4375,0.9655172413793104,0.6021505376344085,4.8125,0.93380157922892,0.0
known_mining_neutral_ratio_1_10,full_feature_graph_guided_m4,groupkfold_state_controlled_contamination,1,Arizona,M2_raw_XGB,385,1100,638,58,580,0.9712544589774079,0.7619419378519481,0.7913793103448276,0.7446808510638298,0.603448275862069,0.6666666666666666,568,12,23,35,0.8571428571428571,0.10344827586206896,0.1846153846153846,9.428571428571427,0.8816172070446371,0.8125,0.4482758620689655,0.5777777777777777,8.9375,0.832848690262013,0.6875,0.7586206896551724,0.7213114754098361,7.5625,0.7846337932041784,0.4375,0.9655172413793104,0.6021505376344085,4.8125,0.9180225465066777,0.5
known_mining_neutral_ratio_1_10,full_feature_graph_guided_m4,groupkfold_state_controlled_contamination,1,Arizona,M3_broad_XGB,385,1100,638,58,580,0.948692033293698,0.7345834651755588,0.7043103448275863,0.8888888888888888,0.41379310344827586,0.5647058823529412,577,3,34,24,0.7142857142857143,0.08620689655172414,0.15384615384615388,7.857142857142857,0.7709363892380909,0.90625,0.5,0.6444444444444445,9.96875,0.8893727018466941,0.6875,0.7586206896551724,0.7213114754098361,7.5625,0.7883831815494619,0.3671875,0.8103448275862069,0.5053763440860215,4.0390625,0.8189247876901524,0.5
known_mining_neutral_ratio_1_10,full_feature_graph_guided_m4,groupkfold_state_controlled_contamination,1,Arizona,M4_spearman_XGB,385,1100,638,58,580,0.9749702734839477,0.834294186403644,0.7724137931034483,0.8888888888888888,0.5517241379310345,0.6808510638297872,576,4,26,32,0.8571428571428571,0.10344827586206896,0.1846153846153846,9.428571428571427,0.9083745556952364,0.90625,0.5,0.6444444444444445,9.96875,0.9185138884815787,0.75,0.8275862068965517,0.7868852459016394,8.25,0.855372789892009,0.4296875,0.9482758620689655,0.5913978494623656,4.7265625,0.93256082213449,0.5
known_mining_neutral_ratio_1_10,full_feature_graph_guided_m4,groupkfold_state_controlled_contamination,1,Arizona,Selection_drop_XGB,177,1100,638,58,580,0.9699762187871582,0.7838618137732324,0.8103448275862069,0.7872340425531915,0.6379310344827587,0.7047619047619048,570,10,21,37,1.0,0.1206896551724138,0.21538461538461542,11.0,1.0,0.84375,0.46551724137931033,0.6,9.28125,0.866316434281839,0.71875,0.7931034482758621,0.7540983606557378,7.90625,0.8193118789049793,0.421875,0.9310344827586207,0.5806451612903226,4.640625,0.9087170517558886,0.5
known_mining_neutral_ratio_1_10,full_feature_graph_guided_m4,groupkfold_state_controlled_contamination,1,Arizona,M2_raw_XGB,385,1100,638,58,580,0.9711355529131985,0.7337979923144445,0.8,0.75,0.6206896551724138,0.6792452830188679,568,12,22,36,0.7142857142857143,0.08620689655172414,0.15384615384615388,7.857142857142857,0.6272107417357413,0.8125,0.4482758620689655,0.5777777777777777,8.9375,0.7689038674846015,0.671875,0.7413793103448276,0.7049180327868853,7.390625,0.7292095383954023,0.4375,0.9655172413793104,0.6021505376344085,4.8125,0.8729539347649261,1.0
known_mining_neutral_ratio_1_10,full_feature_graph_guided_m4,groupkfold_state_controlled_contamination,1,Arizona,M3_broad_XGB,385,1100,638,58,580,0.9537752675386445,0.7626155470069496,0.7129310344827586,0.8928571428571429,0.43103448275862066,0.5813953488372093,577,3,33,25,0.8571428571428571,0.10344827586206896,0.1846153846153846,9.428571428571427,0.8936633189697701,0.90625,0.5,0.6444444444444445,9.96875,0.908602245254273,0.6875,0.7586206896551724,0.7213114754098361,7.5625,0.8023079200588796,0.3671875,0.8103448275862069,0.5053763440860215,4.0390625,0.8337606608372079,1.0
known_mining_neutral_ratio_1_10,full_feature_graph_guided_m4,groupkfold_state_controlled_contamination,1,Arizona,M4_spearman_XGB,385,1100,638,58,580,0.9734244946492272,0.8326813962469959,0.7887931034482758,0.8717948717948718,0.5862068965517241,0.7010309278350515,575,5,24,34,0.8571428571428571,0.10344827586206896,0.1846153846153846,9.428571428571427,0.9083745556952364,0.90625,0.5,0.6444444444444445,9.96875,0.9185018336894372,0.734375,0.8103448275862069,0.7704918032786885,8.078125,0.8440364478096095,0.4296875,0.9482758620689655,0.5913978494623656,4.7265625,0.9323543597891418,1.0
known_mining_neutral_ratio_1_10,full_feature_graph_guided_m4,groupkfold_state_controlled_contamination,1,Arizona,Selection_drop_XGB,177,1100,638,58,580,0.9699762187871582,0.7838618137732324,0.8103448275862069,0.7872340425531915,0.6379310344827587,0.7047619047619048,570,10,21,37,1.0,0.1206896551724138,0.21538461538461542,11.0,1.0,0.84375,0.46551724137931033,0.6,9.28125,0.866316434281839,0.71875,0.7931034482758621,0.7540983606557378,7.90625,0.8193118789049793,0.421875,0.9310344827586207,0.5806451612903226,4.640625,0.9087170517558886,1.0
known_mining_neutral_ratio_1_10,full_feature_graph_guided_m4,groupkfold_state_controlled_contamination,1,Arizona,M2_raw_XGB,385,1100,638,58,580,0.9692627824019026,0.73848833971993,0.789655172413793,0.7142857142857143,0.603448275862069,0.6542056074766355,566,14,23,35,0.7142857142857143,0.08620689655172414,0.15384615384615388,7.857142857142857,0.7562251525126247,0.8125,0.4482758620689655,0.5777777777777777,8.9375,0.8164271435726698,0.6875,0.7586206896551724,0.7213114754098361,7.5625,0.7716109411379466,0.4296875,0.9482758620689655,0.5913978494623656,4.7265625,0.8942048214002714,2.0
known_mining_neutral_ratio_1_10,full_feature_graph_guided_m4,groupkfold_state_controlled_contamination,1,Arizona,M3_broad_XGB,385,1100,638,58,580,0.9489892984542212,0.7409869260465929,0.7301724137931035,0.9,0.46551724137931033,0.6136363636363636,577,3,31,27,0.7142857142857143,0.08620689655172414,0.15384615384615388,7.857142857142857,0.8020378746650065,0.90625,0.5,0.6444444444444445,9.96875,0.9012084039889952,0.65625,0.7241379310344828,0.6885245901639345,7.21875,0.7727386655564372,0.375,0.8275862068965517,0.5161290322580646,4.125,0.8363136445013689,2.0
known_mining_neutral_ratio_1_10,full_feature_graph_guided_m4,groupkfold_state_controlled_contamination,1,Arizona,M4_spearman_XGB,385,1100,638,58,580,0.9741082045184304,0.8088423503035439,0.7801724137931034,0.868421052631579,0.5689655172413793,0.6875,575,5,25,33,0.8571428571428571,0.10344827586206896,0.1846153846153846,9.428571428571427,0.8625618335428545,0.90625,0.5,0.6444444444444445,9.96875,0.8990213008561021,0.75,0.8275862068965517,0.7868852459016394,8.25,0.8410429160323329,0.4296875,0.9482758620689655,0.5913978494623656,4.7265625,0.9176837519814485,2.0
known_mining_neutral_ratio_1_10,full_feature_graph_guided_m4,groupkfold_state_controlled_contamination,1,Arizona,Selection_drop_XGB,177,1100,638,58,580,0.9699762187871582,0.7838618137732324,0.8103448275862069,0.7872340425531915,0.6379310344827587,0.7047619047619048,570,10,21,37,1.0,0.1206896551724138,0.21538461538461542,11.0,1.0,0.84375,0.46551724137931033,0.6,9.28125,0.866316434281839,0.71875,0.7931034482758621,0.7540983606557378,7.90625,0.8193118789049793,0.421875,0.9310344827586207,0.5806451612903226,4.640625,0.9087170517558886,2.0
known_mining_neutral_ratio_1_10,full_feature_graph_guided_m4,groupkfold_state_controlled_contamination,2,Washington,M2_raw_XGB,385,1331,407,37,370,0.9330898466033601,0.7058040395076951,0.7121621621621621,0.8421052631578947,0.43243243243243246,0.5714285714285714,367,3,21,16,1.0,0.13513513513513514,0.2380952380952381,11.0,1.0,0.8095238095238095,0.4594594594594595,0.5862068965517242,8.904761904761905,0.8626512516038791,0.6097560975609756,0.6756756756756757,0.6410256410256411,6.7073170731707314,0.7508742319934619,0.35365853658536583,0.7837837837837838,0.48739495798319327,3.8902439024390243,0.8127341802244553,0.0
known_mining_neutral_ratio_1_10,full_feature_graph_guided_m4,groupkfold_state_controlled_contamination,2,Washington,M3_broad_XGB,385,1331,407,37,370,0.9705624543462381,0.8341727259924694,0.5135135135135135,1.0,0.02702702702702703,0.05263157894736842,370,0,36,1,1.0,0.13513513513513514,0.2380952380952381,11.0,1.0,0.8571428571428571,0.4864864864864865,0.6206896551724138,9.428571428571427,0.9044041285199731,0.7073170731707317,0.7837837837837838,0.7435897435897435,7.780487804878049,0.8390009209798195,0.4024390243902439,0.8918918918918919,0.5546218487394957,4.426829268292683,0.9040098599053457,0.0
known_mining_neutral_ratio_1_10,full_feature_graph_guided_m4,groupkfold_state_controlled_contamination,2,Washington,M4_spearman_XGB,385,1331,407,37,370,0.9626004382761141,0.8454727706237108,0.768918918918919,0.9523809523809523,0.5405405405405406,0.6896551724137931,369,1,17,20,1.0,0.13513513513513514,0.2380952380952381,11.0,1.0,0.9523809523809523,0.5405405405405406,0.6896551724137931,10.476190476190474,0.9691316061072882,0.7073170731707317,0.7837837837837838,0.7435897435897435,7.780487804878049,0.8423635186398144,0.4146341463414634,0.918918918918919,0.5714285714285714,4.560975609756097,0.9247746324458658,0.0
known_mining_neutral_ratio_1_10,full_feature_graph_guided_m4,groupkfold_state_controlled_contamination,2,Washington,Selection_drop_XGB,266,1331,407,37,370,0.9341124908692477,0.7158579538015513,0.7000000000000001,0.8823529411764706,0.40540540540540543,0.5555555555555556,368,2,22,15,1.0,0.13513513513513514,0.2380952380952381,11.0,1.0,0.8571428571428571,0.4864864864864865,0.6206896551724138,9.428571428571427,0.8999649521947837,0.6097560975609756,0.6756756756756757,0.6410256410256411,6.7073170731707314,0.7510093099310475,0.3780487804878049,0.8378378378378378,0.5210084033613445,4.158536585365853,0.8475051542005184,0.0
known_mining_neutral_ratio_1_10,full_feature_graph_guided_m4,groupkfold_state_controlled_contamination,2,Washington,M2_raw_XGB,385,1331,407,37,370,0.9326515704894084,0.729305517575167,0.7108108108108109,0.8,0.43243243243243246,0.5614035087719298,366,4,21,16,1.0,0.13513513513513514,0.2380952380952381,11.0,1.0,0.8095238095238095,0.4594594594594595,0.5862068965517242,8.904761904761905,0.8647339392181916,0.6097560975609756,0.6756756756756757,0.6410256410256411,6.7073170731707314,0.7541418797677891,0.3902439024390244,0.8648648648648649,0.5378151260504203,4.2926829268292686,0.8639786296630722,0.5
known_mining_neutral_ratio_1_10,full_feature_graph_guided_m4,groupkfold_state_controlled_contamination,2,Washington,M3_broad_XGB,385,1331,407,37,370,0.9699050401753104,0.8186583689507649,0.5,0.0,0.0,0.0,370,0,37,0,1.0,0.13513513513513514,0.2380952380952381,11.0,1.0,0.8571428571428571,0.4864864864864865,0.6206896551724138,9.428571428571427,0.8977220747445727,0.6829268292682927,0.7567567567567568,0.7179487179487181,7.51219512195122,0.8160544352185234,0.4146341463414634,0.918918918918919,0.5714285714285714,4.560975609756097,0.9142557844672748,0.5
known_mining_neutral_ratio_1_10,full_feature_graph_guided_m4,groupkfold_state_controlled_contamination,2,Washington,M4_spearman_XGB,385,1331,407,37,370,0.9661066471877283,0.848611449813153,0.7675675675675676,0.9090909090909091,0.5405405405405406,0.6779661016949152,368,2,17,20,1.0,0.13513513513513514,0.2380952380952381,11.0,1.0,0.9523809523809523,0.5405405405405406,0.6896551724137931,10.476190476190474,0.9686599399606638,0.7073170731707317,0.7837837837837838,0.7435897435897435,7.780487804878049,0.8421829800040238,0.4146341463414634,0.918918918918919,0.5714285714285714,4.560975609756097,0.925013282886617,0.5
known_mining_neutral_ratio_1_10,full_feature_graph_guided_m4,groupkfold_state_controlled_contamination,2,Washington,Selection_drop_XGB,228,1331,407,37,370,0.9371073776479182,0.7041947100129788,0.6972972972972973,0.7894736842105263,0.40540540540540543,0.5357142857142857,366,4,22,15,1.0,0.13513513513513514,0.2380952380952381,11.0,1.0,0.8095238095238095,0.4594594594594595,0.5862068965517242,8.904761904761905,0.8562826384455073,0.6097560975609756,0.6756756756756757,0.6410256410256411,6.7073170731707314,0.7436138685340538,0.4024390243902439,0.8918918918918919,0.5546218487394957,4.426829268292683,0.8702085630919586,0.5
known_mining_neutral_ratio_1_10,full_feature_graph_guided_m4,groupkfold_state_controlled_contamination,2,Washington,M2_raw_XGB,385,1331,407,37,370,0.9327976625273923,0.7200721721681362,0.7256756756756757,0.85,0.4594594594594595,0.5964912280701754,367,3,20,17,1.0,0.13513513513513514,0.2380952380952381,11.0,1.0,0.8571428571428571,0.4864864864864865,0.6206896551724138,9.428571428571427,0.8936335800524308,0.6097560975609756,0.6756756756756757,0.6410256410256411,6.7073170731707314,0.7528816272673079,0.3902439024390244,0.8648648648648649,0.5378151260504203,4.2926829268292686,0.8611491006813268,1.0
known_mining_neutral_ratio_1_10,full_feature_graph_guided_m4,groupkfold_state_controlled_contamination,2,Washington,M3_broad_XGB,385,1331,407,37,370,0.9679327976625275,0.7904291373609087,0.5,0.0,0.0,0.0,370,0,37,0,1.0,0.13513513513513514,0.2380952380952381,11.0,1.0,0.8571428571428571,0.4864864864864865,0.6206896551724138,9.428571428571427,0.8943660733267749,0.6829268292682927,0.7567567567567568,0.7179487179487181,7.51219512195122,0.80762870320701,0.4024390243902439,0.8918918918918919,0.5546218487394957,4.426829268292683,0.8907035490619045,1.0
known_mining_neutral_ratio_1_10,full_feature_graph_guided_m4,groupkfold_state_controlled_contamination,2,Washington,M4_spearman_XGB,385,1331,407,37,370,0.9643535427319211,0.8393921121390591,0.7554054054054054,0.95,0.5135135135135135,0.6666666666666666,369,1,18,19,1.0,0.13513513513513514,0.2380952380952381,11.0,1.0,0.9523809523809523,0.5405405405405406,0.6896551724137931,10.476190476190474,0.9681495182891753,0.7073170731707317,0.7837837837837838,0.7435897435897435,7.780487804878049,0.8402561527088142,0.4146341463414634,0.918918918918919,0.5714285714285714,4.560975609756097,0.9228510523327846,1.0
known_mining_neutral_ratio_1_10,full_feature_graph_guided_m4,groupkfold_state_controlled_contamination,2,Washington,Selection_drop_XGB,228,1331,407,37,370,0.9371073776479182,0.7041947100129788,0.6972972972972973,0.7894736842105263,0.40540540540540543,0.5357142857142857,366,4,22,15,1.0,0.13513513513513514,0.2380952380952381,11.0,1.0,0.8095238095238095,0.4594594594594595,0.5862068965517242,8.904761904761905,0.8562826384455073,0.6097560975609756,0.6756756756756757,0.6410256410256411,6.7073170731707314,0.7436138685340538,0.4024390243902439,0.8918918918918919,0.5546218487394957,4.426829268292683,0.8702085630919586,1.0
known_mining_neutral_ratio_1_10,full_feature_graph_guided_m4,groupkfold_state_controlled_contamination,2,Washington,M2_raw_XGB,385,1331,407,37,370,0.9379839298758218,0.7318851881866265,0.7391891891891892,0.8571428571428571,0.4864864864864865,0.6206896551724138,367,3,19,18,1.0,0.13513513513513514,0.2380952380952381,11.0,1.0,0.8571428571428571,0.4864864864864865,0.6206896551724138,9.428571428571427,0.8977826832454389,0.6097560975609756,0.6756756756756757,0.6410256410256411,6.7073170731707314,0.7555668256262252,0.3902439024390244,0.8648648648648649,0.5378151260504203,4.2926829268292686,0.8647623085420552,2.0
known_mining_neutral_ratio_1_10,full_feature_graph_guided_m4,groupkfold_state_controlled_contamination,2,Washington,M3_broad_XGB,385,1331,407,37,370,0.964499634769905,0.7874970646829421,0.5,0.0,0.0,0.0,370,0,37,0,1.0,0.13513513513513514,0.2380952380952381,11.0,1.0,0.8571428571428571,0.4864864864864865,0.6206896551724138,9.428571428571427,0.8984280163576294,0.6585365853658537,0.7297297297297297,0.6923076923076923,7.2439024390243905,0.7933313585735201,0.4024390243902439,0.8918918918918919,0.5546218487394957,4.426829268292683,0.8922114190178851,2.0
known_mining_neutral_ratio_1_10,full_feature_graph_guided_m4,groupkfold_state_controlled_contamination,2,Washington,M4_spearman_XGB,385,1331,407,37,370,0.962600438276114,0.8427482908650676,0.7824324324324324,0.9545454545454546,0.5675675675675675,0.711864406779661,369,1,16,21,1.0,0.13513513513513514,0.2380952380952381,11.0,1.0,0.9523809523809523,0.5405405405405406,0.6896551724137931,10.476190476190474,0.9686599399606638,0.6829268292682927,0.7567567567567568,0.7179487179487181,7.51219512195122,0.8232400759058371,0.4146341463414634,0.918918918918919,0.5714285714285714,4.560975609756097,0.9239867546223228,2.0
known_mining_neutral_ratio_1_10,full_feature_graph_guided_m4,groupkfold_state_controlled_contamination,2,Washington,Selection_drop_XGB,228,1331,407,37,370,0.9371073776479182,0.7041947100129788,0.6972972972972973,0.7894736842105263,0.40540540540540543,0.5357142857142857,366,4,22,15,1.0,0.13513513513513514,0.2380952380952381,11.0,1.0,0.8095238095238095,0.4594594594594595,0.5862068965517242,8.904761904761905,0.8562826384455073,0.6097560975609756,0.6756756756756757,0.6410256410256411,6.7073170731707314,0.7436138685340538,0.4024390243902439,0.8918918918918919,0.5546218487394957,4.426829268292683,0.8702085630919586,2.0
known_mining_neutral_ratio_1_10,full_feature_graph_guided_m4,groupkfold_state_controlled_contamination,3,Nevada,M2_raw_XGB,385,1430,308,28,280,0.9415816326530613,0.7234917089454681,0.8214285714285714,0.6551724137931034,0.6785714285714286,0.6666666666666666,270,10,9,19,1.0,0.14285714285714285,0.25,11.0,1.0,0.75,0.42857142857142855,0.5454545454545454,8.25,0.8047834560902084,0.6129032258064516,0.6785714285714286,0.6440677966101694,6.741935483870968,0.7393099545695472,0.41935483870967744,0.9285714285714286,0.5777777777777778,4.612903225806452,0.8882254426810589,0.0
known_mining_neutral_ratio_1_10,full_feature_graph_guided_m4,groupkfold_state_controlled_contamination,3,Nevada,M3_broad_XGB,385,1430,308,28,280,0.9173469387755101,0.705038417608602,0.8392857142857143,0.6666666666666666,0.7142857142857143,0.6896551724137931,270,10,8,20,1.0,0.14285714285714285,0.25,11.0,1.0,0.8125,0.4642857142857143,0.5909090909090908,8.9375,0.8469829966728517,0.6451612903225806,0.7142857142857143,0.6779661016949152,7.096774193548387,0.766059255416207,0.3709677419354839,0.8214285714285714,0.5111111111111112,4.080645161290322,0.8319403827548391,0.0
known_mining_neutral_ratio_1_10,full_feature_graph_guided_m4,groupkfold_state_controlled_contamination,3,Nevada,M4_spearman_XGB,385,1430,308,28,280,0.9401785714285714,0.7298788948715137,0.8035714285714286,0.6428571428571429,0.6428571428571429,0.6428571428571429,270,10,10,18,1.0,0.14285714285714285,0.25,11.0,1.0,0.8125,0.4642857142857143,0.5909090909090908,8.9375,0.8546574539234342,0.6129032258064516,0.6785714285714286,0.6440677966101694,6.741935483870968,0.7456289988172768,0.41935483870967744,0.9285714285714286,0.5777777777777778,4.612903225806452,0.8913582354580029,0.0
known_mining_neutral_ratio_1_10,full_feature_graph_guided_m4,groupkfold_state_controlled_contamination,3,Nevada,Selection_drop_XGB,256,1430,308,28,280,0.9403061224489797,0.7042804580594705,0.7964285714285715,0.5625,0.6428571428571429,0.6,266,14,10,18,0.75,0.10714285714285714,0.1875,8.25,0.8318724637288826,0.6875,0.39285714285714285,0.5,7.5625,0.758099932085021,0.5806451612903226,0.6428571428571429,0.6101694915254238,6.387096774193549,0.70695381485551,0.41935483870967744,0.9285714285714286,0.5777777777777778,4.612903225806452,0.8797651402668747,0.0
known_mining_neutral_ratio_1_10,full_feature_graph_guided_m4,groupkfold_state_controlled_contamination,3,Nevada,M2_raw_XGB,385,1430,308,28,280,0.9426020408163266,0.6923786125126051,0.8232142857142857,0.6785714285714286,0.6785714285714286,0.6785714285714286,271,9,9,19,1.0,0.14285714285714285,0.25,11.0,1.0,0.625,0.35714285714285715,0.45454545454545453,6.875,0.7178824652394357,0.6451612903225806,0.7142857142857143,0.6779661016949152,7.096774193548387,0.7492851721747132,0.41935483870967744,0.9285714285714286,0.5777777777777778,4.612903225806452,0.8780926573157158,0.5
known_mining_neutral_ratio_1_10,full_feature_graph_guided_m4,groupkfold_state_controlled_contamination,3,Nevada,M3_broad_XGB,385,1430,308,28,280,0.9243622448979592,0.7001039625991651,0.8589285714285715,0.7,0.75,0.7241379310344828,271,9,7,21,1.0,0.14285714285714285,0.25,11.0,1.0,0.8125,0.4642857142857143,0.5909090909090908,8.9375,0.8354068723368293,0.6774193548387096,0.75,0.7118644067796611,7.451612903225806,0.7820591684531666,0.3709677419354839,0.8214285714285714,0.5111111111111112,4.080645161290322,0.8252608490722182,0.5
known_mining_neutral_ratio_1_10,full_feature_graph_guided_m4,groupkfold_state_controlled_contamination,3,Nevada,M4_spearman_XGB,385,1430,308,28,280,0.9424744897959183,0.7433798274815776,0.8339285714285715,0.6060606060606061,0.7142857142857143,0.6557377049180327,267,13,8,20,1.0,0.14285714285714285,0.25,11.0,1.0,0.8125,0.4642857142857143,0.5909090909090908,8.9375,0.8634011405094926,0.6129032258064516,0.6785714285714286,0.6440677966101694,6.741935483870968,0.7522134250762911,0.41935483870967744,0.9285714285714286,0.5777777777777778,4.612903225806452,0.8985679448100665,0.5
known_mining_neutral_ratio_1_10,full_feature_graph_guided_m4,groupkfold_state_controlled_contamination,3,Nevada,Selection_drop_XGB,230,1430,308,28,280,0.9383928571428571,0.7026759712182312,0.8,0.6,0.6428571428571429,0.6206896551724138,268,12,10,18,1.0,0.14285714285714285,0.25,11.0,1.0,0.75,0.42857142857142855,0.5454545454545454,8.25,0.8190077736232536,0.5806451612903226,0.6428571428571429,0.6101694915254238,6.387096774193549,0.7171749847484756,0.41935483870967744,0.9285714285714286,0.5777777777777778,4.612903225806452,0.8862548469311127,0.5
known_mining_neutral_ratio_1_10,full_feature_graph_guided_m4,groupkfold_state_controlled_contamination,3,Nevada,M2_raw_XGB,385,1430,308,28,280,0.9395408163265305,0.6788563926199211,0.8214285714285714,0.6551724137931034,0.6785714285714286,0.6666666666666666,270,10,9,19,1.0,0.14285714285714285,0.25,11.0,1.0,0.6875,0.39285714285714285,0.5,7.5625,0.7588258094536311,0.6129032258064516,0.6785714285714286,0.6440677966101694,6.741935483870968,0.7280305075903089,0.41935483870967744,0.9285714285714286,0.5777777777777778,4.612903225806452,0.8740767552741134,1.0
known_mining_neutral_ratio_1_10,full_feature_graph_guided_m4,groupkfold_state_controlled_contamination,3,Nevada,M3_broad_XGB,385,1430,308,28,280,0.9146683673469387,0.6835898936661027,0.8196428571428571,0.6333333333333333,0.6785714285714286,0.6551724137931034,269,11,9,19,1.0,0.14285714285714285,0.25,11.0,1.0,0.75,0.42857142857142855,0.5454545454545454,8.25,0.806611373589384,0.6129032258064516,0.6785714285714286,0.6440677966101694,6.741935483870968,0.7393889620910006,0.3709677419354839,0.8214285714285714,0.5111111111111112,4.080645161290322,0.8256411692137675,1.0
known_mining_neutral_ratio_1_10,full_feature_graph_guided_m4,groupkfold_state_controlled_contamination,3,Nevada,M4_spearman_XGB,385,1430,308,28,280,0.9404336734693877,0.731442737898172,0.8142857142857143,0.5757575757575758,0.6785714285714286,0.6229508196721312,266,14,9,19,1.0,0.14285714285714285,0.25,11.0,1.0,0.75,0.42857142857142855,0.5454545454545454,8.25,0.8233338950769485,0.6129032258064516,0.6785714285714286,0.6440677966101694,6.741935483870968,0.749130788766514,0.41935483870967744,0.9285714285714286,0.5777777777777778,4.612903225806452,0.8949873792032307,1.0
known_mining_neutral_ratio_1_10,full_feature_graph_guided_m4,groupkfold_state_controlled_contamination,3,Nevada,Selection_drop_XGB,230,1430,308,28,280,0.9383928571428571,0.7026759712182312,0.8,0.6,0.6428571428571429,0.6206896551724138,268,12,10,18,1.0,0.14285714285714285,0.25,11.0,1.0,0.75,0.42857142857142855,0.5454545454545454,8.25,0.8190077736232536,0.5806451612903226,0.6428571428571429,0.6101694915254238,6.387096774193549,0.7171749847484756,0.41935483870967744,0.9285714285714286,0.5777777777777778,4.612903225806452,0.8862548469311127,1.0
known_mining_neutral_ratio_1_10,full_feature_graph_guided_m4,groupkfold_state_controlled_contamination,3,Nevada,M2_raw_XGB,385,1430,308,28,280,0.9405612244897958,0.6813873212080038,0.8196428571428571,0.6333333333333333,0.6785714285714286,0.6551724137931034,269,11,9,19,1.0,0.14285714285714285,0.25,11.0,1.0,0.6875,0.39285714285714285,0.5,7.5625,0.7500607444852319,0.6129032258064516,0.6785714285714286,0.6440677966101694,6.741935483870968,0.7235110515864053,0.41935483870967744,0.9285714285714286,0.5777777777777778,4.612903225806452,0.8725589037754954,2.0
known_mining_neutral_ratio_1_10,full_feature_graph_guided_m4,groupkfold_state_controlled_contamination,3,Nevada,M3_broad_XGB,385,1430,308,28,280,0.9160714285714285,0.7081261645167453,0.8589285714285715,0.7,0.75,0.7241379310344828,271,9,7,21,1.0,0.14285714285714285,0.25,11.0,1.0,0.8125,0.4642857142857143,0.5909090909090908,8.9375,0.8413881923280734,0.7096774193548387,0.7857142857142857,0.7457627118644068,7.806451612903226,0.8113540328527543,0.3709677419354839,0.8214285714285714,0.5111111111111112,4.080645161290322,0.8316949278845422,2.0
known_mining_neutral_ratio_1_10,full_feature_graph_guided_m4,groupkfold_state_controlled_contamination,3,Nevada,M4_spearman_XGB,385,1430,308,28,280,0.9394132653061225,0.7252756017618198,0.8160714285714286,0.59375,0.6785714285714286,0.6333333333333333,267,13,9,19,1.0,0.14285714285714285,0.25,11.0,1.0,0.8125,0.4642857142857143,0.5909090909090908,8.9375,0.8621583266862908,0.6129032258064516,0.6785714285714286,0.6440677966101694,6.741935483870968,0.7487193936954188,0.41935483870967744,0.9285714285714286,0.5777777777777778,4.612903225806452,0.8930240702989429,2.0
known_mining_neutral_ratio_1_10,full_feature_graph_guided_m4,groupkfold_state_controlled_contamination,3,Nevada,Selection_drop_XGB,230,1430,308,28,280,0.9383928571428571,0.7026759712182312,0.8,0.6,0.6428571428571429,0.6206896551724138,268,12,10,18,1.0,0.14285714285714285,0.25,11.0,1.0,0.75,0.42857142857142855,0.5454545454545454,8.25,0.8190077736232536,0.5806451612903226,0.6428571428571429,0.6101694915254238,6.387096774193549,0.7171749847484756,0.41935483870967744,0.9285714285714286,0.5777777777777778,4.612903225806452,0.8862548469311127,2.0
known_mining_neutral_ratio_1_10,full_feature_graph_guided_m4,groupkfold_state_controlled_contamination,4,California;Colorado;New Mexico;Oregon,M2_raw_XGB,385,1540,198,18,180,0.895679012345679,0.5564243290618842,0.8166666666666667,0.4482758620689655,0.7222222222222222,0.5531914893617021,164,16,5,13,1.0,0.1111111111111111,0.19999999999999998,11.0,1.0,0.6,0.3333333333333333,0.42857142857142855,6.6,0.6804503724350792,0.55,0.6111111111111112,0.5789473684210527,6.050000000000001,0.6580758640018008,0.325,0.7222222222222222,0.44827586206896547,3.575,0.7232734006812405,0.0
known_mining_neutral_ratio_1_10,full_feature_graph_guided_m4,groupkfold_state_controlled_contamination,4,California;Colorado;New Mexico;Oregon,M3_broad_XGB,385,1540,198,18,180,0.8984567901234568,0.708678975994833,0.8194444444444444,0.7058823529411765,0.6666666666666666,0.6857142857142857,175,5,6,12,1.0,0.1111111111111111,0.19999999999999998,11.0,1.0,0.8,0.4444444444444444,0.5714285714285714,8.8,0.8669479898642711,0.6,0.6666666666666666,0.631578947368421,6.6,0.7548278094582754,0.35,0.7777777777777778,0.48275862068965514,3.8499999999999996,0.8192906034949881,0.0
known_mining_neutral_ratio_1_10,full_feature_graph_guided_m4,groupkfold_state_controlled_contamination,4,California;Colorado;New Mexico;Oregon,M4_spearman_XGB,385,1540,198,18,180,0.921604938271605,0.7458584351317044,0.8416666666666667,0.65,0.7222222222222222,0.6842105263157895,173,7,5,13,1.0,0.1111111111111111,0.19999999999999998,11.0,1.0,0.9,0.5,0.6428571428571429,9.9,0.9363792118010483,0.65,0.7222222222222222,0.6842105263157895,7.15,0.7996578351164114,0.325,0.7222222222222222,0.44827586206896547,3.575,0.7996578351164115,0.0
known_mining_neutral_ratio_1_10,full_feature_graph_guided_m4,groupkfold_state_controlled_contamination,4,California;Colorado;New Mexico;Oregon,Selection_drop_XGB,221,1540,198,18,180,0.9104938271604939,0.6606205644574638,0.7972222222222223,0.48,0.6666666666666666,0.5581395348837209,167,13,6,12,1.0,0.1111111111111111,0.19999999999999998,11.0,1.0,0.7,0.3888888888888889,0.5,7.699999999999999,0.8006937664098821,0.5,0.5555555555555556,0.5263157894736842,5.5,0.6739708137232201,0.325,0.7222222222222222,0.44827586206896547,3.575,0.7715590798433586,0.0
known_mining_neutral_ratio_1_10,full_feature_graph_guided_m4,groupkfold_state_controlled_contamination,4,California;Colorado;New Mexico;Oregon,M2_raw_XGB,385,1540,198,18,180,0.8987654320987655,0.6088163495453929,0.7972222222222223,0.48,0.6666666666666666,0.5581395348837209,167,13,6,12,1.0,0.1111111111111111,0.19999999999999998,11.0,1.0,0.6,0.3333333333333333,0.42857142857142855,6.6,0.7058075148678529,0.6,0.6666666666666666,0.631578947368421,6.6,0.7178229514771153,0.325,0.7222222222222222,0.44827586206896547,3.575,0.7497790204751894,0.5
known_mining_neutral_ratio_1_10,full_feature_graph_guided_m4,groupkfold_state_controlled_contamination,4,California;Colorado;New Mexico;Oregon,M3_broad_XGB,385,1540,198,18,180,0.8848765432098765,0.6639250457218658,0.7916666666666667,0.6875,0.6111111111111112,0.6470588235294118,175,5,7,11,1.0,0.1111111111111111,0.19999999999999998,11.0,1.0,0.8,0.4444444444444444,0.5714285714285714,8.8,0.8486026589039901,0.6,0.6666666666666666,0.631578947368421,6.6,0.7373692321262099,0.35,0.7777777777777778,0.48275862068965514,3.8499999999999996,0.8018320261629225,0.5
known_mining_neutral_ratio_1_10,full_feature_graph_guided_m4,groupkfold_state_controlled_contamination,4,California;Colorado;New Mexico;Oregon,M4_spearman_XGB,385,1540,198,18,180,0.9262345679012346,0.7377710487184643,0.8083333333333333,0.5714285714285714,0.6666666666666666,0.6153846153846154,171,9,6,12,1.0,0.1111111111111111,0.19999999999999998,11.0,1.0,0.9,0.5,0.6428571428571429,9.9,0.9363792118010483,0.6,0.6666666666666666,0.631578947368421,6.6,0.7621838603325867,0.325,0.7222222222222222,0.44827586206896547,3.575,0.7953242650956169,0.5
known_mining_neutral_ratio_1_10,full_feature_graph_guided_m4,groupkfold_state_controlled_contamination,4,California;Colorado;New Mexico;Oregon,Selection_drop_XGB,196,1540,198,18,180,0.9089506172839505,0.6410387628307739,0.7777777777777778,0.5238095238095238,0.6111111111111112,0.5641025641025641,170,10,7,11,1.0,0.1111111111111111,0.19999999999999998,11.0,1.0,0.8,0.4444444444444444,0.5714285714285714,8.8,0.8512360941594275,0.55,0.6111111111111112,0.5789473684210527,6.050000000000001,0.6983386934309074,0.325,0.7222222222222222,0.44827586206896547,3.575,0.7624452487808698,0.5
known_mining_neutral_ratio_1_10,full_feature_graph_guided_m4,groupkfold_state_controlled_contamination,4,California;Colorado;New Mexico;Oregon,M2_raw_XGB,385,1540,198,18,180,0.9027777777777778,0.6319377856358702,0.8055555555555556,0.5454545454545454,0.6666666666666666,0.6,170,10,6,12,1.0,0.1111111111111111,0.19999999999999998,11.0,1.0,0.7,0.3888888888888889,0.5,7.699999999999999,0.77523873680463,0.6,0.6666666666666666,0.631578947368421,6.6,0.7256061048239465,0.325,0.7222222222222222,0.44827586206896547,3.575,0.7583262207982067,1.0
known_mining_neutral_ratio_1_10,full_feature_graph_guided_m4,groupkfold_state_controlled_contamination,4,California;Colorado;New Mexico;Oregon,M3_broad_XGB,385,1540,198,18,180,0.8904320987654321,0.6694646162742922,0.7916666666666667,0.6875,0.6111111111111112,0.6470588235294118,175,5,7,11,1.0,0.1111111111111111,0.19999999999999998,11.0,1.0,0.7,0.3888888888888889,0.5,7.699999999999999,0.7818048722226502,0.65,0.7222222222222222,0.6842105263157895,7.15,0.7721197953949146,0.35,0.7777777777777778,0.48275862068965514,3.8499999999999996,0.8025092980143578,1.0
known_mining_neutral_ratio_1_10,full_feature_graph_guided_m4,groupkfold_state_controlled_contamination,4,California;Colorado;New Mexico;Oregon,M4_spearman_XGB,385,1540,198,18,180,0.9268518518518519,0.76331257789257,0.8138888888888889,0.631578947368421,0.6666666666666666,0.6486486486486487,173,7,6,12,1.0,0.1111111111111111,0.19999999999999998,11.0,1.0,1.0,0.5555555555555556,0.7142857142857143,11.0,1.0,0.6,0.6666666666666666,0.631578947368421,6.6,0.7699412703726012,0.325,0.7222222222222222,0.44827586206896547,3.575,0.8035315062471775,1.0
known_mining_neutral_ratio_1_10,full_feature_graph_guided_m4,groupkfold_state_controlled_contamination,4,California;Colorado;New Mexico;Oregon,Selection_drop_XGB,196,1540,198,18,180,0.9089506172839505,0.6410387628307739,0.7777777777777778,0.5238095238095238,0.6111111111111112,0.5641025641025641,170,10,7,11,1.0,0.1111111111111111,0.19999999999999998,11.0,1.0,0.8,0.4444444444444444,0.5714285714285714,8.8,0.8512360941594275,0.55,0.6111111111111112,0.5789473684210527,6.050000000000001,0.6983386934309074,0.325,0.7222222222222222,0.44827586206896547,3.575,0.7624452487808698,1.0
known_mining_neutral_ratio_1_10,full_feature_graph_guided_m4,groupkfold_state_controlled_contamination,4,California;Colorado;New Mexico;Oregon,M2_raw_XGB,385,1540,198,18,180,0.9018518518518519,0.5806833952998095,0.8305555555555555,0.5416666666666666,0.7222222222222222,0.6190476190476191,169,11,5,13,1.0,0.1111111111111111,0.19999999999999998,11.0,1.0,0.6,0.3333333333333333,0.42857142857142855,6.6,0.6968404678259547,0.55,0.6111111111111112,0.5789473684210527,6.050000000000001,0.6694707528142664,0.325,0.7222222222222222,0.44827586206896547,3.575,0.7353312735515569,2.0
known_mining_neutral_ratio_1_10,full_feature_graph_guided_m4,groupkfold_state_controlled_contamination,4,California;Colorado;New Mexico;Oregon,M3_broad_XGB,385,1540,198,18,180,0.8873456790123457,0.6672595294934349,0.8194444444444444,0.7058823529411765,0.6666666666666666,0.6857142857142857,175,5,6,12,1.0,0.1111111111111111,0.19999999999999998,11.0,1.0,0.8,0.4444444444444444,0.5714285714285714,8.8,0.8415908474314977,0.6,0.6666666666666666,0.631578947368421,6.6,0.7364163739540429,0.35,0.7777777777777778,0.48275862068965514,3.8499999999999996,0.7994238299051801,2.0
known_mining_neutral_ratio_1_10,full_feature_graph_guided_m4,groupkfold_state_controlled_contamination,4,California;Colorado;New Mexico;Oregon,M4_spearman_XGB,385,1540,198,18,180,0.9256172839506173,0.7474866143184362,0.8083333333333333,0.5714285714285714,0.6666666666666666,0.6153846153846154,171,9,6,12,1.0,0.1111111111111111,0.19999999999999998,11.0,1.0,1.0,0.5555555555555556,0.7142857142857143,11.0,1.0,0.6,0.6666666666666666,0.631578947368421,6.6,0.7657136352640138,0.325,0.7222222222222222,0.44827586206896547,3.575,0.7988540400270442,2.0
known_mining_neutral_ratio_1_10,full_feature_graph_guided_m4,groupkfold_state_controlled_contamination,4,California;Colorado;New Mexico;Oregon,Selection_drop_XGB,196,1540,198,18,180,0.9089506172839505,0.6410387628307739,0.7777777777777778,0.5238095238095238,0.6111111111111112,0.5641025641025641,170,10,7,11,1.0,0.1111111111111111,0.19999999999999998,11.0,1.0,0.8,0.4444444444444444,0.5714285714285714,8.8,0.8512360941594275,0.55,0.6111111111111112,0.5789473684210527,6.050000000000001,0.6983386934309074,0.325,0.7222222222222222,0.44827586206896547,3.575,0.7624452487808698,2.0
known_mining_neutral_ratio_1_10,full_feature_graph_guided_m4,groupkfold_state_controlled_contamination,5,Idaho;Montana;Utah;Wyoming,M2_raw_XGB,385,1551,187,17,170,0.985121107266436,0.7917145762733998,0.9764705882352941,0.68,1.0,0.8095238095238095,162,8,0,17,0.5,0.058823529411764705,0.10526315789473684,5.5,0.6131471927654584,0.8,0.47058823529411764,0.5925925925925927,8.8,0.7877736340270853,0.7368421052631579,0.8235294117647058,0.7777777777777778,8.105263157894736,0.8047680913872917,0.4473684210526316,1.0,0.6181818181818182,4.921052631578947,0.9108189652096409,0.0
known_mining_neutral_ratio_1_10,full_feature_graph_guided_m4,groupkfold_state_controlled_contamination,5,Idaho;Montana;Utah;Wyoming,M3_broad_XGB,385,1551,187,17,170,0.9460207612456748,0.6049559972391376,0.8058823529411765,0.6470588235294118,0.6470588235294118,0.6470588235294118,164,6,6,11,0.5,0.058823529411764705,0.10526315789473684,5.5,0.38685280723454163,0.6,0.35294117647058826,0.4444444444444445,6.6,0.5806020001118019,0.5789473684210527,0.6470588235294118,0.6111111111111113,6.368421052631579,0.6143673083121889,0.42105263157894735,0.9411764705882353,0.5818181818181818,4.63157894736842,0.7768367777782677,0.0
known_mining_neutral_ratio_1_10,full_feature_graph_guided_m4,groupkfold_state_controlled_contamination,5,Idaho;Montana;Utah;Wyoming,M4_spearman_XGB,385,1551,187,17,170,0.9705882352941176,0.7731366019601313,0.9058823529411765,0.5555555555555556,0.8823529411764706,0.6818181818181818,158,12,2,15,1.0,0.11764705882352941,0.21052631578947367,11.0,1.0,0.8,0.47058823529411764,0.5925925925925927,8.8,0.8389574121760603,0.631578947368421,0.7058823529411765,0.6666666666666667,6.947368421052631,0.7689547386652877,0.4473684210526316,1.0,0.6181818181818182,4.921052631578947,0.9302862647681132,0.0
known_mining_neutral_ratio_1_10,full_feature_graph_guided_m4,groupkfold_state_controlled_contamination,5,Idaho;Montana;Utah;Wyoming,Selection_drop_XGB,206,1551,187,17,170,0.9837370242214534,0.8159236543507644,0.9764705882352941,0.68,1.0,0.8095238095238095,162,8,0,17,1.0,0.11764705882352941,0.21052631578947367,11.0,1.0,0.8,0.47058823529411764,0.5925925925925927,8.8,0.8318477135310892,0.6842105263157895,0.7647058823529411,0.7222222222222222,7.526315789473684,0.8009609827029432,0.4473684210526316,1.0,0.6181818181818182,4.921052631578947,0.9404792638181486,0.0
known_mining_neutral_ratio_1_10,full_feature_graph_guided_m4,groupkfold_state_controlled_contamination,5,Idaho;Montana;Utah;Wyoming,M2_raw_XGB,385,1551,187,17,170,0.9830449826989619,0.8266389111135058,0.9441176470588235,0.64,0.9411764705882353,0.7619047619047619,161,9,1,16,1.0,0.11764705882352941,0.21052631578947367,11.0,1.0,0.7,0.4117647058823529,0.5185185185185185,7.699999999999999,0.7885497208855957,0.7368421052631579,0.8235294117647058,0.7777777777777778,8.105263157894736,0.8465114674638579,0.4473684210526316,1.0,0.6181818181818182,4.921052631578947,0.9494649198534398,0.5
known_mining_neutral_ratio_1_10,full_feature_graph_guided_m4,groupkfold_state_controlled_contamination,5,Idaho;Montana;Utah;Wyoming,M3_broad_XGB,385,1551,187,17,170,0.9477508650519031,0.6090328731719032,0.7764705882352941,0.625,0.5882352941176471,0.6060606060606061,164,6,7,10,0.5,0.058823529411764705,0.10526315789473684,5.5,0.38685280723454163,0.6,0.35294117647058826,0.4444444444444445,6.6,0.5806020001118019,0.631578947368421,0.7058823529411765,0.6666666666666667,6.947368421052631,0.6518833520670019,0.42105263157894735,0.9411764705882353,0.5818181818181818,4.63157894736842,0.7778012579475163,0.5
known_mining_neutral_ratio_1_10,full_feature_graph_guided_m4,groupkfold_state_controlled_contamination,5,Idaho;Montana;Utah;Wyoming,M4_spearman_XGB,385,1551,187,17,170,0.9705882352941176,0.7617065287653524,0.9058823529411765,0.5555555555555556,0.8823529411764706,0.6818181818181818,158,12,2,15,1.0,0.11764705882352941,0.21052631578947367,11.0,1.0,0.8,0.47058823529411764,0.5925925925925927,8.8,0.8389574121760603,0.631578947368421,0.7058823529411765,0.6666666666666667,6.947368421052631,0.7643937856806227,0.4473684210526316,1.0,0.6181818181818182,4.921052631578947,0.926692174883578,0.5
known_mining_neutral_ratio_1_10,full_feature_graph_guided_m4,groupkfold_state_controlled_contamination,5,Idaho;Montana;Utah;Wyoming,Selection_drop_XGB,187,1551,187,17,170,0.9875432525951557,0.8408233493372813,0.9764705882352941,0.68,1.0,0.8095238095238095,162,8,0,17,1.0,0.11764705882352941,0.21052631578947367,11.0,1.0,0.8,0.47058823529411764,0.5925925925925927,8.8,0.8318477135310892,0.7894736842105263,0.8823529411764706,0.8333333333333333,8.68421052631579,0.8768186173932139,0.4473684210526316,1.0,0.6181818181818182,4.921052631578947,0.9469922410963,0.5
known_mining_neutral_ratio_1_10,full_feature_graph_guided_m4,groupkfold_state_controlled_contamination,5,Idaho;Montana;Utah;Wyoming,M2_raw_XGB,385,1551,187,17,170,0.9830449826989619,0.8215720324604427,0.9705882352941176,0.6296296296296297,1.0,0.7727272727272727,160,10,0,17,1.0,0.11764705882352941,0.21052631578947367,11.0,1.0,0.8,0.47058823529411764,0.5925925925925927,8.8,0.8454256604216018,0.7368421052631579,0.8235294117647058,0.7777777777777778,8.105263157894736,0.8433690220431145,0.4473684210526316,1.0,0.6181818181818182,4.921052631578947,0.946601559076568,1.0
known_mining_neutral_ratio_1_10,full_feature_graph_guided_m4,groupkfold_state_controlled_contamination,5,Idaho;Montana;Utah;Wyoming,M3_broad_XGB,385,1551,187,17,170,0.9470588235294117,0.6129231720408193,0.7735294117647059,0.5882352941176471,0.5882352941176471,0.5882352941176471,163,7,7,10,0.5,0.058823529411764705,0.10526315789473684,5.5,0.38685280723454163,0.6,0.35294117647058826,0.4444444444444445,6.6,0.5806020001118019,0.5789473684210527,0.6470588235294118,0.6111111111111113,6.368421052631579,0.6156667453466348,0.42105263157894735,0.9411764705882353,0.5818181818181818,4.63157894736842,0.7777852304477298,1.0
known_mining_neutral_ratio_1_10,full_feature_graph_guided_m4,groupkfold_state_controlled_contamination,5,Idaho;Montana;Utah;Wyoming,M4_spearman_XGB,385,1551,187,17,170,0.972318339100346,0.7932467205996618,0.9058823529411765,0.5555555555555556,0.8823529411764706,0.6818181818181818,158,12,2,15,1.0,0.11764705882352941,0.21052631578947367,11.0,1.0,0.8,0.47058823529411764,0.5925925925925927,8.8,0.8553475075669357,0.631578947368421,0.7058823529411765,0.6666666666666667,6.947368421052631,0.7789080587700139,0.4473684210526316,1.0,0.6181818181818182,4.921052631578947,0.9413617505962418,1.0
known_mining_neutral_ratio_1_10,full_feature_graph_guided_m4,groupkfold_state_controlled_contamination,5,Idaho;Montana;Utah;Wyoming,Selection_drop_XGB,186,1551,187,17,170,0.9840830449826989,0.805834985852287,0.9676470588235294,0.6071428571428571,1.0,0.7555555555555555,159,11,0,17,1.0,0.11764705882352941,0.21052631578947367,11.0,1.0,0.8,0.47058823529411764,0.5925925925925927,8.8,0.8200685179888284,0.7368421052631579,0.8235294117647058,0.7777777777777778,8.105263157894736,0.8285359466895127,0.4473684210526316,1.0,0.6181818181818182,4.921052631578947,0.9331834466686327,1.0
known_mining_neutral_ratio_1_10,full_feature_graph_guided_m4,groupkfold_state_controlled_contamination,5,Idaho;Montana;Utah;Wyoming,M2_raw_XGB,385,1551,187,17,170,0.9844290657439445,0.8342419047278382,0.9735294117647059,0.6538461538461539,1.0,0.7906976744186046,161,9,0,17,1.0,0.11764705882352941,0.21052631578947367,11.0,1.0,0.8,0.47058823529411764,0.5925925925925927,8.8,0.8482378089219648,0.7368421052631579,0.8235294117647058,0.7777777777777778,8.105263157894736,0.8472976420827639,0.4473684210526316,1.0,0.6181818181818182,4.921052631578947,0.9510701297191837,2.0
known_mining_neutral_ratio_1_10,full_feature_graph_guided_m4,groupkfold_state_controlled_contamination,5,Idaho;Montana;Utah;Wyoming,M3_broad_XGB,385,1551,187,17,170,0.9467128027681662,0.610853444716041,0.8352941176470589,0.6666666666666666,0.7058823529411765,0.6857142857142857,164,6,5,12,0.5,0.058823529411764705,0.10526315789473684,5.5,0.38685280723454163,0.6,0.35294117647058826,0.4444444444444445,6.6,0.5806020001118019,0.631578947368421,0.7058823529411765,0.6666666666666667,6.947368421052631,0.6548291561920802,0.42105263157894735,0.9411764705882353,0.5818181818181818,4.63157894736842,0.7798062539702836,2.0
known_mining_neutral_ratio_1_10,full_feature_graph_guided_m4,groupkfold_state_controlled_contamination,5,Idaho;Montana;Utah;Wyoming,M4_spearman_XGB,385,1551,187,17,170,0.9716262975778547,0.783045973634209,0.9058823529411765,0.5555555555555556,0.8823529411764706,0.6818181818181818,158,12,2,15,1.0,0.11764705882352941,0.21052631578947367,11.0,1.0,0.8,0.47058823529411764,0.5925925925925927,8.8,0.8553475075669357,0.631578947368421,0.7058823529411765,0.6666666666666667,6.947368421052631,0.775718843962647,0.4473684210526316,1.0,0.6181818181818182,4.921052631578947,0.9385342421457487,2.0
known_mining_neutral_ratio_1_10,full_feature_graph_guided_m4,groupkfold_state_controlled_contamination,5,Idaho;Montana;Utah;Wyoming,Selection_drop_XGB,186,1551,187,17,170,0.9840830449826989,0.805834985852287,0.9676470588235294,0.6071428571428571,1.0,0.7555555555555555,159,11,0,17,1.0,0.11764705882352941,0.21052631578947367,11.0,1.0,0.8,0.47058823529411764,0.5925925925925927,8.8,0.8200685179888284,0.7368421052631579,0.8235294117647058,0.7777777777777778,8.105263157894736,0.8285359466895127,0.4473684210526316,1.0,0.6181818181818182,4.921052631578947,0.9331834466686327,2.0
