column,role,dtype,is_numeric,missing_rate,n_unique,used_in_m1_full_climate,used_in_m2_no_climate,used_in_m3_climate_normalized,used_as_climate_adjuster
sample_id,metadata,str,False,0.0,1668,False,False,False,False
Y_label,target,int64,True,0.0,2,False,False,False,False
sample_type,metadata,str,False,0.0,2,False,False,False,False
negative_type,metadata,str,False,0.0,2,False,False,False,False
state,metadata,string,False,0.0,11,False,False,False,False
latitude,metadata,float64,True,0.0,1736,False,False,False,False
longitude,metadata,float64,True,0.0,1729,False,False,False,False
dep_id,metadata,string,False,0.0,1668,False,False,False,False
mrds_id,metadata,string,False,0.9090909090909091,141,False,False,False,False
site_name,metadata,string,False,0.0,157,False,False,False,False
env_aridity_index_ppt_pet,climate,float64,True,0.0,1668,True,False,False,True
env_climate_ppt_annual_mm,climate,float64,True,0.0,1581,True,False,False,True
env_climate_pet_annual_mm,climate,float64,True,0.0,1642,True,False,False,True
env_climate_deficit_annual_mm,climate,float64,True,0.0,1629,True,False,False,True
env_climate_tmean_annual_c,climate,float64,True,0.0,1529,True,False,False,True
env_climate_swe_annual_mean_mm,climate,float64,True,0.0,1031,True,False,False,True
env_aridity_class_unep,climate,str,False,0.0,5,False,False,False,False
env_aridity_class_3,climate,str,False,0.0,3,False,False,False,False
env_snow_influence,climate,str,False,0.0,2,False,False,False,False
env_relief_class,environment_group,str,False,0.0,3,False,False,False,False
env_water_deficit_class,climate,str,False,0.0,3,False,False,False,False
env_causal_group,environment_group,str,False,0.0,4,False,False,False,False
env_causal_group_id,environment_group,int64,True,0.0,4,False,False,False,False
env_weathering_regime,environment_group,str,False,0.0,12,False,False,False,False
ratio_label,other_non_numeric,str,False,0.0,1,False,False,False,False
sample_role_note,other_non_numeric,string,False,1.0,0,False,False,False,False
geochem2_nure_Cu_ppm_nearest,geochemistry,float64,True,0.0,503,True,True,True,False
geochem2_nure_Mo_ppm_nearest,geochemistry,float64,True,0.0,276,True,True,True,False
geochem2_nure_Au_sq_ppm_nearest,geochemistry,float64,True,0.14499424626006904,154,True,True,True,False
geochem2_nure_Ag_ppm_nearest,geochemistry,float64,True,0.0,297,True,True,True,False
geochem2_nure_Pb_ppm_nearest,geochemistry,float64,True,0.0,405,True,True,True,False
geochem2_nure_Zn_ppm_nearest,geochemistry,float64,True,0.0,511,True,True,True,False
geochem2_nure_As_ppm_nearest,geochemistry,float64,True,0.0,583,True,True,True,False
geochem2_nure_Sb_ppm_nearest,geochemistry,float64,True,0.0,321,True,True,True,False
geochem2_nure_Bi_ppm_nearest,geochemistry,float64,True,0.0,440,True,True,True,False
geochem2_nure_W_ppm_nearest,geochemistry,float64,True,0.0,480,True,True,True,False
geochem2_nure_Cu_ppm_mean_10km,geochemistry,float64,True,0.5989643268124281,683,True,True,True,False
geochem2_nure_Cu_ppm_median_10km,geochemistry,float64,True,0.5989643268124281,467,True,True,True,False
geochem2_nure_Cu_ppm_max_10km,geochemistry,float64,True,0.5989643268124281,434,True,True,True,False
geochem2_nure_Cu_ppm_p95_10km,geochemistry,float64,True,0.5989643268124281,668,True,True,True,False
geochem2_nure_Mo_ppm_mean_10km,geochemistry,float64,True,0.5989643268124281,683,True,True,True,False
geochem2_nure_Mo_ppm_median_10km,geochemistry,float64,True,0.5989643268124281,319,True,True,True,False
geochem2_nure_Mo_ppm_max_10km,geochemistry,float64,True,0.5989643268124281,375,True,True,True,False
geochem2_nure_Mo_ppm_p95_10km,geochemistry,float64,True,0.5989643268124281,650,True,True,True,False
geochem2_nure_Au_sq_ppm_mean_10km,geochemistry,float64,True,0.5995397008055235,661,True,True,True,False
geochem2_nure_Au_sq_ppm_median_10km,geochemistry,float64,True,0.5995397008055235,171,True,True,True,False
geochem2_nure_Au_sq_ppm_max_10km,geochemistry,float64,True,0.5995397008055235,304,True,True,True,False
geochem2_nure_Au_sq_ppm_p95_10km,geochemistry,float64,True,0.5995397008055235,637,True,True,True,False
geochem2_nure_Ag_ppm_mean_10km,geochemistry,float64,True,0.5989643268124281,676,True,True,True,False
geochem2_nure_Ag_ppm_median_10km,geochemistry,float64,True,0.5989643268124281,321,True,True,True,False
geochem2_nure_Ag_ppm_max_10km,geochemistry,float64,True,0.5989643268124281,384,True,True,True,False
geochem2_nure_Ag_ppm_p95_10km,geochemistry,float64,True,0.5989643268124281,665,True,True,True,False
geochem2_nure_Pb_ppm_mean_10km,geochemistry,float64,True,0.5989643268124281,683,True,True,True,False
geochem2_nure_Pb_ppm_median_10km,geochemistry,float64,True,0.5989643268124281,385,True,True,True,False
geochem2_nure_Pb_ppm_max_10km,geochemistry,float64,True,0.5989643268124281,420,True,True,True,False
geochem2_nure_Pb_ppm_p95_10km,geochemistry,float64,True,0.5989643268124281,673,True,True,True,False
geochem2_nure_Zn_ppm_mean_10km,geochemistry,float64,True,0.5989643268124281,687,True,True,True,False
geochem2_nure_Zn_ppm_median_10km,geochemistry,float64,True,0.5989643268124281,472,True,True,True,False
geochem2_nure_Zn_ppm_max_10km,geochemistry,float64,True,0.5989643268124281,385,True,True,True,False
geochem2_nure_Zn_ppm_p95_10km,geochemistry,float64,True,0.5989643268124281,663,True,True,True,False
geochem2_nure_As_ppm_mean_10km,geochemistry,float64,True,0.5989643268124281,685,True,True,True,False
geochem2_nure_As_ppm_median_10km,geochemistry,float64,True,0.5989643268124281,533,True,True,True,False
geochem2_nure_As_ppm_max_10km,geochemistry,float64,True,0.5989643268124281,453,True,True,True,False
geochem2_nure_As_ppm_p95_10km,geochemistry,float64,True,0.5989643268124281,677,True,True,True,False
geochem2_nure_Sb_ppm_mean_10km,geochemistry,float64,True,0.5989643268124281,677,True,True,True,False
geochem2_nure_Sb_ppm_median_10km,geochemistry,float64,True,0.5989643268124281,354,True,True,True,False
geochem2_nure_Sb_ppm_max_10km,geochemistry,float64,True,0.5989643268124281,390,True,True,True,False
geochem2_nure_Sb_ppm_p95_10km,geochemistry,float64,True,0.5989643268124281,657,True,True,True,False
geochem2_nure_Bi_ppm_mean_10km,geochemistry,float64,True,0.5989643268124281,680,True,True,True,False
geochem2_nure_Bi_ppm_median_10km,geochemistry,float64,True,0.5989643268124281,421,True,True,True,False
geochem2_nure_Bi_ppm_max_10km,geochemistry,float64,True,0.5989643268124281,435,True,True,True,False
geochem2_nure_Bi_ppm_p95_10km,geochemistry,float64,True,0.5989643268124281,662,True,True,True,False
geochem2_nure_W_ppm_mean_10km,geochemistry,float64,True,0.5989643268124281,686,True,True,True,False
geochem2_nure_W_ppm_median_10km,geochemistry,float64,True,0.5989643268124281,474,True,True,True,False
geochem2_nure_W_ppm_max_10km,geochemistry,float64,True,0.5989643268124281,441,True,True,True,False
geochem2_nure_W_ppm_p95_10km,geochemistry,float64,True,0.5989643268124281,675,True,True,True,False
geochem2_nure_Cu_ppm_mean_25km,geochemistry,float64,True,0.5408515535097813,787,True,True,True,False
geochem2_nure_Cu_ppm_median_25km,geochemistry,float64,True,0.5408515535097813,456,True,True,True,False
geochem2_nure_Cu_ppm_max_25km,geochemistry,float64,True,0.5408515535097813,366,True,True,True,False
geochem2_nure_Cu_ppm_p95_25km,geochemistry,float64,True,0.5408515535097813,765,True,True,True,False
geochem2_nure_Mo_ppm_mean_25km,geochemistry,float64,True,0.5408515535097813,785,True,True,True,False
geochem2_nure_Mo_ppm_median_25km,geochemistry,float64,True,0.5408515535097813,274,True,True,True,False
geochem2_nure_Mo_ppm_max_25km,geochemistry,float64,True,0.5408515535097813,346,True,True,True,False
geochem2_nure_Mo_ppm_p95_25km,geochemistry,float64,True,0.5408515535097813,760,True,True,True,False
geochem2_nure_Au_sq_ppm_mean_25km,geochemistry,float64,True,0.5408515535097813,783,True,True,True,False
geochem2_nure_Au_sq_ppm_median_25km,geochemistry,float64,True,0.5408515535097813,123,True,True,True,False
geochem2_nure_Au_sq_ppm_max_25km,geochemistry,float64,True,0.5408515535097813,317,True,True,True,False
geochem2_nure_Au_sq_ppm_p95_25km,geochemistry,float64,True,0.5408515535097813,723,True,True,True,False
geochem2_nure_Ag_ppm_mean_25km,geochemistry,float64,True,0.5408515535097813,787,True,True,True,False
geochem2_nure_Ag_ppm_median_25km,geochemistry,float64,True,0.5408515535097813,274,True,True,True,False
geochem2_nure_Ag_ppm_max_25km,geochemistry,float64,True,0.5408515535097813,354,True,True,True,False
geochem2_nure_Ag_ppm_p95_25km,geochemistry,float64,True,0.5408515535097813,764,True,True,True,False
geochem2_nure_Pb_ppm_mean_25km,geochemistry,float64,True,0.5408515535097813,786,True,True,True,False
geochem2_nure_Pb_ppm_median_25km,geochemistry,float64,True,0.5408515535097813,380,True,True,True,False
geochem2_nure_Pb_ppm_max_25km,geochemistry,float64,True,0.5408515535097813,339,True,True,True,False
geochem2_nure_Pb_ppm_p95_25km,geochemistry,float64,True,0.5408515535097813,769,True,True,True,False
geochem2_nure_Zn_ppm_mean_25km,geochemistry,float64,True,0.5408515535097813,786,True,True,True,False
geochem2_nure_Zn_ppm_median_25km,geochemistry,float64,True,0.5408515535097813,500,True,True,True,False
geochem2_nure_Zn_ppm_max_25km,geochemistry,float64,True,0.5408515535097813,346,True,True,True,False
geochem2_nure_Zn_ppm_p95_25km,geochemistry,float64,True,0.5408515535097813,752,True,True,True,False
geochem2_nure_As_ppm_mean_25km,geochemistry,float64,True,0.5408515535097813,787,True,True,True,False
geochem2_nure_As_ppm_median_25km,geochemistry,float64,True,0.5408515535097813,568,True,True,True,False
geochem2_nure_As_ppm_max_25km,geochemistry,float64,True,0.5408515535097813,360,True,True,True,False
geochem2_nure_As_ppm_p95_25km,geochemistry,float64,True,0.5408515535097813,772,True,True,True,False
geochem2_nure_Sb_ppm_mean_25km,geochemistry,float64,True,0.5408515535097813,787,True,True,True,False
geochem2_nure_Sb_ppm_median_25km,geochemistry,float64,True,0.5408515535097813,350,True,True,True,False
geochem2_nure_Sb_ppm_max_25km,geochemistry,float64,True,0.5408515535097813,332,True,True,True,False
geochem2_nure_Sb_ppm_p95_25km,geochemistry,float64,True,0.5408515535097813,755,True,True,True,False
geochem2_nure_Bi_ppm_mean_25km,geochemistry,float64,True,0.5408515535097813,787,True,True,True,False
geochem2_nure_Bi_ppm_median_25km,geochemistry,float64,True,0.5408515535097813,423,True,True,True,False
geochem2_nure_Bi_ppm_max_25km,geochemistry,float64,True,0.5408515535097813,364,True,True,True,False
geochem2_nure_Bi_ppm_p95_25km,geochemistry,float64,True,0.5408515535097813,765,True,True,True,False
geochem2_nure_W_ppm_mean_25km,geochemistry,float64,True,0.5408515535097813,787,True,True,True,False
geochem2_nure_W_ppm_median_25km,geochemistry,float64,True,0.5408515535097813,476,True,True,True,False
geochem2_nure_W_ppm_max_25km,geochemistry,float64,True,0.5408515535097813,350,True,True,True,False
geochem2_nure_W_ppm_p95_25km,geochemistry,float64,True,0.5408515535097813,772,True,True,True,False
geochem2_nure_Re_ppm_mean_25km,geochemistry,float64,True,0.5874568469505178,369,True,True,True,False
geochem2_nure_Re_ppm_median_25km,geochemistry,float64,True,0.5874568469505178,36,True,True,True,False
geochem2_nure_Re_ppm_max_25km,geochemistry,float64,True,0.5874568469505178,81,True,True,True,False
geochem2_nure_Re_ppm_p95_25km,geochemistry,float64,True,0.5874568469505178,296,True,True,True,False
geochem2_nure_Cu_ppm_mean_50km,geochemistry,float64,True,0.46317606444188725,915,True,True,True,False
geochem2_nure_Cu_ppm_median_50km,geochemistry,float64,True,0.46317606444188725,469,True,True,True,False
geochem2_nure_Cu_ppm_max_50km,geochemistry,float64,True,0.46317606444188725,262,True,True,True,False
geochem2_nure_Cu_ppm_p95_50km,geochemistry,float64,True,0.46317606444188725,879,True,True,True,False
geochem2_nure_Mo_ppm_mean_50km,geochemistry,float64,True,0.46317606444188725,915,True,True,True,False
geochem2_nure_Mo_ppm_median_50km,geochemistry,float64,True,0.46317606444188725,236,True,True,True,False
geochem2_nure_Mo_ppm_max_50km,geochemistry,float64,True,0.46317606444188725,240,True,True,True,False
geochem2_nure_Mo_ppm_p95_50km,geochemistry,float64,True,0.46317606444188725,865,True,True,True,False
geochem2_nure_Au_sq_ppm_mean_50km,geochemistry,float64,True,0.46317606444188725,912,True,True,True,False
geochem2_nure_Au_sq_ppm_median_50km,geochemistry,float64,True,0.46317606444188725,92,True,True,True,False
geochem2_nure_Au_sq_ppm_max_50km,geochemistry,float64,True,0.46317606444188725,223,True,True,True,False
geochem2_nure_Au_sq_ppm_p95_50km,geochemistry,float64,True,0.46317606444188725,805,True,True,True,False
geochem2_nure_Ag_ppm_mean_50km,geochemistry,float64,True,0.46317606444188725,913,True,True,True,False
geochem2_nure_Ag_ppm_median_50km,geochemistry,float64,True,0.46317606444188725,230,True,True,True,False
geochem2_nure_Ag_ppm_max_50km,geochemistry,float64,True,0.46317606444188725,242,True,True,True,False
geochem2_nure_Ag_ppm_p95_50km,geochemistry,float64,True,0.46317606444188725,881,True,True,True,False
geochem2_nure_Pb_ppm_mean_50km,geochemistry,float64,True,0.46317606444188725,915,True,True,True,False
geochem2_nure_Pb_ppm_median_50km,geochemistry,float64,True,0.46317606444188725,347,True,True,True,False
geochem2_nure_Pb_ppm_max_50km,geochemistry,float64,True,0.46317606444188725,239,True,True,True,False
geochem2_nure_Pb_ppm_p95_50km,geochemistry,float64,True,0.46317606444188725,895,True,True,True,False
geochem2_nure_Zn_ppm_mean_50km,geochemistry,float64,True,0.46317606444188725,915,True,True,True,False
geochem2_nure_Zn_ppm_median_50km,geochemistry,float64,True,0.46317606444188725,524,True,True,True,False
geochem2_nure_Zn_ppm_max_50km,geochemistry,float64,True,0.46317606444188725,246,True,True,True,False
geochem2_nure_Zn_ppm_p95_50km,geochemistry,float64,True,0.46317606444188725,841,True,True,True,False
geochem2_nure_As_ppm_mean_50km,geochemistry,float64,True,0.46317606444188725,915,True,True,True,False
geochem2_nure_As_ppm_median_50km,geochemistry,float64,True,0.46317606444188725,615,True,True,True,False
geochem2_nure_As_ppm_max_50km,geochemistry,float64,True,0.46317606444188725,240,True,True,True,False
geochem2_nure_As_ppm_p95_50km,geochemistry,float64,True,0.46317606444188725,881,True,True,True,False
geochem2_nure_Sb_ppm_mean_50km,geochemistry,float64,True,0.46317606444188725,915,True,True,True,False
geochem2_nure_Sb_ppm_median_50km,geochemistry,float64,True,0.46317606444188725,313,True,True,True,False
geochem2_nure_Sb_ppm_max_50km,geochemistry,float64,True,0.46317606444188725,234,True,True,True,False
geochem2_nure_Sb_ppm_p95_50km,geochemistry,float64,True,0.46317606444188725,861,True,True,True,False
geochem2_nure_Bi_ppm_mean_50km,geochemistry,float64,True,0.46317606444188725,915,True,True,True,False
geochem2_nure_Bi_ppm_median_50km,geochemistry,float64,True,0.46317606444188725,432,True,True,True,False
geochem2_nure_Bi_ppm_max_50km,geochemistry,float64,True,0.46317606444188725,247,True,True,True,False
geochem2_nure_Bi_ppm_p95_50km,geochemistry,float64,True,0.46317606444188725,881,True,True,True,False
geochem2_nure_W_ppm_mean_50km,geochemistry,float64,True,0.46317606444188725,915,True,True,True,False
geochem2_nure_W_ppm_median_50km,geochemistry,float64,True,0.46317606444188725,475,True,True,True,False
geochem2_nure_W_ppm_max_50km,geochemistry,float64,True,0.46317606444188725,241,True,True,True,False
geochem2_nure_W_ppm_p95_50km,geochemistry,float64,True,0.46317606444188725,878,True,True,True,False
geochem2_nure_Re_ppm_mean_50km,geochemistry,float64,True,0.48388952819332565,652,True,True,True,False
geochem2_nure_Re_ppm_median_50km,geochemistry,float64,True,0.48388952819332565,31,True,True,True,False
geochem2_nure_Re_ppm_max_50km,geochemistry,float64,True,0.48388952819332565,70,True,True,True,False
geochem2_nure_Re_ppm_p95_50km,geochemistry,float64,True,0.48388952819332565,439,True,True,True,False
geochem1_usgs_Cu_value_nearest,geochemistry,float64,True,0.3722669735327963,361,True,True,True,False
geochem1_usgs_Mo_value_nearest,geochemistry,float64,True,0.6340621403912543,219,True,True,True,False
geochem1_usgs_Pb_value_nearest,geochemistry,float64,True,0.25949367088607594,309,True,True,True,False
geochem1_usgs_Zn_value_nearest,geochemistry,float64,True,0.1956271576524741,408,True,True,True,False
geochem1_usgs_As_value_nearest,geochemistry,float64,True,0.4827387802071346,393,True,True,True,False
geochem1_usgs_Sb_value_nearest,geochemistry,float64,True,0.6795166858457997,294,True,True,True,False
geochem1_usgs_Cu_value_mean_5km,geochemistry,float64,True,0.23647871116225547,1116,True,True,True,False
geochem1_usgs_Cu_value_median_5km,geochemistry,float64,True,0.23647871116225547,534,True,True,True,False
geochem1_usgs_Cu_value_max_5km,geochemistry,float64,True,0.23647871116225547,482,True,True,True,False
geochem1_usgs_Cu_value_p95_5km,geochemistry,float64,True,0.23647871116225547,974,True,True,True,False
geochem1_usgs_Mo_value_mean_5km,geochemistry,float64,True,0.3319907940161105,949,True,True,True,False
geochem1_usgs_Mo_value_median_5km,geochemistry,float64,True,0.3319907940161105,429,True,True,True,False
geochem1_usgs_Mo_value_max_5km,geochemistry,float64,True,0.3319907940161105,325,True,True,True,False
geochem1_usgs_Mo_value_p95_5km,geochemistry,float64,True,0.3319907940161105,828,True,True,True,False
geochem1_usgs_Au_value_mean_5km,geochemistry,float64,True,0.5040276179516686,689,True,True,True,False
geochem1_usgs_Au_value_median_5km,geochemistry,float64,True,0.5040276179516686,303,True,True,True,False
geochem1_usgs_Au_value_max_5km,geochemistry,float64,True,0.5040276179516686,342,True,True,True,False
geochem1_usgs_Au_value_p95_5km,geochemistry,float64,True,0.5040276179516686,690,True,True,True,False
geochem1_usgs_Ag_value_mean_5km,geochemistry,float64,True,0.41196777905638665,885,True,True,True,False
geochem1_usgs_Ag_value_median_5km,geochemistry,float64,True,0.41196777905638665,419,True,True,True,False
geochem1_usgs_Ag_value_max_5km,geochemistry,float64,True,0.41196777905638665,318,True,True,True,False
geochem1_usgs_Ag_value_p95_5km,geochemistry,float64,True,0.41196777905638665,779,True,True,True,False
geochem1_usgs_Pb_value_mean_5km,geochemistry,float64,True,0.17894131185270426,1121,True,True,True,False
geochem1_usgs_Pb_value_median_5km,geochemistry,float64,True,0.17894131185270426,388,True,True,True,False
geochem1_usgs_Pb_value_max_5km,geochemistry,float64,True,0.17894131185270426,385,True,True,True,False
geochem1_usgs_Pb_value_p95_5km,geochemistry,float64,True,0.17894131185270426,954,True,True,True,False
geochem1_usgs_Zn_value_mean_5km,geochemistry,float64,True,0.16398158803222093,1283,True,True,True,False
geochem1_usgs_Zn_value_median_5km,geochemistry,float64,True,0.16398158803222093,558,True,True,True,False
geochem1_usgs_Zn_value_max_5km,geochemistry,float64,True,0.16398158803222093,534,True,True,True,False
geochem1_usgs_Zn_value_p95_5km,geochemistry,float64,True,0.16398158803222093,1220,True,True,True,False
geochem1_usgs_As_value_mean_5km,geochemistry,float64,True,0.2612197928653625,1098,True,True,True,False
geochem1_usgs_As_value_median_5km,geochemistry,float64,True,0.2612197928653625,656,True,True,True,False
geochem1_usgs_As_value_max_5km,geochemistry,float64,True,0.2612197928653625,586,True,True,True,False
geochem1_usgs_As_value_p95_5km,geochemistry,float64,True,0.2612197928653625,1061,True,True,True,False
geochem1_usgs_Sb_value_mean_5km,geochemistry,float64,True,0.40736478711162255,921,True,True,True,False
geochem1_usgs_Sb_value_median_5km,geochemistry,float64,True,0.40736478711162255,540,True,True,True,False
geochem1_usgs_Sb_value_max_5km,geochemistry,float64,True,0.40736478711162255,500,True,True,True,False
geochem1_usgs_Sb_value_p95_5km,geochemistry,float64,True,0.40736478711162255,888,True,True,True,False
geochem1_usgs_Bi_value_mean_5km,geochemistry,float64,True,0.4579976985040276,792,True,True,True,False
geochem1_usgs_Bi_value_median_5km,geochemistry,float64,True,0.4579976985040276,493,True,True,True,False
geochem1_usgs_Bi_value_max_5km,geochemistry,float64,True,0.4579976985040276,426,True,True,True,False
geochem1_usgs_Bi_value_p95_5km,geochemistry,float64,True,0.4579976985040276,765,True,True,True,False
geochem1_usgs_W_value_mean_5km,geochemistry,float64,True,0.4873417721518987,796,True,True,True,False
geochem1_usgs_W_value_median_5km,geochemistry,float64,True,0.4873417721518987,497,True,True,True,False
geochem1_usgs_W_value_max_5km,geochemistry,float64,True,0.4873417721518987,465,True,True,True,False
geochem1_usgs_W_value_p95_5km,geochemistry,float64,True,0.4873417721518987,766,True,True,True,False
geochem1_usgs_Cu_value_mean_10km,geochemistry,float64,True,0.04142692750287687,1478,True,True,True,False
geochem1_usgs_Cu_value_median_10km,geochemistry,float64,True,0.04142692750287687,573,True,True,True,False
geochem1_usgs_Cu_value_max_10km,geochemistry,float64,True,0.04142692750287687,458,True,True,True,False
geochem1_usgs_Cu_value_p95_10km,geochemistry,float64,True,0.04142692750287687,1202,True,True,True,False
geochem1_usgs_Mo_value_mean_10km,geochemistry,float64,True,0.1277330264672037,1285,True,True,True,False
geochem1_usgs_Mo_value_median_10km,geochemistry,float64,True,0.1277330264672037,446,True,True,True,False
geochem1_usgs_Mo_value_max_10km,geochemistry,float64,True,0.1277330264672037,338,True,True,True,False
geochem1_usgs_Mo_value_p95_10km,geochemistry,float64,True,0.1277330264672037,961,True,True,True,False
geochem1_usgs_Au_value_mean_10km,geochemistry,float64,True,0.2974683544303797,976,True,True,True,False
geochem1_usgs_Au_value_median_10km,geochemistry,float64,True,0.2974683544303797,343,True,True,True,False
geochem1_usgs_Au_value_max_10km,geochemistry,float64,True,0.2974683544303797,473,True,True,True,False
geochem1_usgs_Au_value_p95_10km,geochemistry,float64,True,0.2974683544303797,932,True,True,True,False
geochem1_usgs_Ag_value_mean_10km,geochemistry,float64,True,0.25604142692750287,1154,True,True,True,False
geochem1_usgs_Ag_value_median_10km,geochemistry,float64,True,0.25604142692750287,428,True,True,True,False
geochem1_usgs_Ag_value_max_10km,geochemistry,float64,True,0.25604142692750287,330,True,True,True,False
geochem1_usgs_Ag_value_p95_10km,geochemistry,float64,True,0.25604142692750287,898,True,True,True,False
geochem1_usgs_Pb_value_mean_10km,geochemistry,float64,True,0.039125431530494824,1516,True,True,True,False
geochem1_usgs_Pb_value_median_10km,geochemistry,float64,True,0.039125431530494824,395,True,True,True,False
geochem1_usgs_Pb_value_max_10km,geochemistry,float64,True,0.039125431530494824,427,True,True,True,False
geochem1_usgs_Pb_value_p95_10km,geochemistry,float64,True,0.039125431530494824,1135,True,True,True,False
geochem1_usgs_Zn_value_mean_10km,geochemistry,float64,True,0.03567318757192175,1589,True,True,True,False
geochem1_usgs_Zn_value_median_10km,geochemistry,float64,True,0.03567318757192175,558,True,True,True,False
geochem1_usgs_Zn_value_max_10km,geochemistry,float64,True,0.03567318757192175,562,True,True,True,False
geochem1_usgs_Zn_value_p95_10km,geochemistry,float64,True,0.03567318757192175,1350,True,True,True,False
geochem1_usgs_As_value_mean_10km,geochemistry,float64,True,0.07422324510932106,1434,True,True,True,False
geochem1_usgs_As_value_median_10km,geochemistry,float64,True,0.07422324510932106,700,True,True,True,False
geochem1_usgs_As_value_max_10km,geochemistry,float64,True,0.07422324510932106,555,True,True,True,False
geochem1_usgs_As_value_p95_10km,geochemistry,float64,True,0.07422324510932106,1288,True,True,True,False
geochem1_usgs_Sb_value_mean_10km,geochemistry,float64,True,0.21518987341772153,1222,True,True,True,False
geochem1_usgs_Sb_value_median_10km,geochemistry,float64,True,0.21518987341772153,583,True,True,True,False
geochem1_usgs_Sb_value_max_10km,geochemistry,float64,True,0.21518987341772153,523,True,True,True,False
geochem1_usgs_Sb_value_p95_10km,geochemistry,float64,True,0.21518987341772153,1109,True,True,True,False
geochem1_usgs_Bi_value_mean_10km,geochemistry,float64,True,0.26985040276179517,1080,True,True,True,False
geochem1_usgs_Bi_value_median_10km,geochemistry,float64,True,0.26985040276179517,524,True,True,True,False
geochem1_usgs_Bi_value_max_10km,geochemistry,float64,True,0.26985040276179517,419,True,True,True,False
geochem1_usgs_Bi_value_p95_10km,geochemistry,float64,True,0.26985040276179517,940,True,True,True,False
geochem1_usgs_W_value_mean_10km,geochemistry,float64,True,0.28250863060989645,1037,True,True,True,False
geochem1_usgs_W_value_median_10km,geochemistry,float64,True,0.28250863060989645,544,True,True,True,False
geochem1_usgs_W_value_max_10km,geochemistry,float64,True,0.28250863060989645,431,True,True,True,False
geochem1_usgs_W_value_p95_10km,geochemistry,float64,True,0.28250863060989645,949,True,True,True,False
geochem1_usgs_Cu_value_mean_25km,geochemistry,float64,True,0.0,1719,True,True,True,False
geochem1_usgs_Cu_value_median_25km,geochemistry,float64,True,0.0,522,True,True,True,False
geochem1_usgs_Cu_value_max_25km,geochemistry,float64,True,0.0,373,True,True,True,False
geochem1_usgs_Cu_value_p95_25km,geochemistry,float64,True,0.0,1083,True,True,True,False
geochem1_usgs_Mo_value_mean_25km,geochemistry,float64,True,0.0023014959723820483,1689,True,True,True,False
geochem1_usgs_Mo_value_median_25km,geochemistry,float64,True,0.0023014959723820483,434,True,True,True,False
geochem1_usgs_Mo_value_max_25km,geochemistry,float64,True,0.0023014959723820483,284,True,True,True,False
geochem1_usgs_Mo_value_p95_25km,geochemistry,float64,True,0.0023014959723820483,967,True,True,True,False
geochem1_usgs_Au_value_mean_25km,geochemistry,float64,True,0.09838895281933256,1426,True,True,True,False
geochem1_usgs_Au_value_median_25km,geochemistry,float64,True,0.09838895281933256,371,True,True,True,False
geochem1_usgs_Au_value_max_25km,geochemistry,float64,True,0.09838895281933256,419,True,True,True,False
geochem1_usgs_Au_value_p95_25km,geochemistry,float64,True,0.09838895281933256,1224,True,True,True,False
geochem1_usgs_Ag_value_mean_25km,geochemistry,float64,True,0.05523590333716916,1533,True,True,True,False
geochem1_usgs_Ag_value_median_25km,geochemistry,float64,True,0.05523590333716916,433,True,True,True,False
geochem1_usgs_Ag_value_max_25km,geochemistry,float64,True,0.05523590333716916,293,True,True,True,False
geochem1_usgs_Ag_value_p95_25km,geochemistry,float64,True,0.05523590333716916,976,True,True,True,False
geochem1_usgs_Pb_value_mean_25km,geochemistry,float64,True,0.0,1725,True,True,True,False
geochem1_usgs_Pb_value_median_25km,geochemistry,float64,True,0.0,349,True,True,True,False
geochem1_usgs_Pb_value_max_25km,geochemistry,float64,True,0.0,378,True,True,True,False
geochem1_usgs_Pb_value_p95_25km,geochemistry,float64,True,0.0,997,True,True,True,False
geochem1_usgs_Zn_value_mean_25km,geochemistry,float64,True,0.0,1726,True,True,True,False
geochem1_usgs_Zn_value_median_25km,geochemistry,float64,True,0.0,517,True,True,True,False
geochem1_usgs_Zn_value_max_25km,geochemistry,float64,True,0.0,439,True,True,True,False
geochem1_usgs_Zn_value_p95_25km,geochemistry,float64,True,0.0,1212,True,True,True,False
geochem1_usgs_As_value_mean_25km,geochemistry,float64,True,0.0023014959723820483,1698,True,True,True,False
geochem1_usgs_As_value_median_25km,geochemistry,float64,True,0.0023014959723820483,692,True,True,True,False
geochem1_usgs_As_value_max_25km,geochemistry,float64,True,0.0023014959723820483,424,True,True,True,False
geochem1_usgs_As_value_p95_25km,geochemistry,float64,True,0.0023014959723820483,1295,True,True,True,False
geochem1_usgs_Sb_value_mean_25km,geochemistry,float64,True,0.009781357882623706,1644,True,True,True,False
geochem1_usgs_Sb_value_median_25km,geochemistry,float64,True,0.009781357882623706,625,True,True,True,False
geochem1_usgs_Sb_value_max_25km,geochemistry,float64,True,0.009781357882623706,403,True,True,True,False
geochem1_usgs_Sb_value_p95_25km,geochemistry,float64,True,0.009781357882623706,1275,True,True,True,False
geochem1_usgs_Bi_value_mean_25km,geochemistry,float64,True,0.021288837744533946,1522,True,True,True,False
geochem1_usgs_Bi_value_median_25km,geochemistry,float64,True,0.021288837744533946,557,True,True,True,False
geochem1_usgs_Bi_value_max_25km,geochemistry,float64,True,0.021288837744533946,301,True,True,True,False
geochem1_usgs_Bi_value_p95_25km,geochemistry,float64,True,0.021288837744533946,1115,True,True,True,False
geochem1_usgs_W_value_mean_25km,geochemistry,float64,True,0.02991944764096663,1516,True,True,True,False
geochem1_usgs_W_value_median_25km,geochemistry,float64,True,0.02991944764096663,612,True,True,True,False
geochem1_usgs_W_value_max_25km,geochemistry,float64,True,0.02991944764096663,312,True,True,True,False
geochem1_usgs_W_value_p95_25km,geochemistry,float64,True,0.02991944764096663,1142,True,True,True,False
geochem1_usgs_Re_value_mean_25km,geochemistry,float64,True,0.5333716915995397,439,True,True,True,False
geochem1_usgs_Re_value_median_25km,geochemistry,float64,True,0.5333716915995397,64,True,True,True,False
geochem1_usgs_Re_value_max_25km,geochemistry,float64,True,0.5333716915995397,119,True,True,True,False
geochem1_usgs_Re_value_p95_25km,geochemistry,float64,True,0.5333716915995397,370,True,True,True,False
geochem1_usgs_Cu_value_mean_50km,geochemistry,float64,True,0.0,1732,True,True,True,False
geochem1_usgs_Cu_value_median_50km,geochemistry,float64,True,0.0,440,True,True,True,False
geochem1_usgs_Cu_value_max_50km,geochemistry,float64,True,0.0,234,True,True,True,False
geochem1_usgs_Cu_value_p95_50km,geochemistry,float64,True,0.0,869,True,True,True,False
geochem1_usgs_Mo_value_mean_50km,geochemistry,float64,True,0.0,1720,True,True,True,False
geochem1_usgs_Mo_value_median_50km,geochemistry,float64,True,0.0,397,True,True,True,False
geochem1_usgs_Mo_value_max_50km,geochemistry,float64,True,0.0,199,True,True,True,False
geochem1_usgs_Mo_value_p95_50km,geochemistry,float64,True,0.0,718,True,True,True,False
geochem1_usgs_Au_value_mean_50km,geochemistry,float64,True,0.024165707710011506,1610,True,True,True,False
geochem1_usgs_Au_value_median_50km,geochemistry,float64,True,0.024165707710011506,340,True,True,True,False
geochem1_usgs_Au_value_max_50km,geochemistry,float64,True,0.024165707710011506,293,True,True,True,False
geochem1_usgs_Au_value_p95_50km,geochemistry,float64,True,0.024165707710011506,1180,True,True,True,False
geochem1_usgs_Ag_value_mean_50km,geochemistry,float64,True,0.0028768699654775605,1685,True,True,True,False
geochem1_usgs_Ag_value_median_50km,geochemistry,float64,True,0.0028768699654775605,375,True,True,True,False
geochem1_usgs_Ag_value_max_50km,geochemistry,float64,True,0.0028768699654775605,207,True,True,True,False
geochem1_usgs_Ag_value_p95_50km,geochemistry,float64,True,0.0028768699654775605,816,True,True,True,False
geochem1_usgs_Pb_value_mean_50km,geochemistry,float64,True,0.0,1731,True,True,True,False
geochem1_usgs_Pb_value_median_50km,geochemistry,float64,True,0.0,302,True,True,True,False
geochem1_usgs_Pb_value_max_50km,geochemistry,float64,True,0.0,277,True,True,True,False
geochem1_usgs_Pb_value_p95_50km,geochemistry,float64,True,0.0,797,True,True,True,False
geochem1_usgs_Zn_value_mean_50km,geochemistry,float64,True,0.0,1732,True,True,True,False
geochem1_usgs_Zn_value_median_50km,geochemistry,float64,True,0.0,456,True,True,True,False
geochem1_usgs_Zn_value_max_50km,geochemistry,float64,True,0.0,288,True,True,True,False
geochem1_usgs_Zn_value_p95_50km,geochemistry,float64,True,0.0,938,True,True,True,False
geochem1_usgs_As_value_mean_50km,geochemistry,float64,True,0.0,1728,True,True,True,False
geochem1_usgs_As_value_median_50km,geochemistry,float64,True,0.0,631,True,True,True,False
geochem1_usgs_As_value_max_50km,geochemistry,float64,True,0.0,262,True,True,True,False
geochem1_usgs_As_value_p95_50km,geochemistry,float64,True,0.0,1090,True,True,True,False
geochem1_usgs_Sb_value_mean_50km,geochemistry,float64,True,0.0,1709,True,True,True,False
geochem1_usgs_Sb_value_median_50km,geochemistry,float64,True,0.0,511,True,True,True,False
geochem1_usgs_Sb_value_max_50km,geochemistry,float64,True,0.0,263,True,True,True,False
geochem1_usgs_Sb_value_p95_50km,geochemistry,float64,True,0.0,1110,True,True,True,False
geochem1_usgs_Bi_value_mean_50km,geochemistry,float64,True,0.0,1675,True,True,True,False
geochem1_usgs_Bi_value_median_50km,geochemistry,float64,True,0.0,549,True,True,True,False
geochem1_usgs_Bi_value_max_50km,geochemistry,float64,True,0.0,216,True,True,True,False
geochem1_usgs_Bi_value_p95_50km,geochemistry,float64,True,0.0,968,True,True,True,False
geochem1_usgs_W_value_mean_50km,geochemistry,float64,True,0.0,1678,True,True,True,False
geochem1_usgs_W_value_median_50km,geochemistry,float64,True,0.0,567,True,True,True,False
geochem1_usgs_W_value_max_50km,geochemistry,float64,True,0.0,198,True,True,True,False
geochem1_usgs_W_value_p95_50km,geochemistry,float64,True,0.0,1096,True,True,True,False
geochem1_usgs_Re_value_mean_50km,geochemistry,float64,True,0.36881472957422323,763,True,True,True,False
geochem1_usgs_Re_value_median_50km,geochemistry,float64,True,0.36881472957422323,64,True,True,True,False
geochem1_usgs_Re_value_max_50km,geochemistry,float64,True,0.36881472957422323,131,True,True,True,False
geochem1_usgs_Re_value_p95_50km,geochemistry,float64,True,0.36881472957422323,555,True,True,True,False
gravity_na_grav_anom_nearest,geo_structure,float64,True,0.0,259,True,True,True,False
gravity_na_grav_anom_mean_5km,geo_structure,float64,True,0.009205983889528193,1134,True,True,True,False
gravity_na_grav_anom_median_5km,geo_structure,float64,True,0.009205983889528193,447,True,True,True,False
gravity_na_grav_anom_max_5km,geo_structure,float64,True,0.009205983889528193,266,True,True,True,False
gravity_na_grav_anom_p95_5km,geo_structure,float64,True,0.009205983889528193,1078,True,True,True,False
gravity_na_grav_anom_mean_10km,geo_structure,float64,True,0.006329113924050633,1627,True,True,True,False
gravity_na_grav_anom_median_10km,geo_structure,float64,True,0.006329113924050633,429,True,True,True,False
gravity_na_grav_anom_max_10km,geo_structure,float64,True,0.006329113924050633,261,True,True,True,False
gravity_na_grav_anom_p95_10km,geo_structure,float64,True,0.006329113924050633,1031,True,True,True,False
gravity_na_grav_anom_mean_25km,geo_structure,float64,True,0.0,1721,True,True,True,False
gravity_na_grav_anom_median_25km,geo_structure,float64,True,0.0,376,True,True,True,False
gravity_na_grav_anom_max_25km,geo_structure,float64,True,0.0,263,True,True,True,False
gravity_na_grav_anom_p95_25km,geo_structure,float64,True,0.0,833,True,True,True,False
gravity_na_grav_anom_mean_50km,geo_structure,float64,True,0.0,1730,True,True,True,False
gravity_na_grav_anom_median_50km,geo_structure,float64,True,0.0,311,True,True,True,False
gravity_na_grav_anom_max_50km,geo_structure,float64,True,0.0,254,True,True,True,False
gravity_na_grav_anom_p95_50km,geo_structure,float64,True,0.0,602,True,True,True,False
terrain_has_dem,geo_structure,int64,True,0.0,2,True,True,True,False
terrain_elevation_m,geo_structure,float64,True,0.04430379746835443,1208,True,True,True,False
terrain_slope_deg,geo_structure,float64,True,0.04487917146144994,1479,True,True,True,False
terrain_roughness_3x3_m,geo_structure,float64,True,0.04430379746835443,70,True,True,True,False
terrain_relief_250m_m,geo_structure,float64,True,0.04430379746835443,294,True,True,True,False
terrain_relief_1000m_m,geo_structure,float64,True,0.04430379746835443,567,True,True,True,False
terrain_relief_5000m_m,geo_structure,float64,True,0.04430379746835443,922,True,True,True,False
fault_nearest_distance_km,geo_structure,float64,True,0.0,1737,True,True,True,False
fault_lines_5km,geo_structure,int64,True,0.0,8,True,True,True,False
fault_length_km_5km,geo_structure,float64,True,0.0,330,True,True,True,False
fault_lines_10km,geo_structure,int64,True,0.0,11,True,True,True,False
fault_length_km_10km,geo_structure,float64,True,0.0,621,True,True,True,False
fault_lines_25km,geo_structure,int64,True,0.0,27,True,True,True,False
fault_length_km_25km,geo_structure,float64,True,0.0,1132,True,True,True,False
fault_lines_50km,geo_structure,int64,True,0.0,65,True,True,True,False
fault_length_km_50km,geo_structure,float64,True,0.0,1465,True,True,True,False
geology_is_igneous,geo_structure,int64,True,0.0,2,True,True,True,False
geology_is_intrusive,geo_structure,int64,True,0.0,2,True,True,True,False
geology_is_felsic,geo_structure,int64,True,0.0,2,True,True,True,False
geology_is_intermediate,geo_structure,int64,True,0.0,2,True,True,True,False
geology_is_mafic,geo_structure,int64,True,0.0,2,True,True,True,False
geology_is_sedimentary,geo_structure,int64,True,0.0,2,True,True,True,False
geology_is_carbonate,geo_structure,int64,True,0.0,2,True,True,True,False
geology_is_metamorphic,geo_structure,int64,True,0.0,2,True,True,True,False
geology_is_unconsolidated,geo_structure,int64,True,0.0,2,True,True,True,False
climate_aet_m01,climate,float64,True,0.0,333,True,False,False,False
climate_aet_m02,climate,float64,True,0.0,410,True,False,False,False
climate_aet_m03,climate,float64,True,0.0,544,True,False,False,False
climate_aet_m04,climate,float64,True,0.0,611,True,False,False,False
climate_aet_m05,climate,float64,True,0.0,670,True,False,False,False
climate_aet_m06,climate,float64,True,0.0,629,True,False,False,False
climate_aet_m07,climate,float64,True,0.0,740,True,False,False,False
climate_aet_m08,climate,float64,True,0.0,651,True,False,False,False
climate_aet_m09,climate,float64,True,0.0,546,True,False,False,False
climate_aet_m10,climate,float64,True,0.0,441,True,False,False,False
climate_aet_m11,climate,float64,True,0.0,352,True,False,False,False
climate_aet_m12,climate,float64,True,0.0,365,True,False,False,False
climate_def_m01,climate,float64,True,0.0,498,True,False,False,False
climate_def_m02,climate,float64,True,0.0,584,True,False,False,False
climate_def_m03,climate,float64,True,0.0,789,True,False,False,False
climate_def_m04,climate,float64,True,0.0,1022,True,False,False,False
climate_def_m05,climate,float64,True,0.0,1177,True,False,False,False
climate_def_m06,climate,float64,True,0.0,1187,True,False,False,False
climate_def_m07,climate,float64,True,0.0,1166,True,False,False,False
climate_def_m08,climate,float64,True,0.0,1117,True,False,False,False
climate_def_m09,climate,float64,True,0.0,1020,True,False,False,False
climate_def_m10,climate,float64,True,0.0,944,True,False,False,False
climate_def_m11,climate,float64,True,0.0,699,True,False,False,False
climate_def_m12,climate,float64,True,0.0,486,True,False,False,False
climate_pet_m01,climate,float64,True,0.0,581,True,False,False,False
climate_pet_m02,climate,float64,True,0.0,709,True,False,False,False
climate_pet_m03,climate,float64,True,0.0,985,True,False,False,False
climate_pet_m04,climate,float64,True,0.0,1056,True,False,False,False
climate_pet_m05,climate,float64,True,0.0,1086,True,False,False,False
climate_pet_m06,climate,float64,True,0.0,1112,True,False,False,False
climate_pet_m07,climate,float64,True,0.0,994,True,False,False,False
climate_pet_m08,climate,float64,True,0.0,984,True,False,False,False
climate_pet_m09,climate,float64,True,0.0,954,True,False,False,False
climate_pet_m10,climate,float64,True,0.0,914,True,False,False,False
climate_pet_m11,climate,float64,True,0.0,809,True,False,False,False
climate_pet_m12,climate,float64,True,0.0,578,True,False,False,False
climate_ppt_m01,climate,float64,True,0.0,755,True,False,False,False
climate_ppt_m02,climate,float64,True,0.0,674,True,False,False,False
climate_ppt_m03,climate,float64,True,0.0,668,True,False,False,False
climate_ppt_m04,climate,float64,True,0.0,653,True,False,False,False
climate_ppt_m05,climate,float64,True,0.0,670,True,False,False,False
climate_ppt_m06,climate,float64,True,0.0,591,True,False,False,False
climate_ppt_m07,climate,float64,True,0.0,659,True,False,False,False
climate_ppt_m08,climate,float64,True,0.0,666,True,False,False,False
climate_ppt_m09,climate,float64,True,0.0,603,True,False,False,False
climate_ppt_m10,climate,float64,True,0.0,622,True,False,False,False
climate_ppt_m11,climate,float64,True,0.0,704,True,False,False,False
climate_ppt_m12,climate,float64,True,0.0,791,True,False,False,False
climate_q_m01,climate,float64,True,0.0,318,True,False,False,False
climate_q_m02,climate,float64,True,0.0,357,True,False,False,False
climate_q_m03,climate,float64,True,0.0,462,True,False,False,False
climate_q_m04,climate,float64,True,0.0,453,True,False,False,False
climate_q_m05,climate,float64,True,0.0,404,True,False,False,False
climate_q_m06,climate,float64,True,0.0,340,True,False,False,False
climate_q_m07,climate,float64,True,0.0,265,True,False,False,False
climate_q_m08,climate,float64,True,0.0,203,True,False,False,False
climate_q_m09,climate,float64,True,0.0,175,True,False,False,False
climate_q_m10,climate,float64,True,0.0,213,True,False,False,False
climate_q_m11,climate,float64,True,0.0,254,True,False,False,False
climate_q_m12,climate,float64,True,0.0,279,True,False,False,False
climate_soil_m01,climate,float64,True,0.0,646,True,False,False,False
climate_soil_m02,climate,float64,True,0.0,694,True,False,False,False
climate_soil_m03,climate,float64,True,0.0,689,True,False,False,False
climate_soil_m04,climate,float64,True,0.0,661,True,False,False,False
climate_soil_m05,climate,float64,True,0.0,612,True,False,False,False
climate_soil_m06,climate,float64,True,0.0,558,True,False,False,False
climate_soil_m07,climate,float64,True,0.0,523,True,False,False,False
climate_soil_m08,climate,float64,True,0.0,475,True,False,False,False
climate_soil_m09,climate,float64,True,0.0,459,True,False,False,False
climate_soil_m10,climate,float64,True,0.0,489,True,False,False,False
climate_soil_m11,climate,float64,True,0.0,547,True,False,False,False
climate_soil_m12,climate,float64,True,0.0,611,True,False,False,False
climate_srad_m01,climate,float64,True,0.0,741,True,False,False,False
climate_srad_m02,climate,float64,True,0.0,692,True,False,False,False
climate_srad_m03,climate,float64,True,0.0,787,True,False,False,False
climate_srad_m04,climate,float64,True,0.0,831,True,False,False,False
climate_srad_m05,climate,float64,True,0.0,759,True,False,False,False
climate_srad_m06,climate,float64,True,0.0,724,True,False,False,False
climate_srad_m07,climate,float64,True,0.0,641,True,False,False,False
climate_srad_m08,climate,float64,True,0.0,649,True,False,False,False
climate_srad_m09,climate,float64,True,0.0,675,True,False,False,False
climate_srad_m10,climate,float64,True,0.0,764,True,False,False,False
climate_srad_m11,climate,float64,True,0.0,743,True,False,False,False
climate_srad_m12,climate,float64,True,0.0,724,True,False,False,False
climate_swe_m01,climate,float64,True,0.0,746,True,False,False,False
climate_swe_m02,climate,float64,True,0.0,727,True,False,False,False
climate_swe_m03,climate,float64,True,0.0,483,True,False,False,False
climate_swe_m04,climate,float64,True,0.0,260,True,False,False,False
climate_swe_m05,climate,float64,True,0.0,86,True,False,False,False
climate_swe_m06,climate,float64,True,0.0,23,True,False,False,False
climate_swe_m07,climate,float64,True,0.0,2,True,False,False,False
climate_swe_m09,climate,float64,True,0.0,2,True,False,False,False
climate_swe_m10,climate,float64,True,0.0,55,True,False,False,False
climate_swe_m11,climate,float64,True,0.0,303,True,False,False,False
climate_swe_m12,climate,float64,True,0.0,625,True,False,False,False
climate_tmax_m01,climate,float64,True,0.0,254,True,False,False,False
climate_tmax_m02,climate,float64,True,0.0,258,True,False,False,False
climate_tmax_m03,climate,float64,True,0.0,272,True,False,False,False
climate_tmax_m04,climate,float64,True,0.0,281,True,False,False,False
climate_tmax_m05,climate,float64,True,0.0,280,True,False,False,False
climate_tmax_m06,climate,float64,True,0.0,290,True,False,False,False
climate_tmax_m07,climate,float64,True,0.0,259,True,False,False,False
climate_tmax_m08,climate,float64,True,0.0,250,True,False,False,False
climate_tmax_m09,climate,float64,True,0.0,252,True,False,False,False
climate_tmax_m10,climate,float64,True,0.0,262,True,False,False,False
climate_tmax_m11,climate,float64,True,0.0,266,True,False,False,False
climate_tmax_m12,climate,float64,True,0.0,250,True,False,False,False
climate_tmin_m01,climate,float64,True,0.0,232,True,False,False,False
climate_tmin_m02,climate,float64,True,0.0,238,True,False,False,False
climate_tmin_m03,climate,float64,True,0.0,230,True,False,False,False
climate_tmin_m04,climate,float64,True,0.0,231,True,False,False,False
climate_tmin_m05,climate,float64,True,0.0,234,True,False,False,False
climate_tmin_m06,climate,float64,True,0.0,241,True,False,False,False
climate_tmin_m07,climate,float64,True,0.0,246,True,False,False,False
climate_tmin_m08,climate,float64,True,0.0,252,True,False,False,False
climate_tmin_m09,climate,float64,True,0.0,243,True,False,False,False
climate_tmin_m10,climate,float64,True,0.0,226,True,False,False,False
climate_tmin_m11,climate,float64,True,0.0,213,True,False,False,False
climate_tmin_m12,climate,float64,True,0.0,223,True,False,False,False
climate_vap_m01,climate,float64,True,0.0,9,True,False,False,False
climate_vap_m02,climate,float64,True,0.0,9,True,False,False,False
climate_vap_m03,climate,float64,True,0.0,9,True,False,False,False
climate_vap_m04,climate,float64,True,0.0,9,True,False,False,False
climate_vap_m05,climate,float64,True,0.0,9,True,False,False,False
climate_vap_m06,climate,float64,True,0.0,12,True,False,False,False
climate_vap_m07,climate,float64,True,0.0,16,True,False,False,False
climate_vap_m08,climate,float64,True,0.0,18,True,False,False,False
climate_vap_m09,climate,float64,True,0.0,15,True,False,False,False
climate_vap_m10,climate,float64,True,0.0,9,True,False,False,False
climate_vap_m11,climate,float64,True,0.0,9,True,False,False,False
climate_vap_m12,climate,float64,True,0.0,9,True,False,False,False
climate_vpd_m01,climate,float64,True,0.0,13,True,False,False,False
climate_vpd_m02,climate,float64,True,0.0,14,True,False,False,False
climate_vpd_m03,climate,float64,True,0.0,16,True,False,False,False
climate_vpd_m04,climate,float64,True,0.0,23,True,False,False,False
climate_vpd_m05,climate,float64,True,0.0,32,True,False,False,False
climate_vpd_m06,climate,float64,True,0.0,44,True,False,False,False
climate_vpd_m07,climate,float64,True,0.0,48,True,False,False,False
climate_vpd_m08,climate,float64,True,0.0,44,True,False,False,False
climate_vpd_m09,climate,float64,True,0.0,36,True,False,False,False
climate_vpd_m10,climate,float64,True,0.0,27,True,False,False,False
climate_vpd_m11,climate,float64,True,0.0,17,True,False,False,False
climate_vpd_m12,climate,float64,True,0.0,12,True,False,False,False
climate_ws_m01,climate,float64,True,0.0,47,True,False,False,False
climate_ws_m02,climate,float64,True,0.0,41,True,False,False,False
climate_ws_m03,climate,float64,True,0.0,39,True,False,False,False
climate_ws_m04,climate,float64,True,0.0,42,True,False,False,False
climate_ws_m05,climate,float64,True,0.0,35,True,False,False,False
climate_ws_m06,climate,float64,True,0.0,32,True,False,False,False
climate_ws_m07,climate,float64,True,0.0,24,True,False,False,False
climate_ws_m08,climate,float64,True,0.0,22,True,False,False,False
climate_ws_m09,climate,float64,True,0.0,30,True,False,False,False
climate_ws_m10,climate,float64,True,0.0,37,True,False,False,False
climate_ws_m11,climate,float64,True,0.0,40,True,False,False,False
climate_ws_m12,climate,float64,True,0.0,46,True,False,False,False
climate_aet_annual_sum,climate,float64,True,0.0,1553,True,False,False,True
climate_aet_warm_sum,climate,float64,True,0.0,1499,True,False,False,False
climate_aet_cool_sum,climate,float64,True,0.0,1251,True,False,False,False
climate_aet_max_month_value,climate,float64,True,0.0,769,True,False,False,False
climate_aet_min_month_value,climate,float64,True,0.0,201,True,False,False,False
climate_aet_seasonality,climate,float64,True,0.0,992,True,False,False,False
climate_def_annual_sum,climate,float64,True,0.0,1629,True,False,False,True
climate_def_warm_sum,climate,float64,True,0.0,1603,True,False,False,False
climate_def_cool_sum,climate,float64,True,0.0,1401,True,False,False,False
climate_def_max_month_value,climate,float64,True,0.0,1104,True,False,False,False
climate_def_min_month_value,climate,float64,True,0.0,483,True,False,False,False
climate_def_seasonality,climate,float64,True,0.0,1099,True,False,False,False
climate_pet_annual_sum,climate,float64,True,0.0,1642,True,False,False,True
climate_pet_warm_sum,climate,float64,True,0.0,1586,True,False,False,False
climate_pet_cool_sum,climate,float64,True,0.0,1532,True,False,False,False
climate_pet_max_month_value,climate,float64,True,0.0,1024,True,False,False,False
climate_pet_min_month_value,climate,float64,True,0.0,582,True,False,False,False
climate_pet_seasonality,climate,float64,True,0.0,1079,True,False,False,False
climate_ppt_annual_sum,climate,float64,True,0.0,1581,True,False,False,True
climate_ppt_warm_sum,climate,float64,True,0.0,1443,True,False,False,False
climate_ppt_cool_sum,climate,float64,True,0.0,1449,True,False,False,False
climate_ppt_max_month_value,climate,float64,True,0.0,914,True,False,False,False
climate_ppt_min_month_value,climate,float64,True,0.0,329,True,False,False,False
climate_ppt_seasonality,climate,float64,True,0.0,1064,True,False,False,False
climate_q_annual_sum,climate,float64,True,0.0,1130,True,False,False,True
climate_q_warm_sum,climate,float64,True,0.0,860,True,False,False,False
climate_q_cool_sum,climate,float64,True,0.0,777,True,False,False,False
climate_q_max_month_value,climate,float64,True,0.0,542,True,False,False,False
climate_q_min_month_value,climate,float64,True,0.0,147,True,False,False,False
climate_q_seasonality,climate,float64,True,0.0,613,True,False,False,False
climate_soil_annual_mean,climate,float64,True,0.0,1433,True,False,False,True
climate_soil_warm_mean,climate,float64,True,0.0,1118,True,False,False,False
climate_soil_cool_mean,climate,float64,True,0.0,1237,True,False,False,False
climate_soil_max_month_value,climate,float64,True,0.0,767,True,False,False,False
climate_soil_min_month_value,climate,float64,True,0.0,444,True,False,False,False
climate_soil_seasonality,climate,float64,True,0.0,896,True,False,False,False
climate_srad_annual_mean,climate,float64,True,0.0,1574,True,False,False,True
climate_srad_warm_mean,climate,float64,True,0.0,1430,True,False,False,False
climate_srad_cool_mean,climate,float64,True,0.0,1487,True,False,False,False
climate_srad_max_month_value,climate,float64,True,0.0,651,True,False,False,False
climate_srad_min_month_value,climate,float64,True,0.0,724,True,False,False,False
climate_srad_seasonality,climate,float64,True,0.0,1059,True,False,False,False
climate_swe_annual_mean,climate,float64,True,0.0,1031,True,False,False,True
climate_swe_warm_mean,climate,float64,True,0.0,262,True,False,False,False
climate_swe_cool_mean,climate,float64,True,0.0,1037,True,False,False,False
climate_swe_max_month_value,climate,float64,True,0.0,787,True,False,False,False
climate_swe_seasonality,climate,float64,True,0.0,787,True,False,False,False
climate_tmax_annual_mean,climate,float64,True,0.0,1454,True,False,False,True
climate_tmax_warm_mean,climate,float64,True,0.0,1180,True,False,False,False
climate_tmax_cool_mean,climate,float64,True,0.0,1274,True,False,False,False
climate_tmax_max_month_value,climate,float64,True,0.0,255,True,False,False,False
climate_tmax_min_month_value,climate,float64,True,0.0,251,True,False,False,False
climate_tmax_seasonality,climate,float64,True,0.0,315,True,False,False,False
climate_tmin_annual_mean,climate,float64,True,0.0,1483,True,False,False,True
climate_tmin_warm_mean,climate,float64,True,0.0,1236,True,False,False,False
climate_tmin_cool_mean,climate,float64,True,0.0,1246,True,False,False,False
climate_tmin_max_month_value,climate,float64,True,0.0,247,True,False,False,False
climate_tmin_min_month_value,climate,float64,True,0.0,228,True,False,False,False
climate_tmin_seasonality,climate,float64,True,0.0,335,True,False,False,False
climate_vap_annual_mean,climate,float64,True,0.0,206,True,False,False,True
climate_vap_warm_mean,climate,float64,True,0.0,115,True,False,False,False
climate_vap_cool_mean,climate,float64,True,0.0,64,True,False,False,False
climate_vap_max_month_value,climate,float64,True,0.0,18,True,False,False,False
climate_vap_min_month_value,climate,float64,True,0.0,9,True,False,False,False
climate_vap_seasonality,climate,float64,True,0.0,31,True,False,False,False
climate_vpd_annual_mean,climate,float64,True,0.0,543,True,False,False,True
climate_vpd_warm_mean,climate,float64,True,0.0,346,True,False,False,False
climate_vpd_cool_mean,climate,float64,True,0.0,156,True,False,False,False
climate_vpd_max_month_value,climate,float64,True,0.0,48,True,False,False,False
climate_vpd_min_month_value,climate,float64,True,0.0,12,True,False,False,False
climate_vpd_seasonality,climate,float64,True,0.0,77,True,False,False,False
climate_ws_annual_mean,climate,float64,True,0.0,559,True,False,False,True
climate_ws_warm_mean,climate,float64,True,0.0,283,True,False,False,False
climate_ws_cool_mean,climate,float64,True,0.0,315,True,False,False,False
climate_ws_max_month_value,climate,float64,True,0.0,41,True,False,False,False
climate_ws_min_month_value,climate,float64,True,0.0,31,True,False,False,False
climate_ws_seasonality,climate,float64,True,0.0,66,True,False,False,False
climate_tmean_m01,climate,float64,True,0.0,666,True,False,False,False
climate_dtr_m01,climate,float64,True,0.0,302,True,False,False,False
climate_tmean_m02,climate,float64,True,0.0,646,True,False,False,False
climate_dtr_m02,climate,float64,True,0.0,280,True,False,False,False
climate_tmean_m03,climate,float64,True,0.0,627,True,False,False,False
climate_dtr_m03,climate,float64,True,0.0,263,True,False,False,False
climate_tmean_m04,climate,float64,True,0.0,631,True,False,False,False
climate_dtr_m04,climate,float64,True,0.0,267,True,False,False,False
climate_tmean_m05,climate,float64,True,0.0,626,True,False,False,False
climate_dtr_m05,climate,float64,True,0.0,238,True,False,False,False
climate_tmean_m06,climate,float64,True,0.0,678,True,False,False,False
climate_dtr_m06,climate,float64,True,0.0,239,True,False,False,False
climate_tmean_m07,climate,float64,True,0.0,623,True,False,False,False
climate_dtr_m07,climate,float64,True,0.0,216,True,False,False,False
climate_tmean_m08,climate,float64,True,0.0,616,True,False,False,False
climate_dtr_m08,climate,float64,True,0.0,224,True,False,False,False
climate_tmean_m09,climate,float64,True,0.0,628,True,False,False,False
climate_dtr_m09,climate,float64,True,0.0,220,True,False,False,False
climate_tmean_m10,climate,float64,True,0.0,610,True,False,False,False
climate_dtr_m10,climate,float64,True,0.0,246,True,False,False,False
climate_tmean_m11,climate,float64,True,0.0,607,True,False,False,False
climate_dtr_m11,climate,float64,True,0.0,276,True,False,False,False
climate_tmean_m12,climate,float64,True,0.0,659,True,False,False,False
climate_dtr_m12,climate,float64,True,0.0,315,True,False,False,False
climate_tmean_annual_mean,climate,float64,True,0.0,1529,True,False,False,True
climate_tmean_warm_mean,climate,float64,True,0.0,1365,True,False,False,False
climate_tmean_cool_mean,climate,float64,True,0.0,1495,True,False,False,False
climate_tmean_max_month_value,climate,float64,True,0.0,623,True,False,False,False
climate_tmean_min_month_value,climate,float64,True,0.0,649,True,False,False,False
climate_tmean_seasonality,climate,float64,True,0.0,670,True,False,False,False
climate_dtr_annual_mean,climate,float64,True,0.0,1267,True,False,False,True
climate_dtr_warm_mean,climate,float64,True,0.0,958,True,False,False,False
climate_dtr_cool_mean,climate,float64,True,0.0,1186,True,False,False,False
climate_dtr_max_month_value,climate,float64,True,0.0,217,True,False,False,False
climate_dtr_min_month_value,climate,float64,True,0.0,271,True,False,False,False
climate_dtr_seasonality,climate,float64,True,0.0,358,True,False,False,False
climate_water_balance_annual_mm,climate,float64,True,0.0,1655,True,False,False,True
climate_ppt_pet_ratio_annual,climate,float64,True,0.0,1668,True,False,False,True
climate_aet_pet_ratio_annual,climate,float64,True,0.0,1668,True,False,False,True
gravity_cmmi_hgm_nearest,geo_structure,float64,True,0.0028768699654775605,1680,True,True,True,False
gravity_cmmi_up30km_nearest,geo_structure,float64,True,0.0028768699654775605,1680,True,True,True,False
gravity_cmmi_up30km_hgm_nearest,geo_structure,float64,True,0.0028768699654775605,1680,True,True,True,False
gravity_cmmi_shallow_worms_nearest_distance_km,geo_structure,float64,True,0.0,1737,True,True,True,False
gravity_cmmi_shallow_worms_steepness_nearest,geo_structure,float64,True,0.0,1169,True,True,True,False
gravity_cmmi_shallow_worms_strike_nearest,geo_structure,float64,True,0.0,1648,True,True,True,False
gravity_cmmi_shallow_worms_points_5km,geo_structure,int64,True,0.0,13,True,True,True,False
gravity_cmmi_shallow_worms_steepness_mean_5km,geo_structure,float64,True,0.08803222094361335,1511,True,True,True,False
gravity_cmmi_shallow_worms_steepness_max_5km,geo_structure,float64,True,0.08803222094361335,1097,True,True,True,False
gravity_cmmi_shallow_worms_points_10km,geo_structure,int64,True,0.0,34,True,True,True,False
gravity_cmmi_shallow_worms_steepness_mean_10km,geo_structure,float64,True,0.0,1722,True,True,True,False
gravity_cmmi_shallow_worms_steepness_max_10km,geo_structure,float64,True,0.0,1167,True,True,True,False
gravity_cmmi_shallow_worms_points_25km,geo_structure,int64,True,0.0,112,True,True,True,False
gravity_cmmi_shallow_worms_steepness_mean_25km,geo_structure,float64,True,0.0,1732,True,True,True,False
gravity_cmmi_shallow_worms_steepness_max_25km,geo_structure,float64,True,0.0,867,True,True,True,False
gravity_cmmi_shallow_worms_points_50km,geo_structure,int64,True,0.0,312,True,True,True,False
gravity_cmmi_shallow_worms_steepness_mean_50km,geo_structure,float64,True,0.0,1732,True,True,True,False
gravity_cmmi_shallow_worms_steepness_max_50km,geo_structure,float64,True,0.0,535,True,True,True,False
gravity_cmmi_deep_worms_nearest_distance_km,geo_structure,float64,True,0.0,1737,True,True,True,False
gravity_cmmi_deep_worms_steepness_nearest,geo_structure,float64,True,0.0,532,True,True,True,False
gravity_cmmi_deep_worms_strike_nearest,geo_structure,float64,True,0.0,1196,True,True,True,False
gravity_cmmi_deep_worms_points_5km,geo_structure,int64,True,0.0,8,True,True,True,False
gravity_cmmi_deep_worms_points_10km,geo_structure,int64,True,0.0,17,True,True,True,False
gravity_cmmi_deep_worms_steepness_mean_10km,geo_structure,float64,True,0.6783659378596087,508,True,True,True,False
gravity_cmmi_deep_worms_steepness_max_10km,geo_structure,float64,True,0.6783659378596087,335,True,True,True,False
gravity_cmmi_deep_worms_points_25km,geo_structure,int64,True,0.0,37,True,True,True,False
gravity_cmmi_deep_worms_steepness_mean_25km,geo_structure,float64,True,0.20138089758342922,1240,True,True,True,False
gravity_cmmi_deep_worms_steepness_max_25km,geo_structure,float64,True,0.20138089758342922,455,True,True,True,False
gravity_cmmi_deep_worms_points_50km,geo_structure,int64,True,0.0,87,True,True,True,False
gravity_cmmi_deep_worms_steepness_mean_50km,geo_structure,float64,True,0.0017261219792865361,1665,True,True,True,False
gravity_cmmi_deep_worms_steepness_max_50km,geo_structure,float64,True,0.0017261219792865361,462,True,True,True,False
