random_repeat,roc_auc,average_precision,f1,top05_f1,top05_ndcg,top10_f1,top10_ndcg
0.0,0.946240772405381,0.705619945728268,0.6559629623063085,0.584280240831965,0.8080870292064333,0.6277948327976844,0.7041205342325829
1.0,0.9483070996817764,0.6969420240265027,0.5952980010525912,0.5460888026405268,0.7752989073705697,0.656772492783958,0.7225401634382241
2.0,0.9417298100997243,0.6999372267873107,0.6128630548076367,0.5682735399976779,0.7967878171169293,0.6413878773993427,0.7127668010091615
3.0,0.9434965815657271,0.7371751767092919,0.6408062944878408,0.5889267054784296,0.8502931087078623,0.6652036096896512,0.7580696539982024
4.0,0.9482480452964156,0.7568315615767927,0.6678520056573681,0.6133807699324941,0.8587791922085998,0.6972515732302808,0.7742763673351949
5.0,0.9434004007581585,0.7187278770002024,0.5979848058917826,0.5894750460267703,0.8381056519996537,0.6313053046049054,0.7258907313048227
6.0,0.9438788802914069,0.7080060542292015,0.6845410218159584,0.5675424192665572,0.8013809343638654,0.6650055489747803,0.7348924086913076
7.0,0.945822014757676,0.7302999804859053,0.6690131422313288,0.5369786535303777,0.8015590162020793,0.6993579213099255,0.7764052675542497
8.0,0.9521702786303703,0.7285772560349004,0.5683486943399836,0.5782793451758969,0.8377549913299698,0.6647832650070115,0.7540906210097437
9.0,0.947315026369092,0.7286080525528412,0.6192264572028352,0.5790854356371598,0.8356376455845169,0.6652036096896512,0.7536438001245839
10.0,0.9407403659178166,0.6895865515388826,0.5985545018016477,0.5439455308420825,0.776829543935288,0.6473950066351465,0.719560695477484
11.0,0.9424108228652397,0.6843458304510692,0.5946309493464368,0.5357695178384834,0.7800361529689281,0.6310838455776377,0.7140019494423301
12.0,0.9424145296732463,0.723675391523844,0.5854781171781973,0.559403891128029,0.82245427168505,0.6592786495274028,0.7524331366339163
13.0,0.9497831783646067,0.7502771404890789,0.6680460072601235,0.6015471629264733,0.8519219161524179,0.6900721035495315,0.7706732807021214
14.0,0.9479042695197337,0.7175534859744145,0.6468408784198257,0.5680715197956577,0.7994469587382291,0.6744652041971473,0.7414759498417238
15.0,0.9462442454778287,0.7226409508027742,0.6201775871837285,0.559403891128029,0.8161458871401086,0.6357917060232031,0.7301995293399951
16.0,0.9496164005914233,0.756293365988226,0.6624458628209725,0.5796145361662604,0.8504111098757653,0.6927763210078473,0.7827339322943384
17.0,0.9472429743956823,0.7307643099446427,0.6107012750455374,0.5818088935330314,0.8341448420573778,0.671186515672557,0.7575029329680626
18.0,0.9437853907083202,0.7489806484795729,0.6228469412868377,0.5911210628452007,0.8540354541984572,0.6767490769728233,0.7681510363149896
19.0,0.9371147163887958,0.6746355158589592,0.6274429400386847,0.5525630691147934,0.7608869591881895,0.6302767662882315,0.6887580849879569
20.0,0.9434715241266416,0.6867287459590582,0.5971988795518207,0.5466179031696273,0.7765560040567897,0.6395833450512382,0.7090681853243022
21.0,0.9491975245885342,0.7055110840549313,0.582440153149815,0.5630422451112106,0.8134752863251238,0.6481675384162917,0.7333532590310148
22.0,0.9433527413369619,0.7411183856326857,0.5950136117351659,0.6094654260171503,0.8498059342531044,0.6863591713447668,0.7631867794044408
23.0,0.945224414094642,0.731517684333312,0.605281011426438,0.6037415202932445,0.860948213819251,0.6522290829773902,0.7482129534126877
24.0,0.9448449827295942,0.7088952154863148,0.6093977565740019,0.5374712643678161,0.7965116076317076,0.6531668903380344,0.7405434250242376
25.0,0.945061456956326,0.7087972626732087,0.5925512709277291,0.5397213514454894,0.7826337210471297,0.6619491444179589,0.7358214653947415
26.0,0.9411822279217523,0.711462802789127,0.6395193321850126,0.6059358776600157,0.8292995301923114,0.6430393332880866,0.7197588799167643
27.0,0.9511006619277514,0.7380373755971965,0.6248174555220793,0.5596049161566403,0.8305788078178024,0.6764688471843968,0.7664423794360598
28.0,0.9497832363826987,0.7513058657233929,0.6438268188301821,0.613254714634025,0.8635115731792403,0.6801678803916268,0.762110826840433
29.0,0.9416985201474144,0.7030146057113535,0.601892836540093,0.549360601084739,0.816496641389803,0.6297022952219572,0.7291229793726007
30.0,0.9446683565101998,0.7111998911066958,0.6200617823664746,0.5859819873612977,0.811636306153708,0.6438464125774929,0.7171325563029093
31.0,0.9431361095454023,0.7098236286881558,0.6180221386800333,0.5581244298485678,0.8014824045663549,0.6302767662882315,0.7151181563587948
32.0,0.9429424343646395,0.7033629736220222,0.6028248855172748,0.5530921696438937,0.7817585154811395,0.6620651485511607,0.7278533453567607
33.0,0.9451351736210902,0.740868095351498,0.6425738412844859,0.5849045462838566,0.8377339150854605,0.6552993865317464,0.7439477434550688
34.0,0.9521800029385975,0.7558927949740241,0.6579671681774288,0.5647997213514455,0.8351123456737092,0.6927081634237131,0.7820086041839341
35.0,0.9416612288204183,0.7011920774151992,0.5754872859366891,0.5544996765686421,0.79814769592418,0.6518087382947505,0.7298272804224337
36.0,0.948548306321422,0.7518954955341094,0.6584667506406637,0.6051855169096548,0.8654166833259079,0.6795934093253524,0.768504519648946
37.0,0.9498267550919696,0.7281461244230201,0.6581410131205042,0.574419730971455,0.811665798122252,0.6977064654211815,0.7612685183693977
38.0,0.9483892622787705,0.7415865771110272,0.6590619382960365,0.5862533379774759,0.8523373656738574,0.6386127525552219,0.7435930143448456
39.0,0.9441833567603819,0.7105497722925752,0.6171285807057608,0.5427217992735234,0.8015495623183477,0.6493025815513056,0.7374158079947365
40.0,0.941303842880124,0.7111661541473803,0.6076005149534561,0.5710162379127897,0.8339416173946732,0.6557776770350439,0.7497767101124647
41.0,0.9318017522402968,0.6800911996198593,0.5817207685749886,0.5745457862699241,0.8194873066599723,0.6181569404306715,0.7097437002698826
42.0,0.9386072840930211,0.685382093337744,0.5808961737001755,0.5419157088122606,0.7797935211877841,0.6514704501937798,0.7219672384307086
43.0,0.9375831978720314,0.7043696591050771,0.6046831486217675,0.5626053639846743,0.7941796006762419,0.65409249857854,0.7256735475804394
44.0,0.946905044525737,0.7205255080819927,0.6103169852969372,0.5742187059428439,0.8001120821811482,0.6777438927217375,0.7404680483930649
45.0,0.949768632888601,0.7362289478404916,0.6519685874726919,0.5831075948317328,0.8247785132855503,0.6591870936308719,0.73980962767349
46.0,0.9490252881517725,0.739220141439054,0.6842338818398157,0.5658214327179845,0.8235150866265661,0.6876957374449368,0.7689321153678351
47.0,0.9503529140028878,0.7364510929598692,0.6309318588388356,0.5795780464745982,0.8507895804449447,0.6588349065323664,0.7577681901328327
48.0,0.9452803358932966,0.7354500115163377,0.6320507791217173,0.5766333283574663,0.8433344295856606,0.6448888498917016,0.7464677864909804
49.0,0.9459052495774627,0.7282926510556063,0.6261789638932497,0.5908998026239406,0.8430898039806849,0.6771694216554631,0.761749726010504
50.0,0.9498830553521997,0.7398829616895389,0.6302046303498209,0.5734683451924831,0.8444990130976249,0.6674874824653272,0.7635428547256
51.0,0.9453506210424794,0.7151639963658778,0.6251443358355272,0.6117155130948235,0.852106387899096,0.6475688440971196,0.7334212670570451
52.0,0.9505864277916706,0.7405781644145562,0.6537767787767788,0.5705236270753512,0.8387668587906794,0.666995292964495,0.7614846676542257
53.0,0.9468964510658658,0.7311942530211045,0.6036491228070175,0.6025688742930122,0.8527778667915417,0.6585407777464051,0.7497215176553544
54.0,0.9422916739780322,0.704881126698641,0.6503385132849788,0.5408939974457215,0.7811491583104224,0.6709642317047884,0.7399986556948994
55.0,0.9418336533085473,0.7127256080406082,0.6261049141228312,0.597393309117447,0.8502650994078241,0.6545268547506011,0.7425010375465562
56.0,0.9407924144754359,0.6778047199845468,0.5951370211709195,0.5550845068086447,0.7871200783964215,0.624574090093752,0.6995900191772966
57.0,0.9507631934130126,0.7524611760244587,0.5958083125792764,0.6205486722728102,0.888620776090273,0.6574291329237878,0.7621104284638907
58.0,0.9394853986051093,0.6574092100179627,0.5771981721981722,0.5098850574712643,0.7414460815187531,0.613488252159813,0.6857611341654558
59.0,0.9424997370723899,0.7400682967467067,0.6522410051358705,0.6051855169096548,0.877729419207063,0.6518226372922853,0.7595003914019656
60.0,0.9452369159762151,0.7334381205498802,0.608140144642866,0.5622918843608499,0.8355844160395215,0.6715974735322214,0.7656275313154277
61.0,0.942501574321259,0.6925103356615444,0.6301590618831998,0.5490142807384186,0.7775850333374877,0.6504037896266732,0.7187016985618546
62.0,0.9416554498963048,0.693394718036094,0.5833323052541174,0.5367912292050223,0.7855504814621485,0.6279696076920451,0.7160631599441302
63.0,0.9470901004341261,0.7226556955894852,0.6677522477522477,0.5872249589490969,0.8309451515478085,0.6508717558746075,0.7368543297579694
64.0,0.9462086471181965,0.7280841747613062,0.6260825027685493,0.5547381864623244,0.8025755653460864,0.6896759821197896,0.760604135641385
65.0,0.9418007011425036,0.6959175067457204,0.6073083876532153,0.5490142807384186,0.8062335609444233,0.6392926785155622,0.7289003536897315
66.0,0.9434480687824015,0.7308239293700713,0.5864774256274035,0.5720243485760728,0.8354718072794418,0.6594767102422738,0.7515313602084763
67.0,0.9455848094834256,0.7390672255365426,0.6342489397068458,0.5825592542833922,0.8518550431530185,0.6736105033424464,0.7680333903251315
68.0,0.9427827598438892,0.7161097101356775,0.6275782701728702,0.5656568973810353,0.8101049650411116,0.6742671434822765,0.7512045734182478
69.0,0.9486922428353907,0.7409485786956689,0.6774344716628085,0.6029911595428837,0.8461292473334978,0.6886905531938509,0.7639399347066577
70.0,0.9497010362791964,0.7270560530287187,0.6563051922011787,0.5699752865270107,0.8260740057698028,0.6680722777869647,0.754054054760703
71.0,0.9476405454475334,0.7171378855911135,0.6312127197529381,0.5735240749033853,0.8104087725407151,0.6785743703235404,0.7476563285445655
72.0,0.9426098100894647,0.7116959894270175,0.6061422921148093,0.5666275231792474,0.8113176973828011,0.6763008218032274,0.7507339671232929
73.0,0.9449362264197143,0.6985896397827693,0.6008812448812448,0.5301013418254797,0.7689598701194822,0.6563521481013181,0.7264478111906543
74.0,0.9408594637352957,0.7357493261630657,0.634656200369705,0.6142764260005639,0.862342573430643,0.6584818944933597,0.7457507312419762
75.0,0.9394270775477767,0.6935722509279408,0.6253818289946746,0.5429931498897016,0.7724098245793831,0.6257333564816638,0.6999505963455311
76.0,0.9530688759702333,0.7444452386342993,0.6591141317385214,0.5911767925561029,0.8586820319096926,0.6819108921769017,0.7709637864923883
77.0,0.942600638514943,0.6919664588335637,0.6037705397571371,0.5547574264815645,0.781332445248079,0.6269402444348702,0.6993039827475676
78.0,0.9442033863110305,0.7226739622445221,0.6023259640280917,0.5919079132872236,0.8323011392642572,0.6579559824247676,0.7392500311739968
79.0,0.949848710560617,0.765424501910616,0.6187457587457587,0.6049141662934766,0.8832192845242715,0.6739730146963151,0.7783804843453836
80.0,0.9496514070071609,0.7292069562901361,0.6362125924390075,0.576342737722048,0.8234648874489409,0.658763061714174,0.7390676520843374
81.0,0.9482449172019937,0.7211063779314341,0.6558664640667972,0.5686958252475494,0.8080575469552563,0.6672175769322638,0.7412173887037072
82.0,0.9413282064338386,0.7201896083292837,0.6038161880070814,0.5360272677514056,0.800463122938765,0.6845572763064464,0.7678247097898041
83.0,0.939665816153737,0.7127999668949184,0.610337293766541,0.5488122605363984,0.8109690806480474,0.6312715820371455,0.727183352199611
84.0,0.9507647554347243,0.7474684330886718,0.6511438711438712,0.5985467150984392,0.8619280699835569,0.6695350597838131,0.7619281287117337
85.0,0.9474758758131177,0.7429443162961,0.6213963963963963,0.6271181436698677,0.8611360170696283,0.6779419534366083,0.753761520955103
86.0,0.9462454472117559,0.7302834717112208,0.6421096787089884,0.5531316448557828,0.8184141524448239,0.6554740489342206,0.7499844382162524
87.0,0.9502943379700831,0.7412125133109777,0.6364597356256589,0.5887054452571694,0.8373926466947594,0.6571592273907244,0.743985945135379
88.0,0.9478964704951522,0.7601061972715147,0.6179909634773877,0.5921792639034018,0.866631971332674,0.6905064597215926,0.7871464404988204
89.0,0.9505383007564928,0.7572681300781853,0.6454236272799354,0.601289413013551,0.8672031228036486,0.6756244705850591,0.7712890274332441
90.0,0.9417314437034185,0.7340026168343139,0.6425229741019215,0.5670133187374568,0.8436690482143181,0.6470429320285275,0.7495967307323975
91.0,0.9521294999929282,0.7697881284803636,0.6485819617907232,0.6200560614353717,0.8874219738128583,0.6787490327260146,0.7787150152233334
92.0,0.9474365599415269,0.7498829291871004,0.6283482015060963,0.6029911595428837,0.8779911132752375,0.6565744320690869,0.7647651299241672
93.0,0.9469768122360802,0.7503740998825349,0.6807569591125306,0.6083879849397091,0.8736517443850496,0.6894302998396241,0.7790205614619694
94.0,0.9502802818284518,0.7141455857847279,0.6080865771255648,0.5897271566237083,0.8168646793441441,0.6658360265765833,0.735299709802074
95.0,0.9521093440792348,0.7242645595548647,0.6413426498047149,0.5420417641107297,0.7955571960492424,0.6676855431801981,0.7492583053911267
96.0,0.946676401258258,0.7216231175440578,0.6417280160294736,0.5654548771790151,0.7994900039393955,0.6742429202293785,0.7429465971240636
97.0,0.9493583973700337,0.7278480578645666,0.6451625983294137,0.568292780016918,0.8112774253569428,0.6598288973407793,0.7377698432257009
98.0,0.9477806713914531,0.7400065019088828,0.6467454767454768,0.601289413013551,0.8475469513661166,0.6627796220197618,0.7512134235272311
99.0,0.9491997542180645,0.7385847762406366,0.5961220316886234,0.5911210628452007,0.8385076693744627,0.6559999610028127,0.7427861853364248
