source,target,directed,environments,environment_count,mean_edge_weight,max_edge_weight,mean_abs_partial_corr,interpretation
terrain_roughness,terrain_slope,False,arid_basin_or_range;semi_arid_transition;snow_influenced_mountain,3,0.9788321903624078,0.9870025988077921,0.9288321903624078,same_tier_statistical_association
deep_gravity_source_strength,deep_gravity_gradient,False,arid_basin_or_range;semi_arid_transition;snow_influenced_mountain,3,0.9005506733301388,0.9116631115450756,0.8505506733301389,same_tier_statistical_association
aridity,runoff,False,arid_basin_or_range;semi_arid_transition;snow_influenced_mountain,3,0.7562409731796151,0.9463824540849983,0.706240973179615,same_tier_statistical_association
solar_radiation,diurnal_temperature_range,False,arid_basin_or_range;semi_arid_transition;snow_influenced_mountain,3,0.6348160889959079,0.6394241768795471,0.5848160889959079,same_tier_statistical_association
solar_radiation,max_temperature,False,arid_basin_or_range;semi_arid_transition;snow_influenced_mountain,3,0.5659573681996184,0.6972271814498278,0.5159573681996183,same_tier_statistical_association
actual_evapotranspiration,evapotranspiration_ratio,False,arid_basin_or_range;semi_arid_transition;snow_influenced_mountain,3,0.4896277676680108,0.705009460063568,0.43962776766801076,same_tier_statistical_association
fault_density,fault_proximity,False,arid_basin_or_range;semi_arid_transition;snow_influenced_mountain,3,0.48093896064031777,0.5293319917706896,0.4309389606403178,same_tier_statistical_association
diurnal_temperature_range,max_temperature,False,arid_basin_or_range;semi_arid_transition;snow_influenced_mountain,3,0.4698322292138511,0.5505867478969505,0.41983222921385105,same_tier_statistical_association
deep_gravity_gradient,deep_gravity_source_density,False,arid_basin_or_range;semi_arid_transition;snow_influenced_mountain,3,0.465219899591849,0.5312314245148566,0.415219899591849,same_tier_statistical_association
wind_speed,max_temperature,False,arid_basin_or_range;semi_arid_transition;snow_influenced_mountain,3,0.42006183979443934,0.4738704535211253,0.37006183979443935,same_tier_statistical_association
actual_evapotranspiration,potential_evapotranspiration,False,arid_basin_or_range;semi_arid_transition;snow_influenced_mountain,3,0.40501706677397675,0.5381288181962105,0.35501706677397676,same_tier_statistical_association
deep_gravity_source_strength,deep_gravity_source_density,False,arid_basin_or_range;semi_arid_transition;snow_influenced_mountain,3,0.3986616856596805,0.4827595020377329,0.3486616856596805,same_tier_statistical_association
As_Sb_Bi_pathfinder,W_Re_pathfinder,False,arid_basin_or_range;semi_arid_transition;snow_influenced_mountain,3,0.34610781932714674,0.4134995730630303,0.29610781932714675,same_tier_statistical_association
aridity,evapotranspiration_ratio,False,arid_basin_or_range;semi_arid_transition,2,0.9989211376501956,1.0,0.9667523402616228,same_tier_statistical_association
runoff,evapotranspiration_ratio,False,arid_basin_or_range;semi_arid_transition,2,0.956834660666682,0.9841948776302147,0.906834660666682,same_tier_statistical_association
potential_evapotranspiration,water_balance,False,arid_basin_or_range;semi_arid_transition,2,0.746964951780793,0.777250174507342,0.696964951780793,same_tier_statistical_association
precipitation,water_balance,False,arid_basin_or_range;snow_influenced_mountain,2,0.6627693377036248,0.9888691597923164,0.6127693377036247,same_tier_statistical_association
vapor_pressure_deficit,max_temperature,False,arid_basin_or_range;semi_arid_transition,2,0.576745535824227,0.5974778647631,0.526745535824227,same_tier_statistical_association
potential_evapotranspiration,max_temperature,False,semi_arid_transition;snow_influenced_mountain,2,0.5239348105958543,0.7536972813396473,0.47393481059585435,same_tier_statistical_association
runoff,precipitation,False,arid_basin_or_range;semi_arid_transition,2,0.45182677275189254,0.4706367799116431,0.40182677275189255,same_tier_statistical_association
solar_radiation,wind_speed,False,arid_basin_or_range;snow_influenced_mountain,2,0.41126644397156864,0.4352124278747616,0.36126644397156865,same_tier_statistical_association
wind_speed,diurnal_temperature_range,False,semi_arid_transition;snow_influenced_mountain,2,0.3724422456036024,0.38012203320992755,0.3224422456036024,same_tier_statistical_association
Cu_anomaly,Mo_anomaly,False,arid_basin_or_range;snow_influenced_mountain,2,0.3600667467971605,0.3935118786143697,0.3100667467971605,same_tier_statistical_association
Cu_anomaly,Pb_Zn_background,False,semi_arid_transition;snow_influenced_mountain,2,0.3555332915883982,0.3860356704109729,0.30553329158839815,same_tier_statistical_association
snow_influence,max_temperature,False,arid_basin_or_range;snow_influenced_mountain,2,0.34917933129831114,0.38704318072796495,0.2991793312983112,same_tier_statistical_association
Mo_anomaly,W_Re_pathfinder,False,semi_arid_transition;snow_influenced_mountain,2,0.34867128495034344,0.35241250021766674,0.29867128495034345,same_tier_statistical_association
potential_evapotranspiration,wind_speed,False,arid_basin_or_range;snow_influenced_mountain,2,0.34608009703095166,0.39122928889510883,0.2960800970309517,same_tier_statistical_association
water_deficit,precipitation,False,arid_basin_or_range;semi_arid_transition,2,0.3417684834767014,0.36591528649335336,0.2917684834767014,same_tier_statistical_association
water_deficit,vapor_pressure_deficit,False,arid_basin_or_range;semi_arid_transition,2,0.3401938299217452,0.34978132791848743,0.29019382992174514,same_tier_statistical_association
solar_radiation,evapotranspiration_ratio,False,arid_basin_or_range;snow_influenced_mountain,2,0.3397799184880618,0.3845044116520746,0.28977991848806184,same_tier_statistical_association
wind_speed,vapor_pressure_deficit,False,arid_basin_or_range,1,0.6544274850770234,0.6544274850770234,0.6044274850770234,same_tier_statistical_association
snow_influence,runoff,False,snow_influenced_mountain,1,0.6162283595364313,0.6162283595364313,0.5662283595364312,same_tier_statistical_association
water_deficit,water_balance,False,arid_basin_or_range,1,0.6031860808380176,0.6031860808380176,0.5531860808380176,same_tier_statistical_association
Pb_Zn_background,Y_label,True,snow_influenced_mountain,1,0.5126054508521539,0.5126054508521539,0.3626054508521539,candidate_direct_signal_to_porphyry_label
water_deficit,wind_speed,False,semi_arid_transition,1,0.48921826337350766,0.48921826337350766,0.43921826337350767,same_tier_statistical_association
potential_evapotranspiration,evapotranspiration_ratio,False,snow_influenced_mountain,1,0.4785990666579512,0.4785990666579512,0.4285990666579512,same_tier_statistical_association
shallow_gravity_source_strength,fault_proximity,False,snow_influenced_mountain,1,0.4735463841822553,0.4735463841822553,0.4235463841822553,same_tier_statistical_association
terrain_relief,terrain_roughness,False,arid_basin_or_range,1,0.4556107511509463,0.4556107511509463,0.4056107511509463,same_tier_statistical_association
snow_influence,vapor_pressure_deficit,False,arid_basin_or_range,1,0.44663903344871114,0.44663903344871114,0.39663903344871115,same_tier_statistical_association
water_deficit,evapotranspiration_ratio,False,snow_influenced_mountain,1,0.44293300873712016,0.44293300873712016,0.39293300873712017,same_tier_statistical_association
potential_evapotranspiration,vapor_pressure_deficit,False,snow_influenced_mountain,1,0.4376628392675973,0.4376628392675973,0.3876628392675973,same_tier_statistical_association
actual_evapotranspiration,water_balance,False,semi_arid_transition,1,0.43531191130773933,0.43531191130773933,0.38531191130773934,same_tier_statistical_association
precipitation,max_temperature,False,snow_influenced_mountain,1,0.42857071215775433,0.42857071215775433,0.37857071215775434,same_tier_statistical_association
solar_radiation,potential_evapotranspiration,False,snow_influenced_mountain,1,0.4112628474598981,0.4112628474598981,0.3612628474598981,same_tier_statistical_association
water_balance,max_temperature,False,snow_influenced_mountain,1,0.40578620336232485,0.40578620336232485,0.35578620336232486,same_tier_statistical_association
Pb_Zn_background,Ag_anomaly,False,snow_influenced_mountain,1,0.4000332378204413,0.4000332378204413,0.3500332378204413,same_tier_statistical_association
runoff,max_temperature,False,snow_influenced_mountain,1,0.39942952603118687,0.39942952603118687,0.3494295260311869,same_tier_statistical_association
water_deficit,potential_evapotranspiration,False,semi_arid_transition,1,0.39743045873500205,0.39743045873500205,0.34743045873500206,same_tier_statistical_association
aridity,vapor_pressure_deficit,False,snow_influenced_mountain,1,0.3965766060910969,0.3965766060910969,0.3465766060910969,same_tier_statistical_association
runoff,water_balance,False,semi_arid_transition,1,0.3934415193722336,0.3934415193722336,0.3434415193722336,same_tier_statistical_association
terrain_relief,wind_speed,False,snow_influenced_mountain,1,0.3886531432965611,0.3886531432965611,0.3386531432965611,same_tier_statistical_association
water_balance,evapotranspiration_ratio,False,snow_influenced_mountain,1,0.3762379562313838,0.3762379562313838,0.3262379562313838,same_tier_statistical_association
water_deficit,max_temperature,False,arid_basin_or_range,1,0.3710656634824275,0.3710656634824275,0.3210656634824275,same_tier_statistical_association
Cu_anomaly,Y_label,True,semi_arid_transition,1,0.3700950524969472,0.3700950524969472,0.2200950524969472,candidate_direct_signal_to_porphyry_label
Mo_anomaly,Y_label,True,arid_basin_or_range,1,0.363824816584108,0.363824816584108,0.213824816584108,candidate_direct_signal_to_porphyry_label
aridity,max_temperature,False,snow_influenced_mountain,1,0.36075400880083114,0.36075400880083114,0.31075400880083115,same_tier_statistical_association
fault_density,vapor_pressure_deficit,False,semi_arid_transition,1,0.35984927093754443,0.35984927093754443,0.30984927093754444,same_tier_statistical_association
Ag_anomaly,W_Re_pathfinder,False,arid_basin_or_range,1,0.3576084957807374,0.3576084957807374,0.3076084957807374,same_tier_statistical_association
precipitation,wind_speed,False,arid_basin_or_range,1,0.3564749526712403,0.3564749526712403,0.3064749526712403,same_tier_statistical_association
fault_proximity,Cu_anomaly,True,snow_influenced_mountain,1,0.34803224648984393,0.34803224648984393,0.29803224648984394,candidate_geologic_control_on_geochemical_expression
evapotranspiration_ratio,diurnal_temperature_range,False,snow_influenced_mountain,1,0.34790190035466806,0.34790190035466806,0.29790190035466807,same_tier_statistical_association
actual_evapotranspiration,aridity,False,semi_arid_transition,1,0.34595888334244146,0.34595888334244146,0.29595888334244147,same_tier_statistical_association
actual_evapotranspiration,fault_proximity,False,arid_basin_or_range,1,0.3415865682707026,0.3415865682707026,0.2915865682707026,same_tier_statistical_association
fault_density,Mo_anomaly,True,snow_influenced_mountain,1,0.3399938440242227,0.3399938440242227,0.28999384402422274,candidate_geologic_control_on_geochemical_expression
precipitation,fault_proximity,False,snow_influenced_mountain,1,0.33991399047183424,0.33991399047183424,0.28991399047183425,same_tier_statistical_association
Ag_anomaly,Au_anomaly,False,snow_influenced_mountain,1,0.33371108931804916,0.33371108931804916,0.28371108931804917,same_tier_statistical_association
actual_evapotranspiration,wind_speed,False,arid_basin_or_range,1,0.32837658272116726,0.32837658272116726,0.2783765827211673,same_tier_statistical_association
terrain_relief,max_temperature,False,snow_influenced_mountain,1,0.327365623857143,0.327365623857143,0.27736562385714303,same_tier_statistical_association
actual_evapotranspiration,water_deficit,False,semi_arid_transition,1,0.3262300407002456,0.3262300407002456,0.2762300407002456,same_tier_statistical_association
solar_radiation,water_balance,False,arid_basin_or_range,1,0.3256355431066989,0.3256355431066989,0.2756355431066989,same_tier_statistical_association
snow_influence,water_balance,False,snow_influenced_mountain,1,0.32280190374113704,0.32280190374113704,0.27280190374113705,same_tier_statistical_association
actual_evapotranspiration,Y_label,True,arid_basin_or_range,1,0.3211674732821767,0.3211674732821767,0.17116747328217669,candidate_direct_signal_to_porphyry_label
evapotranspiration_ratio,vapor_pressure_deficit,False,semi_arid_transition,1,0.32111023728439897,0.32111023728439897,0.271110237284399,same_tier_statistical_association
Ag_anomaly,Y_label,True,arid_basin_or_range,1,0.3185242162483903,0.3185242162483903,0.16852421624839026,candidate_direct_signal_to_porphyry_label
aridity,water_balance,False,arid_basin_or_range,1,0.31104944750886193,0.31104944750886193,0.26104944750886194,same_tier_statistical_association
shallow_gravity_source_strength,vapor_pressure_deficit,False,semi_arid_transition,1,0.309817791017409,0.309817791017409,0.25981779101740904,same_tier_statistical_association
solar_radiation,As_Sb_Bi_pathfinder,True,arid_basin_or_range,1,0.306455431357485,0.306455431357485,0.256455431357485,candidate_environment_or_exposure_effect_on_geochemical_expression
water_balance,wind_speed,False,arid_basin_or_range,1,0.30347823522897704,0.30347823522897704,0.25347823522897706,same_tier_statistical_association
unconsolidated_cover,max_temperature,False,arid_basin_or_range,1,0.30211874267325123,0.30211874267325123,0.25211874267325124,same_tier_statistical_association
snow_influence,precipitation,False,semi_arid_transition,1,0.29784738250300274,0.29784738250300274,0.24784738250300276,same_tier_statistical_association
aridity,water_deficit,False,arid_basin_or_range,1,0.29697494159652055,0.29697494159652055,0.24697494159652053,same_tier_statistical_association
actual_evapotranspiration,snow_influence,False,arid_basin_or_range,1,0.2949442394424695,0.2949442394424695,0.2449442394424695,same_tier_statistical_association
precipitation,Y_label,True,semi_arid_transition,1,0.2937054177128098,0.2937054177128098,0.14370541771280976,candidate_direct_signal_to_porphyry_label
wind_speed,deep_gravity_source_strength,False,semi_arid_transition,1,0.29202326429395864,0.29202326429395864,0.24202326429395865,same_tier_statistical_association
diurnal_temperature_range,Y_label,True,semi_arid_transition,1,0.28987851587214913,0.28987851587214913,0.1398785158721491,candidate_direct_signal_to_porphyry_label
diurnal_temperature_range,vapor_pressure_deficit,False,semi_arid_transition,1,0.2879215388558114,0.2879215388558114,0.23792153885581138,same_tier_statistical_association
actual_evapotranspiration,solar_radiation,False,semi_arid_transition,1,0.2870366318564726,0.2870366318564726,0.2370366318564726,same_tier_statistical_association
shallow_gravity_source_strength,water_deficit,False,semi_arid_transition,1,0.28604189294760335,0.28604189294760335,0.23604189294760333,same_tier_statistical_association
precipitation,evapotranspiration_ratio,False,semi_arid_transition,1,0.2841142364346792,0.2841142364346792,0.2341142364346792,same_tier_statistical_association
shallow_gravity_source_strength,Y_label,True,semi_arid_transition,1,0.2839885780309107,0.2839885780309107,0.1339885780309107,candidate_direct_signal_to_porphyry_label
solar_radiation,vapor_pressure_deficit,False,semi_arid_transition,1,0.278373178856769,0.278373178856769,0.228373178856769,same_tier_statistical_association
potential_evapotranspiration,precipitation,False,semi_arid_transition,1,0.27427844903841997,0.27427844903841997,0.22427844903841998,same_tier_statistical_association
