target_concept,target_group,best_climate_concept,max_global_abs_spearman,max_m4_sensitive_rate,max_causal_stable_edge_score,max_combined_climate_sensitivity_score,selected_for_graph_guided_m4
terrain_elevation,terrain,vapor_pressure,0.9203557832181177,1.0,0.0,0.8,True
regional_gravity_anomaly,geophysics,vapor_pressure,0.8285058591459772,1.0,0.0,0.7550134366419865,True
deep_regional_gravity_anomaly,geophysics,vapor_pressure,0.8135148825016063,1.0,0.0,0.7476711059060263,True
terrain_relief,terrain,precipitation,0.5317959303781951,1.0,0.0,0.6096898542405489,True
shallow_gravity_source_density,geophysics,vapor_pressure_deficit,0.4748627349537066,1.0,0.0,0.5818049231531123,True
unconsolidated_cover,geology,vapor_pressure,0.47408791989542864,1.0,0.0,0.5814254316395147,True
fault_density,structure,soil_moisture,0.44139830917192713,1.0,0.0,0.5654146046430049,True
terrain_slope,terrain,precipitation,0.42787017567439434,1.0,0.0,0.5587887501216182,True
terrain_roughness,terrain,precipitation,0.4245290260910469,1.0,0.0,0.5571523106913383,True
deep_gravity_source_strength,geophysics,actual_evapotranspiration,0.37907555383191527,1.0,0.0,0.5348899568539948,True
deep_gravity_gradient,geophysics,actual_evapotranspiration,0.35481737141433817,1.0,0.0,0.5230087030445582,True
fault_proximity,structure,soil_moisture,0.3439163340257457,1.0,0.0,0.517669556451853,True
As_Sb_Bi_pathfinder,geochemistry,solar_radiation,0.2947382784104741,0.0,0.3333333333333333,0.34358296370711977,False
shallow_gravity_source_strength,geophysics,water_deficit,0.04189584408703457,0.0,0.3333333333333333,0.2197449496184849,False
sedimentary_geology,geology,vapor_pressure,0.2934442148294267,0.0,0.0,0.14294915291341279,False
Pb_Zn_background,geochemistry,solar_radiation,0.2761379350780591,0.0,0.0,0.13447282526925583,False
Mo_anomaly,geochemistry,solar_radiation,0.26435791400193376,0.0,0.0,0.1287031671029233,False
Ag_anomaly,geochemistry,solar_radiation,0.2533961694449747,0.0,0.0,0.12333428715002659,False
igneous_geology,geology,runoff,0.23699144118679613,0.0,0.0,0.1152995244149163,False
Cu_anomaly,geochemistry,solar_radiation,0.23054414531087936,0.0,0.0,0.11214174625298788,False
Au_anomaly,geochemistry,solar_radiation,0.21515687805168535,0.0,0.0,0.10460531897277874,False
metamorphic_geology,geology,mean_temperature,0.20217439863487613,0.0,0.0,0.09824671673409119,False
W_Re_pathfinder,geochemistry,solar_radiation,0.14963727615460995,0.0,0.0,0.0725149089728795,False
intrusive_geology,geology,soil_moisture,0.1487142095880171,0.0,0.0,0.07206280633914103,False
felsic_intermediate_geology,geology,diurnal_temperature_range,0.14186698226889238,0.0,0.0,0.06870914841584662,False
mafic_geology,geology,actual_evapotranspiration,0.12026840357986952,0.0,0.0,0.05813052422587319,False
carbonate_geology,geology,min_temperature,0.11808583691581662,0.0,0.0,0.05706153941714991,False
gravity_gradient,geophysics,vapor_pressure,0.09362204129946561,0.0,0.0,0.04507957968675229,False
shallow_gravity_source_proximity,geophysics,runoff,0.07769662129067752,0.0,0.0,0.03727957415092164,False
deep_gravity_source_proximity,geophysics,solar_radiation,0.07569076845279099,0.0,0.0,0.036297140831678384,False
deep_gravity_source_density,geophysics,actual_evapotranspiration,0.0375491912562115,0.0,0.0,0.017616031440876697,False
