environment,source,target,directed,direction_rule,source_group,target_group,method,selected_by_partial_corr,selected_by_target_logistic,association_corr,association_p_value,partial_corr,partial_p_value_approx,abs_partial_corr,target_logistic_l1_coefficient,edge_weight,source_stable_score,target_stable_score,n_rows,n_positive,n_negative,interpretation,rank_in_environment
snow_influenced_mountain,precipitation,water_balance,False,same_tier_undirected_association,climate,climate,ridge_partial_corr_plus_sparse_logistic,True,False,0.986116396965634,8.322713006333596e-105,0.9337297016118864,1.630729426499228e-45,0.9337297016118864,,0.9837297016118864,1.0,0.6666666666666666,134,43,91,same_tier_statistical_association,1
snow_influenced_mountain,terrain_roughness,terrain_slope,False,same_tier_undirected_association,terrain,terrain,ridge_partial_corr_plus_sparse_logistic,True,False,0.943478990901475,3.612628198705536e-65,0.9308729604331453,1.2032158784840013e-44,0.9308729604331453,,0.9808729604331453,1.0,0.6666666666666666,134,43,91,same_tier_statistical_association,2
snow_influenced_mountain,potential_evapotranspiration,max_temperature,False,same_tier_undirected_association,climate,climate,ridge_partial_corr_plus_sparse_logistic,True,False,0.8404333190964194,6.2215933571742356e-37,0.7131418235625299,8.501752016233799e-17,0.7131418235625299,,0.7631418235625299,1.0,0.6666666666666666,134,43,91,same_tier_statistical_association,3
snow_influenced_mountain,shallow_gravity_source_strength,gravity_gradient,False,same_tier_undirected_association,geophysics,geophysics,ridge_partial_corr_plus_sparse_logistic,True,False,0.6877221876334537,4.379805039259625e-20,0.617355420033864,7.876670629732563e-12,0.617355420033864,,0.667355420033864,1.0,0.6666666666666666,134,43,91,same_tier_statistical_association,4
snow_influenced_mountain,solar_radiation,max_temperature,False,same_tier_undirected_association,climate,climate,ridge_partial_corr_plus_sparse_logistic,True,False,0.368838958337674,1.158507183385662e-05,-0.6066571549860096,2.234277149718302e-11,0.6066571549860096,,0.6566571549860096,1.0,0.6666666666666666,134,43,91,same_tier_statistical_association,5
snow_influenced_mountain,solar_radiation,diurnal_temperature_range,False,same_tier_undirected_association,climate,climate,ridge_partial_corr_plus_sparse_logistic,True,False,0.8190162988920363,1.2005524538738587e-33,0.5880287514038242,1.254559058522033e-10,0.5880287514038242,,0.6380287514038242,1.0,0.6666666666666666,134,43,91,same_tier_statistical_association,6
snow_influenced_mountain,deep_gravity_source_proximity,deep_gravity_source_density,False,same_tier_undirected_association,geophysics,geophysics,ridge_partial_corr_plus_sparse_logistic,True,False,0.5832037700649793,1.4234143661365548e-13,0.5850340815064814,1.638900923622109e-10,0.5850340815064814,,0.6350340815064814,1.0,0.6666666666666666,134,43,91,same_tier_statistical_association,7
snow_influenced_mountain,diurnal_temperature_range,max_temperature,False,same_tier_undirected_association,climate,climate,ridge_partial_corr_plus_sparse_logistic,True,False,0.5839387659839079,1.3047270301011193e-13,0.5563892587892,1.851513226155318e-09,0.5563892587892,,0.6063892587892,0.6666666666666666,0.6666666666666666,134,43,91,same_tier_statistical_association,8
snow_influenced_mountain,runoff,snow_influence,False,same_tier_undirected_association,climate,climate,ridge_partial_corr_plus_sparse_logistic,True,False,0.8316312438831903,1.5850257049446602e-35,0.5009637595233769,1.1063583597441632e-07,0.5009637595233769,,0.550963759523377,1.0,0.6666666666666666,134,43,91,same_tier_statistical_association,9
snow_influenced_mountain,aridity,max_temperature,False,same_tier_undirected_association,climate,climate,ridge_partial_corr_plus_sparse_logistic,True,False,-0.6418739923256362,6.421933072056411e-17,-0.48368789413603414,3.434892994488905e-07,0.48368789413603414,,0.5336878941360341,0.6666666666666666,0.6666666666666666,134,43,91,same_tier_statistical_association,10
snow_influenced_mountain,actual_evapotranspiration,evapotranspiration_ratio,False,same_tier_undirected_association,climate,climate,ridge_partial_corr_plus_sparse_logistic,True,False,0.8646813291910581,2.706463689082446e-41,0.48342055808469026,3.4939482540141194e-07,0.48342055808469026,,0.5334205580846902,1.0,1.0,134,43,91,same_tier_statistical_association,11
snow_influenced_mountain,fault_density,fault_proximity,False,same_tier_undirected_association,structure,structure,ridge_partial_corr_plus_sparse_logistic,True,False,0.5319275964664112,3.745413073527198e-11,0.47363625506792434,6.456433755861066e-07,0.47363625506792434,,0.5236362550679243,1.0,0.6666666666666666,134,43,91,same_tier_statistical_association,12
snow_influenced_mountain,evapotranspiration_ratio,solar_radiation,False,same_tier_undirected_association,climate,climate,ridge_partial_corr_plus_sparse_logistic,True,False,-0.7600084172293737,1.7971442083462217e-26,0.4707051733425951,7.7318481347682e-07,0.4707051733425951,,0.5207051733425951,1.0,1.0,134,43,91,same_tier_statistical_association,13
snow_influenced_mountain,evapotranspiration_ratio,potential_evapotranspiration,False,same_tier_undirected_association,climate,climate,ridge_partial_corr_plus_sparse_logistic,True,False,-0.8923461560549195,1.9295679730821436e-47,-0.46599811806794705,1.0291994727010693e-06,0.46599811806794705,,0.515998118067947,1.0,1.0,134,43,91,same_tier_statistical_association,14
snow_influenced_mountain,solar_radiation,potential_evapotranspiration,False,same_tier_undirected_association,climate,climate,ridge_partial_corr_plus_sparse_logistic,True,False,0.7496913484667538,1.9875578861261375e-25,0.46548519237817126,1.061509254928933e-06,0.46548519237817126,,0.5154851923781713,1.0,1.0,134,43,91,same_tier_statistical_association,15
snow_influenced_mountain,Pb_Zn_background,Y_label,True,target_sink,geochemistry,target,ridge_partial_corr_plus_sparse_logistic,True,True,0.48508185390531255,2.8529515834685132e-09,0.36496931961440493,0.00018887350790819322,0.36496931961440493,0.9079974264202518,0.514969319614405,1.0,1.0,134,43,91,candidate_direct_signal_to_porphyry_label,16
snow_influenced_mountain,shallow_gravity_source_strength,fault_proximity,False,same_tier_undirected_association,geophysics,structure,ridge_partial_corr_plus_sparse_logistic,True,False,0.23264780788017342,0.006828707757242377,0.46309869677584803,1.2248895980577718e-06,0.46309869677584803,,0.5130986967758481,1.0,0.6666666666666666,134,43,91,same_tier_statistical_association,17
snow_influenced_mountain,Ag_anomaly,Au_anomaly,False,same_tier_undirected_association,geochemistry,geochemistry,ridge_partial_corr_plus_sparse_logistic,True,False,0.6929518785052825,1.7492661471518608e-20,0.45855074295297266,1.6043085093675294e-06,0.45855074295297266,,0.5085507429529726,1.0,1.0,134,43,91,same_tier_statistical_association,18
snow_influenced_mountain,evapotranspiration_ratio,water_deficit,False,same_tier_undirected_association,climate,climate,ridge_partial_corr_plus_sparse_logistic,True,False,-0.9674203551961886,1.2783948919986356e-80,-0.45358963308959094,2.1439558795581886e-06,0.45358963308959094,,0.5035896330895909,1.0,1.0,134,43,91,same_tier_statistical_association,19
snow_influenced_mountain,snow_influence,max_temperature,False,same_tier_undirected_association,climate,climate,ridge_partial_corr_plus_sparse_logistic,True,False,-0.7628415300037175,9.093351755706604e-27,-0.4486520983950374,2.84837823733796e-06,0.4486520983950374,,0.4986520983950374,0.6666666666666666,0.6666666666666666,134,43,91,same_tier_statistical_association,20
snow_influenced_mountain,actual_evapotranspiration,potential_evapotranspiration,False,same_tier_undirected_association,climate,climate,ridge_partial_corr_plus_sparse_logistic,True,False,-0.6424184078590218,5.932069859696117e-17,0.3958142284755312,4.578740031611233e-05,0.3958142284755312,,0.4458142284755312,1.0,1.0,134,43,91,same_tier_statistical_association,21
snow_influenced_mountain,precipitation,max_temperature,False,same_tier_undirected_association,climate,climate,ridge_partial_corr_plus_sparse_logistic,True,False,-0.49475769215529075,1.2291467198369324e-09,0.39561133046573516,4.623782141084856e-05,0.39561133046573516,,0.44561133046573514,1.0,0.6666666666666666,134,43,91,same_tier_statistical_association,22
snow_influenced_mountain,soil_moisture,deep_gravity_gradient,False,same_tier_undirected_association,climate,geophysics,ridge_partial_corr_plus_sparse_logistic,True,False,0.2649674401116608,0.00197490615191847,-0.38821589636629333,6.577816728401874e-05,0.38821589636629333,,0.4382158963662933,0.6666666666666666,0.6666666666666666,134,43,91,same_tier_statistical_association,23
snow_influenced_mountain,water_deficit,wind_speed,False,same_tier_undirected_association,climate,climate,ridge_partial_corr_plus_sparse_logistic,True,False,0.47668803892704203,5.800314653814065e-09,-0.3877847932208282,6.71264731943335e-05,0.3877847932208282,,0.4377847932208282,1.0,0.6666666666666666,134,43,91,same_tier_statistical_association,24
snow_influenced_mountain,evapotranspiration_ratio,soil_moisture,False,same_tier_undirected_association,climate,climate,ridge_partial_corr_plus_sparse_logistic,True,False,0.8926806608298865,1.5891475574428464e-47,0.3743359316450031,0.0001246621900800958,0.3743359316450031,,0.4243359316450031,1.0,0.6666666666666666,134,43,91,same_tier_statistical_association,25
snow_influenced_mountain,aridity,vapor_pressure_deficit,False,same_tier_undirected_association,climate,climate,ridge_partial_corr_plus_sparse_logistic,True,False,-0.7017696664166461,3.558180673477177e-21,0.37135018476960713,0.00014251124379062563,0.37135018476960713,,0.4213501847696071,0.6666666666666666,0.6666666666666666,134,43,91,same_tier_statistical_association,26
snow_influenced_mountain,potential_evapotranspiration,diurnal_temperature_range,False,same_tier_undirected_association,climate,climate,ridge_partial_corr_plus_sparse_logistic,True,False,0.7362763595055244,3.81747011833715e-24,-0.3699782720795741,0.00015148289722498006,0.3699782720795741,,0.4199782720795741,1.0,0.6666666666666666,134,43,91,same_tier_statistical_association,27
snow_influenced_mountain,deep_gravity_source_proximity,As_Sb_Bi_pathfinder,True,domain_tier,geophysics,geochemistry,ridge_partial_corr_plus_sparse_logistic,True,False,0.09390984552116294,0.2804594850996588,0.36661412885410966,0.00017574484683583342,0.36661412885410966,,0.41661412885410964,1.0,1.0,134,43,91,candidate_geologic_control_on_geochemical_expression,28
snow_influenced_mountain,shallow_gravity_source_density,gravity_gradient,False,same_tier_undirected_association,geophysics,geophysics,ridge_partial_corr_plus_sparse_logistic,True,False,0.1556470282509012,0.07252222125341044,0.36621256238702415,0.00017886975042525084,0.36621256238702415,,0.41621256238702414,1.0,0.6666666666666666,134,43,91,same_tier_statistical_association,29
snow_influenced_mountain,evapotranspiration_ratio,water_balance,False,same_tier_undirected_association,climate,climate,ridge_partial_corr_plus_sparse_logistic,True,False,0.9286621504552374,1.0434810652114749e-58,0.3645150954811571,0.0001926557641291598,0.3645150954811571,,0.4145150954811571,1.0,0.6666666666666666,134,43,91,same_tier_statistical_association,30
snow_influenced_mountain,As_Sb_Bi_pathfinder,W_Re_pathfinder,False,same_tier_undirected_association,geochemistry,geochemistry,ridge_partial_corr_plus_sparse_logistic,True,False,0.3584456479197868,2.11278146605545e-05,0.35629990953612906,0.0002743686672903323,0.35629990953612906,,0.40629990953612904,1.0,0.6666666666666666,134,43,91,same_tier_statistical_association,31
snow_influenced_mountain,fault_proximity,deep_gravity_gradient,False,same_tier_undirected_association,structure,geophysics,ridge_partial_corr_plus_sparse_logistic,True,False,-0.22412198088200638,0.009233167123016285,-0.3418056017866458,0.0005004242699768064,0.3418056017866458,,0.3918056017866458,0.6666666666666666,0.6666666666666666,134,43,91,same_tier_statistical_association,32
snow_influenced_mountain,solar_radiation,aridity,False,same_tier_undirected_association,climate,climate,ridge_partial_corr_plus_sparse_logistic,True,False,-0.7570432859579213,3.629761254255285e-26,-0.33708629279562374,0.0006048543526920262,0.33708629279562374,,0.38708629279562373,1.0,0.6666666666666666,134,43,91,same_tier_statistical_association,33
snow_influenced_mountain,max_temperature,wind_speed,False,same_tier_undirected_association,climate,climate,ridge_partial_corr_plus_sparse_logistic,True,False,-0.01453520630608964,0.8676142597211357,-0.3329421020647348,0.0007126415019368571,0.3329421020647348,,0.3829421020647348,0.6666666666666666,0.6666666666666666,134,43,91,same_tier_statistical_association,34
snow_influenced_mountain,shallow_gravity_source_strength,Y_label,True,target_sink,geophysics,target,ridge_partial_corr_plus_sparse_logistic,True,True,0.2294533771874748,0.007655210077731315,0.22654465191843604,0.023419709950606427,0.22654465191843604,0.04431323872319423,0.37654465191843606,1.0,1.0,134,43,91,candidate_direct_signal_to_porphyry_label,35
snow_influenced_mountain,evapotranspiration_ratio,deep_gravity_gradient,False,same_tier_undirected_association,climate,geophysics,ridge_partial_corr_plus_sparse_logistic,True,False,0.4494009263143214,5.1261656662970076e-08,0.3239095422395061,0.0010109069195007564,0.3239095422395061,,0.37390954223950607,1.0,0.6666666666666666,134,43,91,same_tier_statistical_association,36
snow_influenced_mountain,water_deficit,potential_evapotranspiration,False,same_tier_undirected_association,climate,climate,ridge_partial_corr_plus_sparse_logistic,True,False,0.9452654517558765,4.6000081478682114e-66,0.3216678334944607,0.0011007378014160827,0.3216678334944607,,0.3716678334944607,1.0,1.0,134,43,91,same_tier_statistical_association,37
snow_influenced_mountain,snow_influence,Y_label,True,target_sink,climate,target,ridge_partial_corr_plus_sparse_logistic,True,True,0.48457423772488506,2.9796626829802717e-09,0.2162765948038532,0.03067811926179082,0.2162765948038532,0.5085674759143359,0.36627659480385316,0.6666666666666666,1.0,134,43,91,candidate_direct_signal_to_porphyry_label,38
snow_influenced_mountain,runoff,aridity,False,same_tier_undirected_association,climate,climate,ridge_partial_corr_plus_sparse_logistic,True,False,0.9226133513488707,1.8368500138326922e-56,0.3140463885586798,0.0014631909295108273,0.3140463885586798,,0.36404638855867977,1.0,0.6666666666666666,134,43,91,same_tier_statistical_association,39
snow_influenced_mountain,solar_radiation,wind_speed,False,same_tier_undirected_association,climate,climate,ridge_partial_corr_plus_sparse_logistic,True,False,0.8045761789002375,1.1449714619466688e-31,0.30507386631557126,0.0020265784039195565,0.30507386631557126,,0.35507386631557125,1.0,0.6666666666666666,134,43,91,same_tier_statistical_association,40
snow_influenced_mountain,water_deficit,vapor_pressure_deficit,False,same_tier_undirected_association,climate,climate,ridge_partial_corr_plus_sparse_logistic,True,False,0.9173740911358161,1.1641286152025066e-54,0.30119571393800154,0.00232576685985447,0.30119571393800154,,0.35119571393800153,1.0,0.6666666666666666,134,43,91,same_tier_statistical_association,41
snow_influenced_mountain,precipitation,aridity,False,same_tier_undirected_association,climate,climate,ridge_partial_corr_plus_sparse_logistic,True,False,0.9594248511060954,1.923962364098356e-74,0.30020993101518867,0.0024079069521257376,0.30020993101518867,,0.35020993101518866,1.0,0.6666666666666666,134,43,91,same_tier_statistical_association,42
snow_influenced_mountain,actual_evapotranspiration,water_deficit,False,same_tier_undirected_association,climate,climate,ridge_partial_corr_plus_sparse_logistic,True,False,-0.8171139068137604,2.2392179716783566e-33,-0.2999749742632639,0.0024278664628940546,0.2999749742632639,,0.3499749742632639,1.0,1.0,134,43,91,same_tier_statistical_association,43
snow_influenced_mountain,fault_density,deep_gravity_gradient,False,same_tier_undirected_association,structure,geophysics,ridge_partial_corr_plus_sparse_logistic,True,False,0.20752663182067188,0.016126355418534608,0.2999152660996175,0.0024329623529677443,0.2999152660996175,,0.3499152660996175,1.0,0.6666666666666666,134,43,91,same_tier_statistical_association,44
snow_influenced_mountain,precipitation,soil_moisture,False,same_tier_undirected_association,climate,climate,ridge_partial_corr_plus_sparse_logistic,True,False,0.9103799741352451,1.9659801317487404e-52,0.29843153114552706,0.0025627297664554544,0.29843153114552706,,0.34843153114552705,1.0,0.6666666666666666,134,43,91,same_tier_statistical_association,45
