concept,concept_group,role,stable_score,selected_environment_count,selected_environments,direction_consistent,dominant_direction,interpretation,mean_auc_effect_strength,mean_bootstrap_selection_rate,mean_rf_rank,mean_logistic_abs_rank,feature_count,aggregation_method,arid_basin_or_range_selected,arid_basin_or_range_auc_effect_strength,arid_basin_or_range_bootstrap_selection_rate,arid_basin_or_range_rf_rank,arid_basin_or_range_logistic_l1_coefficient,arid_basin_or_range_logistic_abs_rank,arid_basin_or_range_direction,semi_arid_transition_selected,semi_arid_transition_auc_effect_strength,semi_arid_transition_bootstrap_selection_rate,semi_arid_transition_rf_rank,semi_arid_transition_logistic_l1_coefficient,semi_arid_transition_logistic_abs_rank,semi_arid_transition_direction,snow_influenced_mountain_selected,snow_influenced_mountain_auc_effect_strength,snow_influenced_mountain_bootstrap_selection_rate,snow_influenced_mountain_rf_rank,snow_influenced_mountain_logistic_l1_coefficient,snow_influenced_mountain_logistic_abs_rank,snow_influenced_mountain_direction,recommended_role_for_step5
Cu_anomaly,geochemistry,mineralization_signal,1.0,3,arid_basin_or_range;semi_arid_transition;snow_influenced_mountain,True,positive_higher,cross_environment_stable_signal,0.6731241811763414,0.9933333333333333,1.3333333333333333,2.6666666666666665,30,robust_z_row_max,True,0.5560530679933666,1.0,2.0,0.8823283403698535,3.0,positive_higher,True,0.840677966101695,1.0,1.0,1.28967820269759,1.0,positive_higher,True,0.6226415094339623,0.98,1.0,0.40058792451583464,4.0,positive_higher,candidate_predictor_node
terrain_relief,terrain,erosion_exposure,1.0,3,arid_basin_or_range;semi_arid_transition;snow_influenced_mountain,True,positive_higher,cross_environment_stable_signal,0.5663980902587632,0.9899999999999999,3.0,13.333333333333334,3,robust_z_row_median,True,0.4951612903225806,1.0,1.0,0.0,24.0,positive_higher,True,0.6167883211678833,0.98,5.0,0.2579787216627371,9.0,positive_higher,True,0.5872446592858256,0.99,3.0,0.26618239329624743,7.0,positive_higher,candidate_predictor_node
Mo_anomaly,geochemistry,mineralization_signal,1.0,3,arid_basin_or_range;semi_arid_transition;snow_influenced_mountain,True,positive_higher,cross_environment_stable_signal,0.5365742452476848,0.8433333333333333,6.666666666666667,12.666666666666666,30,robust_z_row_max,True,0.41210613598673307,0.88,8.0,0.16595452765442245,16.0,positive_higher,True,0.7491525423728813,1.0,2.0,0.31737645609340354,8.0,positive_higher,True,0.44846405738344,0.65,10.0,0.0,14.0,positive_higher,candidate_predictor_node
Pb_Zn_background,geochemistry,geochemical_background,1.0,3,arid_basin_or_range;semi_arid_transition;snow_influenced_mountain,True,positive_higher,cross_environment_stable_signal,0.5203992145391061,0.9,7.666666666666667,8.333333333333334,60,robust_z_row_max,True,0.42172470978441123,0.93,17.0,0.5795050894986334,5.0,positive_higher,True,0.6595103578154424,1.0,4.0,0.0,19.0,positive_higher,True,0.4799625760174646,0.77,2.0,0.8488392326172378,1.0,positive_higher,candidate_predictor_node
Au_anomaly,geochemistry,mineralization_signal,1.0,3,arid_basin_or_range;semi_arid_transition;snow_influenced_mountain,True,positive_higher,cross_environment_stable_signal,0.49958715207836507,0.69,11.0,13.0,29,robust_z_row_max,True,0.4126036484245439,0.95,15.0,0.024047598525931503,22.0,positive_higher,True,0.7426368347870054,1.0,3.0,0.5874537732244699,3.0,positive_higher,True,0.343520973023546,0.12,15.0,0.0,14.0,positive_higher,candidate_predictor_node
terrain_roughness,terrain,erosion_exposure,1.0,3,arid_basin_or_range;semi_arid_transition;snow_influenced_mountain,True,positive_higher,cross_environment_stable_signal,0.4061645841185848,0.48000000000000004,17.666666666666668,14.333333333333334,1,robust_z_row_median,True,0.38835125448028696,0.85,7.0,0.17606211465428465,14.0,positive_higher,True,0.4551230062178968,0.27,22.0,0.0,19.0,positive_higher,True,0.37501949165757065,0.32,24.0,0.15885615275788373,10.0,positive_higher,candidate_predictor_node
terrain_slope,terrain,erosion_exposure,1.0,3,arid_basin_or_range;semi_arid_transition;snow_influenced_mountain,True,positive_higher,cross_environment_stable_signal,0.39311656223470653,0.4466666666666667,19.666666666666668,17.333333333333332,1,robust_z_row_median,True,0.38261648745519694,0.84,6.0,0.068826937751396,19.0,positive_higher,True,0.4348121014787685,0.22,28.0,0.0,19.0,positive_higher,True,0.36192109777015413,0.28,25.0,0.0,14.0,positive_higher,candidate_predictor_node
As_Sb_Bi_pathfinder,geochemistry,pathfinder_signal,1.0,3,arid_basin_or_range;semi_arid_transition;snow_influenced_mountain,True,positive_higher,cross_environment_stable_signal,0.3458327656583551,0.32333333333333336,34.0,19.0,89,robust_z_row_max,True,0.3248756218905473,0.8,38.0,0.0,24.0,positive_higher,True,0.3865662272441934,0.05,42.0,0.0,19.0,positive_higher,True,0.3260564478403245,0.12,22.0,0.0,14.0,positive_higher,candidate_predictor_node
shallow_gravity_source_strength,geophysics,geophysical_source_strength,1.0,3,arid_basin_or_range;semi_arid_transition;snow_influenced_mountain,True,positive_higher,cross_environment_stable_signal,0.2919458253374334,0.14,11.333333333333334,17.0,9,robust_z_row_max,True,0.13714759535655063,0.05,12.0,0.0,24.0,positive_higher,True,0.3516635279347142,0.04,10.0,0.0,19.0,positive_higher,True,0.38702635272103536,0.33,12.0,0.16271202844826527,8.0,positive_higher,candidate_predictor_node
runoff,climate,environment,1.0,3,arid_basin_or_range;semi_arid_transition;snow_influenced_mountain,False,mixed_or_not_selected,environment_sensitive_or_direction_conflict,0.3638504162273806,0.39666666666666667,16.666666666666668,15.333333333333334,18,robust_z_row_median,True,0.20149253731343264,0.3,22.0,0.2220683214523213,13.0,positive_higher,True,0.4523540489642185,0.26,14.0,0.0,19.0,negative_higher,True,0.4377046624044909,0.63,14.0,0.0,14.0,positive_higher,candidate_environment_sensitive_node
solar_radiation,climate,environment,1.0,3,arid_basin_or_range;semi_arid_transition;snow_influenced_mountain,False,mixed_or_not_selected,environment_sensitive_or_direction_conflict,0.3312909709689366,0.3466666666666667,8.0,13.666666666666666,18,robust_z_row_median,True,0.18772802653399667,0.2,3.0,-0.43081156469203663,8.0,negative_higher,True,0.5465160075329567,0.82,17.0,0.0,19.0,positive_higher,True,0.2596288788398565,0.02,4.0,0.0,14.0,negative_higher,candidate_environment_sensitive_node
shallow_gravity_source_density,geophysics,geophysical_source_density,1.0,3,arid_basin_or_range;semi_arid_transition;snow_influenced_mountain,False,mixed_or_not_selected,environment_sensitive_or_direction_conflict,0.30972345333419277,0.24333333333333332,23.666666666666668,18.666666666666668,4,robust_z_row_max,True,0.2509121061359867,0.37,11.0,0.0,24.0,positive_higher,True,0.289516635279347,0.02,39.0,-0.00587728333613543,18.0,positive_higher,True,0.38874161858724465,0.34,21.0,0.0,14.0,negative_higher,candidate_environment_sensitive_node
evapotranspiration_ratio,climate,environment,1.0,3,arid_basin_or_range;semi_arid_transition;snow_influenced_mountain,False,mixed_or_not_selected,environment_sensitive_or_direction_conflict,0.2566285301139391,0.08333333333333333,21.333333333333332,14.333333333333334,1,robust_z_row_median,True,0.014262023217247233,0.02,24.0,0.3073045859602319,10.0,negative_higher,True,0.3905838041431262,0.12,27.0,0.0,19.0,negative_higher,True,0.3650397629814439,0.11,13.0,0.0,14.0,positive_higher,candidate_environment_sensitive_node
soil_moisture,climate,environment,1.0,3,arid_basin_or_range;semi_arid_transition;snow_influenced_mountain,False,mixed_or_not_selected,environment_sensitive_or_direction_conflict,0.24707807965125173,0.07333333333333333,19.666666666666668,12.333333333333334,18,robust_z_row_median,True,0.09800995024875614,0.06,28.0,-0.699832554649974,4.0,negative_higher,True,0.2828625235404896,0.0,12.0,0.0,19.0,negative_higher,True,0.36036176516450946,0.16,19.0,0.0,14.0,positive_higher,candidate_environment_sensitive_node
fault_density,structure,structural_control,1.0,3,arid_basin_or_range;semi_arid_transition;snow_influenced_mountain,False,mixed_or_not_selected,environment_sensitive_or_direction_conflict,0.20418658634044481,0.21333333333333335,15.666666666666666,13.0,8,robust_z_row_max,True,0.22089552238805976,0.23,5.0,0.0,24.0,positive_higher,True,0.027871939736346496,0.0,37.0,-0.14010817151117205,13.0,negative_higher,True,0.36379229689692816,0.41,5.0,-0.7878531124093393,2.0,negative_higher,candidate_environment_sensitive_node
Ag_anomaly,geochemistry,pathfinder_signal,0.6666666666666666,2,semi_arid_transition;snow_influenced_mountain,True,positive_higher,mostly_stable_signal,0.40423157382611064,0.48666666666666664,24.666666666666668,19.0,29,robust_z_row_max,False,0.2109452736318409,0.17,41.0,0.0,24.0,positive_higher,True,0.6248587570621469,0.96,7.0,0.0,19.0,positive_higher,True,0.3768906907843441,0.33,26.0,0.0,14.0,positive_higher,candidate_predictor_node
W_Re_pathfinder,geochemistry,pathfinder_signal,0.6666666666666666,2,arid_basin_or_range;semi_arid_transition,True,positive_higher,mostly_stable_signal,0.3446142008917572,0.4066666666666667,26.333333333333332,17.0,45,robust_z_row_max,True,0.28590381426202316,0.52,29.0,-0.07536559828164645,18.0,positive_higher,True,0.5544256120527307,0.7,13.0,0.0,19.0,positive_higher,False,0.1935131763605178,0.0,37.0,0.0,14.0,positive_higher,candidate_predictor_node
intrusive_geology,geology,geological_control,0.6666666666666666,2,semi_arid_transition;snow_influenced_mountain,True,positive_higher,mostly_stable_signal,0.27300212649648,0.09000000000000001,42.0,11.666666666666666,1,binary_max,False,0.13980099502487575,0.05,46.0,0.0,24.0,positive_higher,True,0.40351537978656626,0.2,38.0,0.7550210259483362,2.0,positive_higher,True,0.275690004677998,0.02,42.0,0.1604828851358163,9.0,positive_higher,candidate_predictor_node
vapor_pressure,climate,environment,0.6666666666666666,2,arid_basin_or_range;semi_arid_transition,True,negative_higher,mostly_stable_signal,0.2610504594655706,0.26333333333333336,27.0,18.0,18,robust_z_row_median,True,0.21525704809286905,0.15,25.0,-0.02407469383649245,21.0,negative_higher,True,0.5245448838669178,0.64,16.0,0.0,19.0,negative_higher,False,0.043349446436924954,0.0,40.0,0.0,14.0,negative_higher,candidate_predictor_node
felsic_intermediate_geology,geology,geological_control,0.6666666666666666,2,arid_basin_or_range;semi_arid_transition,True,positive_higher,mostly_stable_signal,0.24475870246527087,0.049999999999999996,45.666666666666664,16.666666666666668,2,binary_max,True,0.14278606965174112,0.06,47.0,0.11275500510645302,17.0,positive_higher,True,0.3664783427495293,0.09,45.0,0.0,19.0,positive_higher,False,0.2250116949945422,0.0,45.0,0.0,14.0,positive_higher,candidate_predictor_node
actual_evapotranspiration,climate,environment,0.6666666666666666,2,arid_basin_or_range;snow_influenced_mountain,True,positive_higher,mostly_stable_signal,0.19322160897570181,0.27,28.333333333333332,18.666666666666668,18,robust_z_row_median,True,0.04510779436152568,0.06,36.0,0.021740733610168237,23.0,positive_higher,False,0.07595731324544874,0.0,41.0,0.0,19.0,positive_higher,True,0.458599719320131,0.75,8.0,0.0,14.0,positive_higher,candidate_predictor_node
regional_gravity_anomaly,geophysics,geophysical_context,0.6666666666666666,2,arid_basin_or_range;semi_arid_transition,True,negative_higher,mostly_stable_signal,0.19284145860513377,0.04666666666666667,11.0,19.0,17,robust_z_row_median,True,0.0548922056384743,0.0,4.0,0.0,24.0,negative_higher,True,0.4451977401129944,0.14,9.0,0.0,19.0,negative_higher,False,0.07843443006393258,0.0,20.0,0.0,14.0,negative_higher,candidate_predictor_node
deep_gravity_source_proximity,geophysics,geophysical_source_proximity,0.6666666666666666,2,arid_basin_or_range;snow_influenced_mountain,True,positive_higher,mostly_stable_signal,0.14348145676245125,0.09666666666666666,31.666666666666668,11.333333333333334,1,robust_z_row_median,True,0.22122719734660024,0.29,21.0,0.8839529538522459,2.0,positive_higher,False,0.04657878217200251,0.0,43.0,0.0,19.0,negative_higher,True,0.16263839076875097,0.0,31.0,0.04763977334525281,13.0,positive_higher,candidate_predictor_node
water_deficit,climate,environment,0.6666666666666666,2,semi_arid_transition;snow_influenced_mountain,False,mixed_or_not_selected,environment_sensitive_or_direction_conflict,0.32581705427431157,0.4166666666666667,22.0,16.0,18,robust_z_row_median,False,0.05870646766169152,0.02,31.0,0.0,24.0,negative_higher,True,0.44657878217200264,0.35,26.0,0.23438791658865513,10.0,positive_higher,True,0.4721659129892406,0.88,9.0,0.0,14.0,negative_higher,candidate_environment_sensitive_node
water_balance,climate,environment,0.6666666666666666,2,semi_arid_transition;snow_influenced_mountain,False,mixed_or_not_selected,environment_sensitive_or_direction_conflict,0.3228345829424513,0.38666666666666666,26.666666666666668,19.0,1,robust_z_row_median,False,0.05671641791044779,0.02,33.0,0.0,24.0,positive_higher,True,0.4656622724419335,0.45,18.0,0.0,19.0,negative_higher,True,0.44612505847497275,0.69,29.0,0.0,14.0,positive_higher,candidate_environment_sensitive_node
aridity,climate,environment,0.6666666666666666,2,semi_arid_transition;snow_influenced_mountain,False,mixed_or_not_selected,environment_sensitive_or_direction_conflict,0.3076399898720253,0.35666666666666663,21.666666666666668,19.0,1,robust_z_row_median,False,0.0066334991708125735,0.01,26.0,0.0,24.0,negative_higher,True,0.47671060891399875,0.47,23.0,0.0,19.0,negative_higher,True,0.4395758615312646,0.59,16.0,0.0,14.0,positive_higher,candidate_environment_sensitive_node
precipitation,climate,environment,0.6666666666666666,2,semi_arid_transition;snow_influenced_mountain,False,mixed_or_not_selected,environment_sensitive_or_direction_conflict,0.2937556769232764,0.27,22.666666666666668,11.0,18,robust_z_row_median,False,0.05306799336650092,0.02,37.0,0.0,24.0,negative_higher,True,0.39610797237915873,0.16,8.0,-0.5338565173489351,4.0,negative_higher,True,0.4320910650241696,0.63,23.0,0.39793415774842555,5.0,positive_higher,candidate_environment_sensitive_node
diurnal_temperature_range,climate,environment,0.6666666666666666,2,semi_arid_transition;snow_influenced_mountain,False,mixed_or_not_selected,environment_sensitive_or_direction_conflict,0.2807506650919323,0.15,19.333333333333332,19.0,18,robust_z_row_median,False,0.055223880597014885,0.06,27.0,0.0,24.0,positive_higher,True,0.47344632768361583,0.36,20.0,0.0,19.0,positive_higher,True,0.31358178699516615,0.03,11.0,0.0,14.0,negative_higher,candidate_environment_sensitive_node
potential_evapotranspiration,climate,environment,0.6666666666666666,2,semi_arid_transition;snow_influenced_mountain,False,mixed_or_not_selected,environment_sensitive_or_direction_conflict,0.27464286919587677,0.10333333333333333,27.333333333333332,16.666666666666668,18,robust_z_row_median,False,0.04378109452736323,0.0,16.0,0.0,24.0,negative_higher,True,0.39234149403640917,0.09,32.0,0.1994417264838692,12.0,positive_higher,True,0.3878060190238579,0.22,34.0,0.0,14.0,negative_higher,candidate_environment_sensitive_node
vapor_pressure_deficit,climate,environment,0.6666666666666666,2,semi_arid_transition;snow_influenced_mountain,False,mixed_or_not_selected,environment_sensitive_or_direction_conflict,0.2692697322961706,0.08333333333333333,34.333333333333336,19.0,18,robust_z_row_median,False,0.04577114427860696,0.01,35.0,0.0,24.0,negative_higher,True,0.40853735091023236,0.17,36.0,0.0,19.0,positive_higher,True,0.3535007016996725,0.07,32.0,0.0,14.0,negative_higher,candidate_environment_sensitive_node
wind_speed,climate,environment,0.6666666666666666,2,arid_basin_or_range;semi_arid_transition,False,mixed_or_not_selected,environment_sensitive_or_direction_conflict,0.24359495182430838,0.17333333333333334,20.333333333333332,10.666666666666666,18,robust_z_row_median,True,0.2616915422885572,0.5,14.0,-1.0821213667075071,1.0,negative_higher,True,0.35354676710608923,0.02,19.0,0.07147485508985288,17.0,positive_higher,False,0.11554654607827874,0.0,28.0,0.0,14.0,positive_higher,candidate_environment_sensitive_node
deep_gravity_source_strength,geophysics,geophysical_source_strength,0.6666666666666666,2,semi_arid_transition;snow_influenced_mountain,False,mixed_or_not_selected,environment_sensitive_or_direction_conflict,0.20063957376315558,0.06,22.666666666666668,14.666666666666666,7,robust_z_row_max,False,0.028358208955223896,0.05,30.0,0.0,24.0,negative_higher,True,0.2498430634023856,0.02,31.0,-0.34830069882412396,6.0,negative_higher,True,0.3237174489318573,0.11,7.0,0.0,14.0,positive_higher,candidate_environment_sensitive_node
shallow_gravity_source_proximity,geophysics,geophysical_source_proximity,0.6666666666666666,2,semi_arid_transition;snow_influenced_mountain,False,mixed_or_not_selected,environment_sensitive_or_direction_conflict,0.1707864220666665,0.03,37.333333333333336,15.666666666666666,1,robust_z_row_median,False,0.044112769485904035,0.03,39.0,0.0,24.0,positive_higher,True,0.22109227871939718,0.01,35.0,0.19985597310283623,11.0,positive_higher,True,0.24715421799469828,0.05,38.0,-0.05588628180790452,12.0,negative_higher,candidate_environment_sensitive_node
gravity_gradient,geophysics,geophysical_boundary,0.6666666666666666,2,arid_basin_or_range;semi_arid_transition,False,mixed_or_not_selected,environment_sensitive_or_direction_conflict,0.09179808274540162,0.006666666666666667,26.333333333333332,13.666666666666666,1,robust_z_row_median,True,0.005306799336650014,0.01,23.0,-0.29115294846654605,12.0,negative_higher,True,0.2602636534839926,0.01,21.0,0.10439960867723751,15.0,positive_higher,False,0.00982379541556222,0.0,35.0,0.0,14.0,negative_higher,candidate_environment_sensitive_node
sedimentary_geology,geology,geological_context,0.6666666666666666,2,semi_arid_transition;snow_influenced_mountain,False,mixed_or_not_selected,environment_sensitive_or_direction_conflict,0.0846381316382389,0.0,45.0,13.333333333333334,1,binary_max,False,0.03117744610281936,0.0,45.0,0.0,24.0,positive_higher,True,0.07834274952919018,0.0,46.0,0.42604892095571223,5.0,positive_higher,True,0.14439419928270714,0.0,44.0,0.15256051898516493,11.0,negative_higher,candidate_environment_sensitive_node
carbonate_geology,geology,geological_context,0.6666666666666666,2,arid_basin_or_range;snow_influenced_mountain,False,mixed_or_not_selected,environment_sensitive_or_direction_conflict,0.07918112301741154,0.0,46.0,10.666666666666666,1,binary_max,True,0.07827529021558877,0.0,43.0,0.5092353995270419,7.0,positive_higher,False,0.04356559949780281,0.0,48.0,0.0,19.0,positive_higher,True,0.11570247933884303,0.0,47.0,-0.26758750793888236,6.0,negative_higher,candidate_environment_sensitive_node
