edge_key,source,target,directed,source_group,target_group,direction_rule,environments,environment_count,stable_edge_score,mean_edge_weight,max_edge_weight,mean_abs_partial_corr,partial_corr_sign,partial_corr_sign_consistent,selected_by_target_logistic_any,selected_by_target_logistic_count,mean_rank_in_environment,min_rank_in_environment,base_interpretation,appears_in_arid_basin_or_range,arid_basin_or_range_edge_weight,arid_basin_or_range_partial_corr,arid_basin_or_range_rank,appears_in_semi_arid_transition,semi_arid_transition_edge_weight,semi_arid_transition_partial_corr,semi_arid_transition_rank,appears_in_snow_influenced_mountain,snow_influenced_mountain_edge_weight,snow_influenced_mountain_partial_corr,snow_influenced_mountain_rank,edge_class,interpretation
regional_gravity_anomaly -- solar_radiation,solar_radiation,regional_gravity_anomaly,False,climate,geophysics,same_tier_undirected_association,arid_basin_or_range;semi_arid_transition;snow_influenced_mountain,3,1.0,0.6215522768300296,0.6807559387141274,0.5715522768300295,negative,True,False,0,8.666666666666666,8,same_tier_statistical_association,True,0.6807559387141274,-0.6307559387141274,9.0,True,0.632875607913068,-0.5828756079130679,8.0,True,0.5510252838628933,-0.5010252838628932,9.0,undirected_cross_environment_association,跨环境重复出现的无向统计关联，需要结合领域知识再解释方向。
regional_gravity_anomaly -- soil_moisture,soil_moisture,regional_gravity_anomaly,False,climate,geophysics,same_tier_undirected_association,arid_basin_or_range;semi_arid_transition;snow_influenced_mountain,3,1.0,0.33824331279229325,0.4497856765113039,0.28824331279229326,positive,True,False,0,33.0,17,same_tier_statistical_association,True,0.2926791778948163,0.2426791778948163,39.0,True,0.2722650839707595,0.22226508397075947,43.0,True,0.4497856765113039,0.3997856765113039,17.0,undirected_cross_environment_association,跨环境重复出现的无向统计关联，需要结合领域知识再解释方向。
felsic_intermediate_geology -- intrusive_geology,intrusive_geology,felsic_intermediate_geology,False,geology,geology,same_tier_undirected_association,arid_basin_or_range;semi_arid_transition;snow_influenced_mountain,3,1.0,0.9761625628728706,1.0,0.9355101413289478,positive,True,False,0,2.0,1,same_tier_statistical_association,True,0.9999991034776495,0.9499991034776495,2.0,True,1.0,0.9780427353682312,1.0,True,0.9284885851409627,0.8784885851409626,3.0,within_variable_family_edge,同类变量之间的稳定关联，主要用于理解变量簇结构，不直接解释为成矿因果。
terrain_roughness -- terrain_slope,terrain_roughness,terrain_slope,False,terrain,terrain,same_tier_undirected_association,arid_basin_or_range;semi_arid_transition;snow_influenced_mountain,3,1.0,0.9709201657679967,0.9846369176130695,0.9209201657679967,positive,True,False,0,2.6666666666666665,2,same_tier_statistical_association,True,0.9687712149268934,0.9187712149268934,3.0,True,0.9846369176130695,0.9346369176130694,3.0,True,0.959352364764027,0.9093523647640269,2.0,within_variable_family_edge,同类变量之间的稳定关联，主要用于理解变量簇结构，不直接解释为成矿因果。
aridity -- runoff,runoff,aridity,False,climate,climate,same_tier_undirected_association,arid_basin_or_range;semi_arid_transition;snow_influenced_mountain,3,1.0,0.7865194347901404,0.9480084877758617,0.7365194347901403,positive,True,False,0,7.666666666666667,4,same_tier_statistical_association,True,0.9217064608342463,0.8717064608342463,4.0,True,0.9480084877758617,0.8980084877758616,5.0,True,0.489843355760313,0.439843355760313,14.0,within_variable_family_edge,同类变量之间的稳定关联，主要用于理解变量簇结构，不直接解释为成矿因果。
gravity_gradient -- shallow_gravity_source_strength,shallow_gravity_source_strength,gravity_gradient,False,geophysics,geophysics,same_tier_undirected_association,arid_basin_or_range;semi_arid_transition;snow_influenced_mountain,3,1.0,0.7269347487958999,0.733124190792,0.6769347487959,positive,True,False,0,5.666666666666667,4,same_tier_statistical_association,True,0.733124190792,0.6831241907919999,7.0,True,0.7330273085458487,0.6830273085458487,6.0,True,0.7146527470498512,0.6646527470498511,4.0,within_variable_family_edge,同类变量之间的稳定关联，主要用于理解变量簇结构，不直接解释为成矿因果。
actual_evapotranspiration -- evapotranspiration_ratio,evapotranspiration_ratio,actual_evapotranspiration,False,climate,climate,same_tier_undirected_association,arid_basin_or_range;semi_arid_transition;snow_influenced_mountain,3,1.0,0.4514249218558353,0.5795895240089283,0.4014249218558353,positive,True,False,0,16.333333333333332,8,same_tier_statistical_association,True,0.3648406577574041,0.3148406577574041,22.0,True,0.40984458380117356,0.35984458380117357,19.0,True,0.5795895240089283,0.5295895240089282,8.0,within_variable_family_edge,同类变量之间的稳定关联，主要用于理解变量簇结构，不直接解释为成矿因果。
potential_evapotranspiration -- water_deficit,water_deficit,potential_evapotranspiration,False,climate,climate,same_tier_undirected_association,arid_basin_or_range;semi_arid_transition;snow_influenced_mountain,3,1.0,0.4210927371466447,0.5477613431369055,0.37109273714664476,positive,True,False,0,20.333333333333332,10,same_tier_statistical_association,True,0.3446833871933185,0.2946833871933185,26.0,True,0.3708334811097102,0.3208334811097102,25.0,True,0.5477613431369055,0.4977613431369055,10.0,within_variable_family_edge,同类变量之间的稳定关联，主要用于理解变量簇结构，不直接解释为成矿因果。
vapor_pressure -- vapor_pressure_deficit,vapor_pressure,vapor_pressure_deficit,False,climate,climate,same_tier_undirected_association,arid_basin_or_range;semi_arid_transition;snow_influenced_mountain,3,1.0,0.3863867619190083,0.3970288230979697,0.33638676191900824,negative,True,False,0,22.666666666666668,19,same_tier_statistical_association,True,0.38437207558479075,-0.33437207558479076,19.0,True,0.3970288230979697,-0.34702882309796973,21.0,True,0.3777593870742643,-0.32775938707426433,28.0,within_variable_family_edge,同类变量之间的稳定关联，主要用于理解变量簇结构，不直接解释为成矿因果。
Cu_anomaly -> Y_label,Cu_anomaly,Y_label,True,geochemistry,target,target_sink,arid_basin_or_range;semi_arid_transition,2,0.6666666666666666,0.38298992321659636,0.4901909144862953,0.2329899232165964,positive,True,True,2,28.0,11,candidate_direct_signal_to_porphyry_label,True,0.2757889319468974,0.12578893194689741,45.0,True,0.4901909144862953,0.34019091448629535,11.0,False,,,,mostly_stable_direct_signal_edge,在两个以上主要环境中指向 Y_label，可作为较稳定的直接候选信号。
regional_gravity_anomaly -- vapor_pressure,vapor_pressure,regional_gravity_anomaly,False,climate,geophysics,same_tier_undirected_association,arid_basin_or_range;semi_arid_transition,2,0.6666666666666666,0.41257747066831785,0.4160348177047308,0.3625774706683179,positive,True,False,0,16.5,16,same_tier_statistical_association,True,0.409120123631905,0.359120123631905,16.0,True,0.4160348177047308,0.3660348177047308,17.0,False,,,,undirected_cross_environment_association,跨环境重复出现的无向统计关联，需要结合领域知识再解释方向。
diurnal_temperature_range -- regional_gravity_anomaly,regional_gravity_anomaly,diurnal_temperature_range,False,geophysics,climate,same_tier_undirected_association,arid_basin_or_range;semi_arid_transition,2,0.6666666666666666,0.31120484788641745,0.33755226527396476,0.26120484788641746,negative,True,False,0,34.5,28,same_tier_statistical_association,True,0.28485743049887013,-0.23485743049887012,41.0,True,0.33755226527396476,-0.28755226527396477,28.0,False,,,,undirected_cross_environment_association,跨环境重复出现的无向统计关联，需要结合领域知识再解释方向。
fault_density -- wind_speed,fault_density,wind_speed,False,structure,climate,same_tier_undirected_association,semi_arid_transition;snow_influenced_mountain,2,0.6666666666666666,0.31077387610873847,0.34966180420394594,0.2607738761087385,negative,True,False,0,39.0,34,same_tier_statistical_association,False,,,,True,0.271885948013531,-0.221885948013531,44.0,True,0.34966180420394594,-0.29966180420394595,34.0,undirected_cross_environment_association,跨环境重复出现的无向统计关联，需要结合领域知识再解释方向。
aridity -- evapotranspiration_ratio,evapotranspiration_ratio,aridity,False,climate,climate,same_tier_undirected_association,arid_basin_or_range;semi_arid_transition,2,0.6666666666666666,0.9992403613780979,1.0,0.9648983357826724,positive,True,False,0,1.5,1,same_tier_statistical_association,True,1.0,0.9813159488091489,1.0,True,0.9984807227561958,0.9484807227561958,2.0,False,,,,within_variable_family_edge,同类变量之间的稳定关联，主要用于理解变量簇结构，不直接解释为成矿因果。
evapotranspiration_ratio -- runoff,runoff,evapotranspiration_ratio,False,climate,climate,same_tier_undirected_association,arid_basin_or_range;semi_arid_transition,2,0.6666666666666666,0.9453452179745048,0.9730582082402448,0.8953452179745047,negative,True,False,0,4.5,4,same_tier_statistical_association,True,0.9176322277087648,-0.8676322277087648,5.0,True,0.9730582082402448,-0.9230582082402448,4.0,False,,,,within_variable_family_edge,同类变量之间的稳定关联，主要用于理解变量簇结构，不直接解释为成矿因果。
vapor_pressure_deficit -- wind_speed,vapor_pressure_deficit,wind_speed,False,climate,climate,same_tier_undirected_association,arid_basin_or_range;semi_arid_transition,2,0.6666666666666666,0.7341321956278906,0.8611183114818087,0.6841321956278905,negative,True,False,0,7.5,6,same_tier_statistical_association,True,0.8611183114818087,-0.8111183114818087,6.0,True,0.6071460797739724,-0.5571460797739723,9.0,False,,,,within_variable_family_edge,同类变量之间的稳定关联，主要用于理解变量簇结构，不直接解释为成矿因果。
potential_evapotranspiration -- water_balance,water_balance,potential_evapotranspiration,False,climate,climate,same_tier_undirected_association,arid_basin_or_range;semi_arid_transition,2,0.6666666666666666,0.7008612246573642,0.7023257178760532,0.6508612246573642,negative,True,False,0,7.5,7,same_tier_statistical_association,True,0.7023257178760532,-0.6523257178760532,8.0,True,0.6993967314386752,-0.6493967314386752,7.0,False,,,,within_variable_family_edge,同类变量之间的稳定关联，主要用于理解变量簇结构，不直接解释为成矿因果。
vapor_pressure -- wind_speed,vapor_pressure,wind_speed,False,climate,climate,same_tier_undirected_association,arid_basin_or_range;semi_arid_transition,2,0.6666666666666666,0.5321064551014252,0.549785907128339,0.4821064551014251,negative,True,False,0,10.5,10,same_tier_statistical_association,True,0.5144270030745113,-0.46442700307451124,11.0,True,0.549785907128339,-0.4997859071283389,10.0,False,,,,within_variable_family_edge,同类变量之间的稳定关联，主要用于理解变量簇结构，不直接解释为成矿因果。
potential_evapotranspiration -- vapor_pressure,vapor_pressure,potential_evapotranspiration,False,climate,climate,same_tier_undirected_association,arid_basin_or_range;snow_influenced_mountain,2,0.6666666666666666,0.502074499794032,0.6633010095434135,0.45207449979403197,positive,True,False,0,16.0,5,same_tier_statistical_association,True,0.34084799004465044,0.29084799004465045,27.0,False,,,,True,0.6633010095434135,0.6133010095434135,5.0,within_variable_family_edge,同类变量之间的稳定关联，主要用于理解变量簇结构，不直接解释为成矿因果。
gravity_gradient -- shallow_gravity_source_proximity,shallow_gravity_source_proximity,gravity_gradient,False,geophysics,geophysics,same_tier_undirected_association,arid_basin_or_range;semi_arid_transition,2,0.6666666666666666,0.4695068821763514,0.5070896332228675,0.41950688217635135,positive,True,False,0,13.5,12,same_tier_statistical_association,True,0.5070896332228675,0.4570896332228675,12.0,True,0.43192413112983524,0.38192413112983525,15.0,False,,,,within_variable_family_edge,同类变量之间的稳定关联，主要用于理解变量簇结构，不直接解释为成矿因果。
actual_evapotranspiration -- precipitation,actual_evapotranspiration,precipitation,False,climate,climate,same_tier_undirected_association,arid_basin_or_range;semi_arid_transition,2,0.6666666666666666,0.45406047696657525,0.4983311875246925,0.40406047696657527,positive,True,False,0,16.5,13,same_tier_statistical_association,True,0.4983311875246925,0.44833118752469253,13.0,True,0.409789766408458,0.359789766408458,20.0,False,,,,within_variable_family_edge,同类变量之间的稳定关联，主要用于理解变量簇结构，不直接解释为成矿因果。
solar_radiation -- vapor_pressure,solar_radiation,vapor_pressure,False,climate,climate,same_tier_undirected_association,semi_arid_transition;snow_influenced_mountain,2,0.6666666666666666,0.4202283917648887,0.50700227727091,0.3702283917648887,negative,True,False,0,20.5,12,same_tier_statistical_association,False,,,,True,0.3334545062588674,-0.2834545062588674,29.0,True,0.50700227727091,-0.45700227727091,12.0,within_variable_family_edge,同类变量之间的稳定关联，主要用于理解变量簇结构，不直接解释为成矿因果。
As_Sb_Bi_pathfinder -- W_Re_pathfinder,As_Sb_Bi_pathfinder,W_Re_pathfinder,False,geochemistry,geochemistry,same_tier_undirected_association,semi_arid_transition;snow_influenced_mountain,2,0.6666666666666666,0.4147207691527193,0.4505653409375404,0.36472076915271934,positive,True,False,0,19.5,16,same_tier_statistical_association,False,,,,True,0.37887619736789824,0.32887619736789825,23.0,True,0.4505653409375404,0.4005653409375404,16.0,within_variable_family_edge,同类变量之间的稳定关联，主要用于理解变量簇结构，不直接解释为成矿因果。
carbonate_geology -- sedimentary_geology,sedimentary_geology,carbonate_geology,False,geology,geology,same_tier_undirected_association,arid_basin_or_range;snow_influenced_mountain,2,0.6666666666666666,0.40290376168376085,0.45591301615998964,0.35290376168376086,positive,True,False,0,23.5,14,same_tier_statistical_association,True,0.45591301615998964,0.40591301615998965,14.0,False,,,,True,0.34989450720753207,0.2998945072075321,33.0,within_variable_family_edge,同类变量之间的稳定关联，主要用于理解变量簇结构，不直接解释为成矿因果。
shallow_gravity_source_density -- shallow_gravity_source_proximity,shallow_gravity_source_density,shallow_gravity_source_proximity,False,geophysics,geophysics,same_tier_undirected_association,arid_basin_or_range;semi_arid_transition,2,0.6666666666666666,0.3971050357731275,0.4598617501154096,0.34710503577312757,positive,True,False,0,21.5,13,same_tier_statistical_association,True,0.3343483214308455,0.2843483214308455,30.0,True,0.4598617501154096,0.4098617501154096,13.0,False,,,,within_variable_family_edge,同类变量之间的稳定关联，主要用于理解变量簇结构，不直接解释为成矿因果。
Mo_anomaly -- W_Re_pathfinder,Mo_anomaly,W_Re_pathfinder,False,geochemistry,geochemistry,same_tier_undirected_association,arid_basin_or_range;semi_arid_transition,2,0.6666666666666666,0.3776235368002985,0.4443495890383375,0.32762353680029854,positive,True,False,0,23.0,14,same_tier_statistical_association,True,0.3108974845622595,0.26089748456225953,32.0,True,0.4443495890383375,0.3943495890383375,14.0,False,,,,within_variable_family_edge,同类变量之间的稳定关联，主要用于理解变量簇结构，不直接解释为成矿因果。
shallow_gravity_source_proximity -- shallow_gravity_source_strength,shallow_gravity_source_strength,shallow_gravity_source_proximity,False,geophysics,geophysics,same_tier_undirected_association,arid_basin_or_range;semi_arid_transition,2,0.6666666666666666,0.355593831931693,0.3596757874377884,0.30559383193169304,negative,True,False,0,24.5,23,same_tier_statistical_association,True,0.3596757874377884,-0.3096757874377884,23.0,True,0.35151187642559767,-0.3015118764255977,26.0,False,,,,within_variable_family_edge,同类变量之间的稳定关联，主要用于理解变量簇结构，不直接解释为成矿因果。
terrain_relief -- terrain_roughness,terrain_relief,terrain_roughness,False,terrain,terrain,same_tier_undirected_association,arid_basin_or_range;semi_arid_transition,2,0.6666666666666666,0.3343656571873507,0.3359323055923248,0.28436565718735063,positive,True,False,0,29.0,28,same_tier_statistical_association,True,0.3359323055923248,0.2859323055923248,28.0,True,0.3327990087823765,0.2827990087823765,30.0,False,,,,within_variable_family_edge,同类变量之间的稳定关联，主要用于理解变量簇结构，不直接解释为成矿因果。
actual_evapotranspiration -- water_deficit,actual_evapotranspiration,water_deficit,False,climate,climate,same_tier_undirected_association,arid_basin_or_range;snow_influenced_mountain,2,0.6666666666666666,0.3338755481675364,0.39041152016755304,0.2838755481675364,negative,True,False,0,35.0,27,same_tier_statistical_association,True,0.27733957616751975,-0.22733957616751976,43.0,False,,,,True,0.39041152016755304,-0.34041152016755305,27.0,within_variable_family_edge,同类变量之间的稳定关联，主要用于理解变量簇结构，不直接解释为成矿因果。
Ag_anomaly -- Pb_Zn_background,Pb_Zn_background,Ag_anomaly,False,geochemistry,geochemistry,same_tier_undirected_association,semi_arid_transition;snow_influenced_mountain,2,0.6666666666666666,0.33029240793768966,0.3698516532611642,0.2802924079376896,positive,True,False,0,34.0,30,same_tier_statistical_association,False,,,,True,0.29073316261421506,0.24073316261421507,38.0,True,0.3698516532611642,0.3198516532611642,30.0,within_variable_family_edge,同类变量之间的稳定关联，主要用于理解变量簇结构，不直接解释为成矿因果。
actual_evapotranspiration -- aridity,actual_evapotranspiration,aridity,False,climate,climate,same_tier_undirected_association,arid_basin_or_range;semi_arid_transition,2,0.6666666666666666,0.31816897275312983,0.33089249398976994,0.2681689727531299,negative,True,False,0,33.0,31,same_tier_statistical_association,True,0.33089249398976994,-0.28089249398976995,31.0,True,0.3054454515164898,-0.2554454515164898,35.0,False,,,,within_variable_family_edge,同类变量之间的稳定关联，主要用于理解变量簇结构，不直接解释为成矿因果。
potential_evapotranspiration -- precipitation,precipitation,potential_evapotranspiration,False,climate,climate,same_tier_undirected_association,semi_arid_transition;snow_influenced_mountain,2,0.6666666666666666,0.31494287308724134,0.35633851654020976,0.2649428730872413,positive,True,False,0,36.5,31,same_tier_statistical_association,False,,,,True,0.27354722963427286,0.22354722963427284,42.0,True,0.35633851654020976,0.30633851654020977,31.0,within_variable_family_edge,同类变量之间的稳定关联，主要用于理解变量簇结构，不直接解释为成矿因果。
Au_anomaly -- Mo_anomaly,Mo_anomaly,Au_anomaly,False,geochemistry,geochemistry,same_tier_undirected_association,arid_basin_or_range;semi_arid_transition,2,0.6666666666666666,0.2995180567201551,0.30582722815044766,0.2495180567201551,positive,True,False,0,36.0,36,same_tier_statistical_association,True,0.30582722815044766,0.25582722815044767,36.0,True,0.29320888528986255,0.24320888528986254,36.0,False,,,,within_variable_family_edge,同类变量之间的稳定关联，主要用于理解变量簇结构，不直接解释为成矿因果。
potential_evapotranspiration -- wind_speed,potential_evapotranspiration,wind_speed,False,climate,climate,same_tier_undirected_association,arid_basin_or_range;semi_arid_transition,2,0.6666666666666666,0.2979500570234058,0.3106417890149242,0.24795005702340583,positive,True,False,0,36.5,33,same_tier_statistical_association,True,0.3106417890149242,0.2606417890149242,33.0,True,0.28525832503188747,0.23525832503188748,40.0,False,,,,within_variable_family_edge,同类变量之间的稳定关联，主要用于理解变量簇结构，不直接解释为成矿因果。
actual_evapotranspiration -- vapor_pressure_deficit,actual_evapotranspiration,vapor_pressure_deficit,False,climate,climate,same_tier_undirected_association,arid_basin_or_range;semi_arid_transition,2,0.6666666666666666,0.2786153085447409,0.28596927240967435,0.22861530854474088,mixed,False,False,0,42.5,40,same_tier_statistical_association,True,0.28596927240967435,-0.23596927240967433,40.0,True,0.27126134467980745,0.22126134467980746,45.0,False,,,,within_variable_family_edge,同类变量之间的稳定关联，主要用于理解变量簇结构，不直接解释为成矿因果。
